municipality_code,municipality_name,matricule,borough_code,use_code,neighbourhood_unit,frontage_m,lot_area_m2,storeys,year_built,year_built_flag,floor_area_m2,physical_link,construction_type,dwelling_count,market_ref_date,land_value,building_value,total_value,prev_total_value
66112,Baie-D'Urfé,70299542244,,1000,0523,44.20,1952.60,2,1945,R,151.6,1,5,1,2024-07-01,1757300,82400,1839700,1687800
66112,Baie-D'Urfé,70299575202,,1000,0523,15.24,1025.30,2,1911,R,303.2,1,4,1,2024-07-01,1291900,1043400,2335300,2142500
66112,Baie-D'Urfé,71290515148,,1000,0523,,3973.90,2,1905,R,377.5,1,5,1,2024-07-01,2324700,646000,2970700,2725400
66112,Baie-D'Urfé,71290557058,,1000,0523,38.20,3713.40,2,2013,R,481.3,1,5,1,2024-07-01,1838100,1405300,3243400,2975600
66112,Baie-D'Urfé,71291512086,,1000,0523,33.71,4281.70,2,1904,R,593.8,1,4,1,2024-07-01,2813100,1239100,4052200,3717600
66112,Baie-D'Urfé,71290585075,,1000,0523,32.37,3716.80,2,1977,R,568.7,1,5,1,2024-07-01,2943700,1974200,4917900,4511800
66112,Baie-D'Urfé,70298586895,,1000,0520,44.95,2819.80,2,1945,R,558.4,1,5,1,2024-07-01,958700,1444400,2403100,2145600
66112,Baie-D'Urfé,71291657279,,1000,0520,30.48,1834.80,1,1944,R,219.2,1,4,1,2024-07-01,689900,261500,951400,849500
66112,Baie-D'Urfé,70299536857,,1000,0520,54.99,2813.90,2,1946,R,453.4,1,5,1,2024-07-01,1013000,1146700,2159700,1928300
66112,Baie-D'Urfé,71291614148,,1000,0520,51.25,2076.50,1,1951,R,133.7,1,1,1,2024-07-01,739200,239900,979100,874200
66112,Baie-D'Urfé,71290674044,,1000,0520,25.17,966.00,2,1948,R,257.7,1,5,1,2024-07-01,471400,613000,1084400,968200
66112,Baie-D'Urfé,71290531863,,1000,0520,23.28,893.00,1,1941,R,142.8,1,4,1,2024-07-01,446500,267700,714200,637700
66112,Baie-D'Urfé,71290666388,,1000,0518,42.85,1162.80,1,1953,R,151.3,1,1,1,2024-07-01,479700,267800,747500,725700
66112,Baie-D'Urfé,71291603513,,1000,0518,50.29,1916.10,1,1954,R,398.4,1,4,1,2024-07-01,682600,744700,1427300,1385700
66112,Baie-D'Urfé,71291646637,,1000,0518,30.48,1654.10,2,2023,R,425.8,1,5,1,2024-07-01,620300,1990800,2611100,2535000
66112,Baie-D'Urfé,71291789353,,1000,0518,30.48,1443.50,2,1955,R,328.9,1,2,1,2024-07-01,541300,557500,1098800,1066800
66112,Baie-D'Urfé,71291793652,,1000,0518,30.48,1392.80,2,1955,R,224.5,1,5,1,2024-07-01,522300,313200,835500,811200
66112,Baie-D'Urfé,71291796952,,1000,0518,30.78,1401.50,1,1954,R,182.2,1,1,1,2024-07-01,525600,293700,819300,795400
66112,Baie-D'Urfé,71292800282,,1000,0518,35.66,1692.80,1,1955,R,134.3,1,1,1,2024-07-01,596700,70500,667200,647800
66112,Baie-D'Urfé,71292807923,,1000,0518,45.72,1826.80,2,1914,R,258.9,1,4,1,2024-07-01,650800,773100,1423900,1382400
66112,Baie-D'Urfé,71292911279,,1000,0518,30.48,1366.80,1,1957,R,158.8,1,1,1,2024-07-01,512600,326500,839100,814700
66112,Baie-D'Urfé,71292915585,,1000,0518,30.48,1362.10,2,2010,R,380.1,1,5,1,2024-07-01,510800,1365800,1876600,1821900
66112,Baie-D'Urfé,71291948587,,1000,0518,45.72,2090.30,2,2006,R,368.8,1,5,1,2024-07-01,705500,1333900,2039400,1980000
66112,Baie-D'Urfé,71291945203,,1000,0518,30.48,1393.50,1,1954,R,158.1,1,4,1,2024-07-01,522600,159600,682200,662300
66112,Baie-D'Urfé,71291841907,,1000,0518,30.48,1393.50,1,1954,R,111.6,1,4,1,2024-07-01,522600,156700,679300,659500
66112,Baie-D'Urfé,71291838598,,1000,0518,30.48,1393.50,2,1956,R,242.4,1,2,1,2024-07-01,522600,520500,1043100,1012700
66112,Baie-D'Urfé,71291834290,,1000,0518,30.48,1393.50,1,1956,R,128.9,1,1,1,2024-07-01,522600,185900,708500,687900
66112,Baie-D'Urfé,71291730993,,1000,0518,30.48,1393.50,2,1958,R,154.4,1,5,1,2024-07-01,522600,281200,803800,780400
66112,Baie-D'Urfé,71291727684,,1000,0518,30.48,1393.50,1,1955,R,263.5,1,4,1,2024-07-01,522600,647100,1169700,1135600
66112,Baie-D'Urfé,71291713189,,1000,0518,77.10,2164.40,1,1953,R,269.2,1,4,1,2024-07-01,689900,185100,875000,849500
66112,Baie-D'Urfé,71290767046,,1000,0518,52.38,1685.80,2,1954,R,440.7,1,2,1,2024-07-01,632200,799800,1432000,1390300
66112,Baie-D'Urfé,71290792457,,1000,0518,30.48,2090.30,2,1950,R,197.3,1,5,1,2024-07-01,705500,225600,931100,904000
66112,Baie-D'Urfé,71290781732,,1000,0518,30.48,1393.50,2,1951,R,288.6,1,5,1,2024-07-01,522600,700200,1222800,1187200
66112,Baie-D'Urfé,71290885038,,1000,0518,30.48,1393.50,2,1922,R,265.0,1,5,1,2024-07-01,522600,280500,803100,779700
66112,Baie-D'Urfé,71290893792,,1000,0518,30.48,1393.50,2,1950,R,168.0,1,5,1,2024-07-01,522600,238400,761000,738800
66112,Baie-D'Urfé,71290997130,,1000,0518,38.10,1741.90,1,1913,R,169.7,1,4,1,2024-07-01,587900,122700,710600,689900
66112,Baie-D'Urfé,71291903590,,1000,0518,,2438.80,1,1947,R,178.6,1,4,1,2024-07-01,777400,184400,961800,933800
66112,Baie-D'Urfé,71300049690,,1000,0518,30.48,1393.50,2,1946,R,198.1,1,5,1,2024-07-01,522600,491100,1013700,984200
66112,Baie-D'Urfé,71300045383,,1000,0518,30.48,1393.50,1,1951,R,112.7,1,4,1,2024-07-01,522600,72700,595300,578000
66112,Baie-D'Urfé,71300042083,,1000,0518,30.48,1393.50,2,1948,R,219.2,1,5,1,2024-07-01,522600,267900,790500,767500
66112,Baie-D'Urfé,71290931170,,1000,0518,30.48,1393.50,2,1954,R,224.4,1,5,1,2024-07-01,522600,272100,794700,771600
66112,Baie-D'Urfé,71290828871,,1000,0518,30.48,1393.50,1,1951,R,161.9,1,4,1,2024-07-01,522600,297700,820300,796400
66112,Baie-D'Urfé,71290825562,,1000,0518,30.48,1393.50,2,1951,R,203.5,1,5,1,2024-07-01,522600,265700,788300,765300
66112,Baie-D'Urfé,71290821264,,1000,0518,30.48,1393.50,1,1954,R,354.0,1,5,1,2024-07-01,522600,1697100,2219700,2155000
66112,Baie-D'Urfé,71290716811,,1000,0518,30.48,1393.50,1,1948,R,170.5,1,4,1,2024-07-01,522600,300900,823500,799500
66112,Baie-D'Urfé,71290713503,,1000,0518,30.48,1393.50,1,1963,R,128.7,1,1,1,2024-07-01,522600,184200,706800,686200
66112,Baie-D'Urfé,71290710202,,1000,0518,30.48,1393.50,2,1965,R,297.1,1,5,1,2024-07-01,522600,720600,1243200,1207000
66112,Baie-D'Urfé,71290606863,,1000,0518,52.40,1458.60,1,1951,R,257.2,1,4,1,2024-07-01,547000,515200,1062200,1031300
66112,Baie-D'Urfé,70299663800,,1000,0518,73.33,1459.00,1,1954,R,247.5,1,4,1,2024-07-01,547100,381700,928800,901700
66112,Baie-D'Urfé,70299763105,,1000,0518,30.48,1494.40,2,1955,R,245.1,1,2,1,2024-07-01,560400,473600,1034000,1003900
66112,Baie-D'Urfé,70299765332,,1000,0518,15.24,696.80,1,1940,R,152.4,1,4,1,2024-07-01,326600,340800,667400,648000
66112,Baie-D'Urfé,70299768633,,1000,0518,45.72,2090.30,1,1937,R,212.7,1,4,1,2024-07-01,705500,235000,940500,913100
66112,Baie-D'Urfé,70299887029,,1000,0518,30.48,2090.30,2,1922,R,242.5,1,5,1,2024-07-01,705500,236100,941600,914200
66112,Baie-D'Urfé,70299875305,,1000,0518,27.43,1254.20,2,1950,R,270.5,1,5,1,2024-07-01,470300,492500,962800,934800
66112,Baie-D'Urfé,70299879570,,1000,0518,27.43,1254.20,1,1950,R,192.5,1,4,1,2024-07-01,470300,340900,811200,787600
66112,Baie-D'Urfé,70299884919,,1000,0518,32.00,1916.10,2,1950,R,354.3,1,5,1,2024-07-01,682600,606100,1288700,1251200
66112,Baie-D'Urfé,70299991649,,1000,0518,38.10,1741.90,2,1950,R,375.5,1,5,1,2024-07-01,633600,777000,1410600,1369500
66112,Baie-D'Urfé,70309095068,,1000,0518,45.72,2090.30,1,1950,R,247.5,1,4,1,2024-07-01,705500,375700,1081200,1049700
66112,Baie-D'Urfé,71300000446,,1000,0518,30.48,1393.50,2,1951,R,238.5,1,5,1,2024-07-01,522600,444900,967500,939300
66112,Baie-D'Urfé,70309040833,,1000,0518,65.84,2625.50,2,1915,R,494.9,1,5,1,2024-07-01,787700,902400,1690100,1640900
66112,Baie-D'Urfé,70309034281,,1000,0518,45.72,1850.60,1,1950,R,295.7,1,5,1,2024-07-01,659300,444300,1103600,1071500
66112,Baie-D'Urfé,70299930902,,1000,0518,30.48,1238.60,1,1952,R,126.8,1,1,1,2024-07-01,464500,202100,666600,647200
66112,Baie-D'Urfé,70299925522,,1000,0518,45.72,1863.90,1,1936,R,359.0,1,4,1,2024-07-01,664000,467100,1131100,1098200
66112,Baie-D'Urfé,70299820996,,1000,0518,30.48,1249.80,2,1945,R,184.1,1,5,1,2024-07-01,468700,365800,834500,810200
66112,Baie-D'Urfé,70299815616,,1000,0518,45.72,1879.10,1,1950,R,170.8,1,4,1,2024-07-01,669400,179600,849000,824300
66112,Baie-D'Urfé,70299810179,,1000,0518,42.67,1768.20,2,1950,R,255.0,1,5,1,2024-07-01,636600,313100,949700,922000
66112,Baie-D'Urfé,70299707847,,1000,0518,24.38,1008.10,2,1950,R,217.7,1,5,1,2024-07-01,378000,332800,710800,690100
66112,Baie-D'Urfé,70299704596,,1000,0518,24.38,1011.90,1,1950,R,171.1,1,4,1,2024-07-01,379500,274100,653600,634600
66112,Baie-D'Urfé,70299700321,,1000,0518,30.48,1270.40,2,1953,R,195.1,1,5,1,2024-07-01,476400,516000,992400,963500
66112,Baie-D'Urfé,70298694897,,1000,0518,42.20,2301.70,2,1913,R,277.6,1,4,1,2024-07-01,690500,211600,902100,875800
66112,Baie-D'Urfé,70299600414,,1000,0518,30.33,2722.10,2,1956,R,217.0,1,5,1,2024-07-01,765600,545500,1311100,1272900
66112,Baie-D'Urfé,70299644271,,1000,0518,31.21,1493.00,1,1965,R,287.8,1,4,1,2024-07-01,559900,583600,1143500,1110200
66112,Baie-D'Urfé,70299573991,,1000,0520,24.89,1746.30,2,1914,R,271.0,1,5,1,2024-07-01,628700,601300,1230000,1098200
66112,Baie-D'Urfé,71290605238,,1000,0518,40.96,1907.90,2,1948,R,343.2,1,5,1,2024-07-01,679700,652800,1332500,1293700
66112,Baie-D'Urfé,71290503821,,1000,0520,44.42,1507.10,1,1948,R,351.5,1,4,1,2024-07-01,602800,1047200,1650000,1220000
66112,Baie-D'Urfé,71302252763,,1000,0518,30.48,1426.10,1,1956,R,141.1,1,1,1,2024-07-01,534800,343000,877800,852200
66112,Baie-D'Urfé,71302356069,,1000,0518,30.48,1441.50,1,1956,R,187.1,1,1,1,2024-07-01,540600,327900,868500,843200
66112,Baie-D'Urfé,71302360368,,1000,0518,30.48,1457.00,1,1956,R,132.4,1,1,1,2024-07-01,546400,198800,745200,723500
66112,Baie-D'Urfé,71302363677,,1000,0518,30.48,1472.50,1,1956,R,100.7,1,1,1,2024-07-01,552200,128600,680800,661000
66112,Baie-D'Urfé,71302366977,,1000,0518,30.48,1487.90,1,1956,R,139.6,1,1,1,2024-07-01,558000,168900,726900,705700
66112,Baie-D'Urfé,71302471272,,1000,0518,30.48,1503.40,1,1956,R,132.9,1,1,1,2024-07-01,563800,183200,747000,725200
66112,Baie-D'Urfé,71302474581,,1000,0518,30.48,1496.20,1,1956,R,130.1,1,1,1,2024-07-01,561100,244100,805200,781700
66112,Baie-D'Urfé,71302481867,,1000,0518,59.94,1371.20,1,1956,R,141.4,1,1,1,2024-07-01,462800,355800,818600,794800
66112,Baie-D'Urfé,71302407516,,1000,0518,45.36,1468.70,1,1956,R,131.6,1,1,1,2024-07-01,550800,206800,757600,735500
66112,Baie-D'Urfé,71302402194,,1000,0518,31.30,1431.00,1,1956,R,250.2,1,1,1,2024-07-01,536600,506500,1043100,1012700
66112,Baie-D'Urfé,71301398880,,1000,0518,31.30,1431.00,1,1956,R,225.0,1,1,1,2024-07-01,536600,357100,893700,867700
66112,Baie-D'Urfé,71301394582,,1000,0518,30.48,1393.50,1,1956,R,92.9,1,1,1,2024-07-01,522600,140500,663100,643800
66112,Baie-D'Urfé,71301391273,,1000,0518,30.48,1393.50,1,1956,R,132.8,1,1,1,2024-07-01,522600,177100,699700,679300
66112,Baie-D'Urfé,71301287901,,1000,0518,44.50,2034.50,2,1961,R,252.6,1,2,1,2024-07-01,686600,428900,1115500,1083000
66112,Baie-D'Urfé,71301237583,,1000,0518,30.48,1393.50,2,1958,R,190.2,1,2,1,2024-07-01,522600,398600,921200,894400
66112,Baie-D'Urfé,71301233285,,1000,0518,30.48,1393.50,1,1958,R,168.5,1,4,1,2024-07-01,522600,322800,845400,820800
66112,Baie-D'Urfé,71301130978,,1000,0518,30.48,1393.50,2,1957,R,200.8,1,2,1,2024-07-01,522600,461400,984000,955300
66112,Baie-D'Urfé,71301127677,,1000,0518,30.48,1393.50,2,1957,R,264.6,1,2,1,2024-07-01,522600,553800,1076400,1045000
66112,Baie-D'Urfé,71301115300,,1000,0518,45.72,1393.50,1,1957,R,166.4,1,4,1,2024-07-01,522600,250300,772900,750400
66112,Baie-D'Urfé,71301145273,,1000,0518,30.48,1393.50,1,1957,R,168.8,1,1,1,2024-07-01,522600,267700,790300,767300
66112,Baie-D'Urfé,71301175239,,1000,0518,30.48,1393.50,2,1957,R,185.6,1,2,1,2024-07-01,522600,257300,779900,757200
66112,Baie-D'Urfé,71301172624,,1000,0518,30.48,1393.50,2,1957,R,207.9,1,2,1,2024-07-01,522600,400600,923200,896300
66112,Baie-D'Urfé,71301175924,,1000,0518,30.48,1393.50,2,1957,R,224.7,1,2,1,2024-07-01,522600,446600,969200,941000
66112,Baie-D'Urfé,71301279221,,1000,0518,30.48,1393.50,1,1956,R,196.9,1,4,1,2024-07-01,522600,456400,979000,950500
66112,Baie-D'Urfé,71301282530,,1000,0518,30.48,1393.50,2,1960,R,181.9,1,5,1,2024-07-01,522600,320800,843400,818800
66112,Baie-D'Urfé,71302135406,,1000,0518,31.32,1393.70,2,1962,R,221.3,1,2,1,2024-07-01,522600,379200,901800,875500
66112,Baie-D'Urfé,71302131090,,1000,0518,44.20,1394.50,2,1957,R,229.8,1,2,1,2024-07-01,522900,352100,875000,849500
66112,Baie-D'Urfé,71300151199,,1000,0518,30.63,1566.50,1,1971,R,208.4,1,1,1,2024-07-01,587400,1074000,1661400,1613000
66112,Baie-D'Urfé,71300155505,,1000,0518,30.48,1560.80,1,1974,R,245.9,1,4,1,2024-07-01,585300,411800,997100,968100
66112,Baie-D'Urfé,71300159804,,1000,0518,30.48,1551.50,2,1973,R,220.2,1,5,1,2024-07-01,581800,495000,1076800,1045400
66112,Baie-D'Urfé,71300262111,,1000,0518,30.48,1542.20,1,1973,R,177.5,1,1,1,2024-07-01,578300,385500,963800,935700
66112,Baie-D'Urfé,71300265411,,1000,0518,30.48,1532.90,1,1974,R,253.6,1,4,1,2024-07-01,574800,416300,991100,962200
66112,Baie-D'Urfé,71300270767,,1000,0518,40.84,2028.50,1,1974,R,274.3,1,1,1,2024-07-01,684600,759900,1444500,1402400
66112,Baie-D'Urfé,71300375111,,1000,0518,30.48,1488.90,1,1986,R,173.7,1,1,1,2024-07-01,558300,486700,1045000,1014600
66112,Baie-D'Urfé,71300378420,,1000,0518,30.48,1467.40,2,1991,R,209.6,1,5,1,2024-07-01,550300,425600,975900,947500
66112,Baie-D'Urfé,71300382729,,1000,0518,30.48,1446.00,2,1988,R,267.0,1,5,1,2024-07-01,542300,526700,1069000,1037900
66112,Baie-D'Urfé,71301454105,,1000,0518,30.48,1393.50,2,1986,R,209.1,1,5,1,2024-07-01,522600,436700,959300,931400
66112,Baie-D'Urfé,71301351798,,1000,0518,30.48,1393.50,2,1986,R,266.2,1,5,1,2024-07-01,522600,540400,1063000,1032000
66112,Baie-D'Urfé,71301347499,,1000,0518,30.48,1393.50,2,1986,R,248.1,1,5,1,2024-07-01,522600,583700,1106300,1074100
66112,Baie-D'Urfé,71301344181,,1000,0518,30.48,1393.50,1,1974,R,303.2,1,4,1,2024-07-01,522600,888000,1410600,1369500
66112,Baie-D'Urfé,71302248456,,1000,0518,30.48,1417.70,2,1974,R,243.9,1,5,1,2024-07-01,531600,547900,1079500,1048100
66112,Baie-D'Urfé,71300485027,,1000,0518,32.00,1393.50,2,1984,R,181.8,1,2,1,2024-07-01,522600,225800,748400,726600
66112,Baie-D'Urfé,71301240892,,1000,0518,30.48,1393.50,2,1986,R,188.7,1,5,1,2024-07-01,522600,430600,953200,925400
66112,Baie-D'Urfé,71301458411,,1000,0518,30.48,1393.50,2,1986,R,179.9,1,5,1,2024-07-01,522600,395100,917700,891000
66112,Baie-D'Urfé,71291691294,,1000,0520,29.42,1696.90,2,2018,R,448.2,1,5,1,2024-07-01,665200,2009600,2674800,2388200
66112,Baie-D'Urfé,71291459213,,1000,0523,,6950.10,2,1988,R,757.3,1,5,1,2024-07-01,4253500,1695500,5949000,5457800
66112,Baie-D'Urfé,71292502656,,1000,0520,45.78,1482.50,1,1962,R,251.8,1,4,1,2024-07-01,593000,635300,1228300,1096700
66112,Baie-D'Urfé,71291599281,,1000,0520,45.72,1458.00,2,1976,R,293.0,1,5,1,2024-07-01,583200,906600,1489800,1330200
66112,Baie-D'Urfé,71291493899,,1000,0520,33.77,1498.50,1,1962,R,290.1,1,4,1,2024-07-01,599400,915400,1514800,1352500
66112,Baie-D'Urfé,71291551670,,1000,0520,45.72,1393.60,2,1967,R,214.8,1,5,1,2024-07-01,557400,818100,1375500,1228100
66112,Baie-D'Urfé,71291548247,,1000,0520,45.72,1436.90,2,1962,R,397.4,1,5,1,2024-07-01,574800,1331700,1906500,1702200
66112,Baie-D'Urfé,71291440833,,1000,0520,36.76,1399.10,2,1963,R,268.4,1,2,1,2024-07-01,699600,935500,1635100,1459900
66112,Baie-D'Urfé,71292686269,,1000,0520,28.37,2854.40,2,1948,R,489.1,1,5,1,2024-07-01,856300,1150600,2006900,1791900
66112,Baie-D'Urfé,71293612090,,1000,0520,28.73,1904.50,2,1912,R,273.6,1,4,1,2024-07-01,632300,283700,916000,817900
66112,Baie-D'Urfé,71292628220,,1000,0520,47.31,3018.10,1,1949,R,283.8,1,4,1,2024-07-01,929600,741700,1671300,1492200
66112,Baie-D'Urfé,71292631703,,1000,0518,30.61,1493.80,2,1956,R,322.2,1,2,1,2024-07-01,560200,592700,1152900,1119300
66112,Baie-D'Urfé,71292634970,,1000,0518,30.10,1401.30,2,1955,R,160.5,1,5,1,2024-07-01,525500,287000,812500,788800
66112,Baie-D'Urfé,71293610912,,1000,0518,38.10,3169.20,2,1963,R,298.4,1,5,1,2024-07-01,891300,623900,1515200,1471100
66112,Baie-D'Urfé,71292736312,,1000,0518,30.48,1447.00,1,1954,R,112.6,1,1,1,2024-07-01,542600,131800,674400,654800
66112,Baie-D'Urfé,71292736619,,1000,0518,33.65,1337.60,1,1956,R,179.1,1,4,1,2024-07-01,501600,235500,737100,715600
66112,Baie-D'Urfé,71292744944,,1000,0518,35.72,1549.20,1,1954,R,128.0,1,1,1,2024-07-01,581000,174800,755800,733800
66112,Baie-D'Urfé,71292839314,,1000,0518,30.48,1374.30,2,1957,R,197.3,1,2,1,2024-07-01,515400,425000,940400,913000
66112,Baie-D'Urfé,71292868321,,1000,0518,30.48,1491.40,1,1954,R,156.1,1,1,1,2024-07-01,559300,181400,740700,719100
66112,Baie-D'Urfé,71292795458,,1000,0518,27.74,1509.70,1,1954,R,147.4,1,1,1,2024-07-01,566100,678900,1245000,972600
66112,Baie-D'Urfé,71293727542,,1000,0518,30.48,1566.90,2,1958,R,281.8,1,2,1,2024-07-01,587600,490200,1077800,1046400
66112,Baie-D'Urfé,71293765674,,1000,0518,31.61,2176.50,2,1953,R,218.1,1,2,1,2024-07-01,693800,231900,925700,898700
66112,Baie-D'Urfé,71293876026,,1000,0518,30.48,1586.50,1,1954,R,106.3,1,1,1,2024-07-01,594900,88300,683200,663300
66112,Baie-D'Urfé,71293862497,,1000,0518,36.58,1433.10,1,1954,R,145.0,1,1,1,2024-07-01,537400,202600,740000,718400
66112,Baie-D'Urfé,71293890480,,1000,0518,30.48,1542.70,1,1954,R,132.1,1,4,1,2024-07-01,578500,137100,715600,694800
66112,Baie-D'Urfé,71292944015,,1000,0518,31.39,1496.80,1,1954,R,118.4,1,1,1,2024-07-01,561300,163700,725000,703900
66112,Baie-D'Urfé,71292971034,,1000,0518,30.48,1453.20,1,1954,R,152.0,1,1,1,2024-07-01,545000,191000,736000,714600
66112,Baie-D'Urfé,71293901055,,1000,0518,29.87,1439.90,1,1954,R,124.9,1,1,1,2024-07-01,540000,201800,741800,720200
66112,Baie-D'Urfé,71293947132,,1000,0518,28.63,1359.10,2,1956,R,224.9,1,2,1,2024-07-01,509700,326200,835900,811600
66112,Baie-D'Urfé,71293976198,,1000,0518,30.48,1344.90,1,1954,R,146.5,1,1,1,2024-07-01,504300,323900,828200,804100
66112,Baie-D'Urfé,71294905295,,1000,0518,30.48,1393.50,1,1954,R,139.9,1,1,1,2024-07-01,522600,165700,688300,668300
66112,Baie-D'Urfé,71292969475,,1000,0518,34.75,2421.30,2,2019,R,499.8,1,5,1,2024-07-01,717300,2162400,2879700,2795800
66112,Baie-D'Urfé,71292968832,,1000,0518,34.75,2061.00,2,1953,R,241.0,1,5,1,2024-07-01,680100,815400,1495500,1451900
66112,Baie-D'Urfé,71302068177,,1000,0518,35.66,1639.70,1,1953,R,102.2,1,1,1,2024-07-01,614900,87600,702500,682000
66112,Baie-D'Urfé,71302071536,,1000,0518,34.75,1588.60,1,1954,R,126.0,1,1,1,2024-07-01,595700,176900,772600,750100
66112,Baie-D'Urfé,71302177051,,1000,0518,30.48,1393.50,2,1954,R,180.7,1,2,1,2024-07-01,522600,288800,811400,787800
66112,Baie-D'Urfé,71302180352,,1000,0518,30.48,1393.50,2,1953,R,237.4,1,5,1,2024-07-01,522600,448400,971000,942700
66112,Baie-D'Urfé,71303137070,,1000,0518,45.72,1532.90,1,1953,R,102.2,1,1,1,2024-07-01,574800,111800,686600,666600
66112,Baie-D'Urfé,71303171038,,1000,0518,33.53,1532.90,2,2011,R,380.3,1,5,1,2024-07-01,574800,1335600,1910400,1854800
66112,Baie-D'Urfé,71304006993,,1000,0518,36.00,1664.50,1,1953,R,103.4,1,1,1,2024-07-01,593000,103000,696000,675700
66112,Baie-D'Urfé,71304102388,,1000,0518,30.48,1595.60,1,1953,R,101.4,1,1,1,2024-07-01,598400,93100,691500,671400
66112,Baie-D'Urfé,71303150438,,1000,0518,29.18,1547.00,2,1956,R,201.8,1,2,1,2024-07-01,580100,252300,832400,808200
66112,Baie-D'Urfé,71303029426,,1000,0518,43.59,1394.90,2,1955,R,144.9,1,2,1,2024-07-01,523100,185400,708500,687900
66112,Baie-D'Urfé,71303061395,,1000,0518,32.00,1394.90,1,1953,R,143.3,1,1,1,2024-07-01,523100,208100,731200,709900
66112,Baie-D'Urfé,71303094396,,1000,0518,38.71,1393.50,1,1953,R,148.1,1,1,1,2024-07-01,522600,499400,1022000,992200
66112,Baie-D'Urfé,71303088026,,1000,0518,37.97,1545.50,1,1953,R,199.2,1,1,1,2024-07-01,579600,439100,1018700,989000
66112,Baie-D'Urfé,71293991668,,1000,0518,31.66,1568.70,1,1953,R,226.0,1,1,1,2024-07-01,588300,416200,1004500,975200
66112,Baie-D'Urfé,71293947520,,1000,0518,31.73,1481.00,2,1953,R,227.0,1,5,1,2024-07-01,555400,627900,1183300,1148800
66112,Baie-D'Urfé,71293943800,,1000,0518,31.09,1356.60,1,1953,R,217.7,1,4,1,2024-07-01,508700,413600,922300,895400
66112,Baie-D'Urfé,71303038054,,1000,0518,31.45,1451.30,1,1954,R,96.9,1,1,1,2024-07-01,544200,143400,687600,667600
66112,Baie-D'Urfé,71302183661,,1000,0518,30.49,1428.10,2,1955,R,198.2,1,1,1,2024-07-01,535500,337200,872700,847300
66112,Baie-D'Urfé,71302188975,,1000,0518,30.48,1393.50,2,1956,R,194.2,1,2,1,2024-07-01,522600,294600,817200,793400
66112,Baie-D'Urfé,71302292272,,1000,0518,30.48,1393.50,1,1954,R,183.3,1,1,1,2024-07-01,522600,230500,753100,731200
66112,Baie-D'Urfé,71302296570,,1000,0518,30.48,1393.50,1,1956,R,108.8,1,1,1,2024-07-01,522600,133300,655900,636800
66112,Baie-D'Urfé,71303200878,,1000,0518,30.48,1393.50,1,1955,R,96.2,1,1,1,2024-07-01,522600,163600,686200,666200
66112,Baie-D'Urfé,71303304183,,1000,0518,30.48,1393.50,1,1955,R,224.9,1,1,1,2024-07-01,522600,452800,975400,947000
66112,Baie-D'Urfé,71303308481,,1000,0518,30.48,1393.50,2,2022,R,256.1,1,5,1,2024-07-01,522600,993600,1516200,1472000
66112,Baie-D'Urfé,71303312780,,1000,0518,30.48,1393.50,1,1955,R,144.8,1,1,1,2024-07-01,522600,219000,741600,720000
66112,Baie-D'Urfé,71303154737,,1000,0518,30.48,1579.40,2,1954,R,360.7,1,2,1,2024-07-01,592300,1046200,1638500,1590800
66112,Baie-D'Urfé,71303259049,,1000,0518,30.48,1579.40,1,1954,R,124.4,1,1,1,2024-07-01,592300,134300,726600,705400
66112,Baie-D'Urfé,71303262340,,1000,0518,30.48,1579.40,1,1955,R,102.8,1,1,1,2024-07-01,592300,148700,741000,719400
66112,Baie-D'Urfé,71303267646,,1000,0518,30.48,1590.30,1,1956,R,134.4,1,1,1,2024-07-01,596400,145400,741800,720200
66112,Baie-D'Urfé,71303271945,,1000,0518,30.48,1610.80,1,1955,R,103.7,1,1,1,2024-07-01,604100,94900,699000,678600
66112,Baie-D'Urfé,71303375241,,1000,0518,30.48,1621.40,1,1964,R,154.4,1,1,1,2024-07-01,608000,209600,817600,793800
66112,Baie-D'Urfé,71303380555,,1000,0518,30.48,1592.40,1,1955,R,108.1,1,1,1,2024-07-01,597200,116900,714100,693300
66112,Baie-D'Urfé,71303373964,,1000,0518,42.67,1591.50,2,1956,R,176.8,1,2,1,2024-07-01,596800,184200,781000,758300
66112,Baie-D'Urfé,71304402028,,1000,0518,30.48,1571.10,2,1987,R,248.5,1,5,1,2024-07-01,589200,486300,1075500,1044200
66112,Baie-D'Urfé,71304106694,,1000,0518,30.48,1596.50,2,2012,R,362.8,1,5,1,2024-07-01,598700,1317100,1915800,1804500
66112,Baie-D'Urfé,71304110985,,1000,0518,30.48,1579.40,1,1955,R,231.9,1,5,1,2024-07-01,592300,455100,1047400,1016900
66112,Baie-D'Urfé,71304214290,,1000,0518,30.48,1560.80,1,1956,R,125.4,1,1,1,2024-07-01,585300,157200,742500,720900
66112,Baie-D'Urfé,71304218598,,1000,0518,30.48,1542.20,2,1975,R,245.8,1,5,1,2024-07-01,578300,460200,1038500,1008300
66112,Baie-D'Urfé,71304222897,,1000,0518,30.48,1523.60,1,1956,R,112.3,1,1,1,2024-07-01,571400,100200,671600,652000
66112,Baie-D'Urfé,71304326193,,1000,0518,30.48,1505.00,1,1955,R,169.7,1,1,1,2024-07-01,564400,389600,954000,926200
66112,Baie-D'Urfé,71304330500,,1000,0518,30.48,1486.40,1,1956,R,125.4,1,1,1,2024-07-01,557400,179700,737100,715600
66112,Baie-D'Urfé,71304437081,,1000,0518,30.48,1434.10,1,1957,R,130.7,1,1,1,2024-07-01,537800,173700,711500,690800
66112,Baie-D'Urfé,71304442388,,1000,0518,43.51,1537.10,1,1955,R,106.4,1,1,1,2024-07-01,547600,85000,632600,614200
66112,Baie-D'Urfé,71303426465,,1000,0518,9.50,1393.50,1,1955,R,101.4,1,1,1,2024-07-01,522600,191100,713700,692900
66112,Baie-D'Urfé,71303454608,,1000,0518,30.48,1393.50,1,1956,R,100.3,1,1,1,2024-07-01,522600,149000,671600,652000
66112,Baie-D'Urfé,71303481742,,1000,0518,31.61,1445.00,1,1956,R,139.8,1,1,1,2024-07-01,541900,261400,803300,779900
66112,Baie-D'Urfé,71304418842,,1000,0518,45.72,1393.50,1,1955,R,123.2,1,1,1,2024-07-01,522600,173500,696100,675800
66112,Baie-D'Urfé,71304504112,,1000,0518,30.48,1393.50,1,1956,R,96.0,1,1,1,2024-07-01,522600,114600,637200,618600
66107,Beaconsfield,73308654588,,1000,0533,38.10,949.80,1,1967,R,196.6,1,4,1,2024-07-01,555600,560900,1116500,1043500
66107,Beaconsfield,73309592829,,1000,0580,23.77,1126.20,2,2018,R,439.5,1,5,1,2024-07-01,1495000,2524100,4019100,3653700
66107,Beaconsfield,73308548657,,1000,0580,26.52,834.90,1,2008,R,363.0,1,4,1,2024-07-01,1408900,1435200,2844100,2585500
66107,Beaconsfield,73308661195,,1000,0572,29.26,1204.00,2,1988,R,337.8,1,5,1,2024-07-01,812700,1407100,2219800,2018000
66107,Beaconsfield,73308595799,,1000,0580,22.86,720.40,1,1960,R,171.9,1,1,1,2024-07-01,1215700,719100,1934800,1758900
66107,Beaconsfield,73308686267,,1000,0572,22.86,1045.20,,2013,R,405.3,1,5,1,2024-07-01,705500,1595000,2300500,2091400
66107,Beaconsfield,73309847330,,1000,0532,34.44,1265.10,2,1959,R,271.3,1,2,1,2024-07-01,570900,509100,1080000,1009300
66107,Beaconsfield,73309840715,,1000,0532,38.40,1299.30,1,1952,R,189.2,1,4,1,2024-07-01,617200,633800,1251000,1169200
66107,Beaconsfield,73309933072,,1000,0532,38.40,1299.10,1,1959,R,319.0,1,1,1,2024-07-01,617100,630800,1247900,1166300
66107,Beaconsfield,73309925425,,1000,0532,33.53,1134.30,1,1953,R,108.7,1,1,1,2024-07-01,538800,194700,733500,685500
66107,Beaconsfield,73309920749,,1000,0532,33.53,1134.30,1,1955,R,225.4,1,4,1,2024-07-01,538800,519900,1058700,989400
66107,Beaconsfield,73308853537,,1000,0532,38.10,1293.90,1,2008,R,393.7,1,4,1,2024-07-01,614600,1256900,1871500,1749100
66107,Beaconsfield,73308879979,,1000,0532,37.80,1278.70,1,1951,R,280.3,1,4,1,2024-07-01,607400,570300,1177700,1100700
66107,Beaconsfield,73308971339,,1000,0532,33.53,1134.30,1,1956,R,124.9,1,1,1,2024-07-01,538800,153900,692700,647400
66107,Beaconsfield,73308967659,,1000,0532,33.53,1134.30,1,2022,R,435.7,1,4,1,2024-07-01,538800,1996100,2534900,2369100
66107,Beaconsfield,73308933586,,1000,0532,33.53,1134.30,1,1952,R,201.0,1,4,1,2024-07-01,538800,303500,842300,787200
66107,Beaconsfield,73308939260,,1000,0532,33.53,1134.30,1,1952,R,325.6,1,4,1,2024-07-01,538800,842700,1381500,1291100
66107,Beaconsfield,73308846903,,1000,0532,37.80,1278.80,1,1952,R,191.8,1,1,1,2024-07-01,607400,229200,836600,781900
66107,Beaconsfield,73307981503,,1000,0532,37.19,1258.10,1,1952,R,111.8,1,1,1,2024-07-01,597600,200600,798200,746000
66107,Beaconsfield,73307987153,,1000,0532,33.53,1134.30,1,1952,R,246.4,1,1,1,2024-07-01,538800,629600,1168400,1092000
66107,Beaconsfield,73307892833,,1000,0532,33.53,1134.30,1,1952,R,159.3,1,1,1,2024-07-01,538800,571500,1110300,1037700
66107,Beaconsfield,73308800496,,1000,0532,33.53,1134.30,1,1952,R,109.8,1,1,1,2024-07-01,538800,288600,827400,773300
66107,Beaconsfield,73308806162,,1000,0532,33.53,1134.30,2,1952,R,412.8,1,5,1,2024-07-01,538800,944300,1483100,1386100
66107,Beaconsfield,73308711834,,1000,0532,33.53,1134.30,1,1952,R,230.5,1,1,1,2024-07-01,538800,737200,1276000,1192500
66107,Beaconsfield,73317062476,,1000,0532,33.53,1134.30,1,1956,R,256.2,1,4,1,2024-07-01,538800,525900,1064700,995000
66107,Beaconsfield,73317056791,,1000,0532,33.53,1134.30,1,1952,R,296.1,1,4,1,2024-07-01,538800,384600,923400,863000
66107,Beaconsfield,73308927919,,1000,0532,33.53,1134.30,1,1956,R,199.9,1,4,1,2024-07-01,538800,293700,832500,778000
66107,Beaconsfield,73318020259,,1000,0532,33.53,1134.30,2,1954,R,238.9,1,4,1,2024-07-01,538800,563200,1102000,1029900
66107,Beaconsfield,73318014575,,1000,0532,33.53,1134.30,1,1957,R,265.1,1,1,1,2024-07-01,538800,638800,1177600,1100600
66107,Beaconsfield,73318008890,,1000,0532,33.53,1134.30,2,1956,R,272.0,1,2,1,2024-07-01,538800,383800,922600,862200
66107,Beaconsfield,73318040976,,1000,0532,33.53,1134.30,1,1957,R,104.8,1,1,1,2024-07-01,538800,237700,776500,725700
66107,Beaconsfield,73318048573,,1000,0532,50.30,1701.60,2,1959,R,193.1,1,2,1,2024-07-01,727400,492300,1219700,1139900
66107,Beaconsfield,73318059067,,1000,0532,50.29,1701.60,1,1953,R,340.1,1,4,1,2024-07-01,727400,501500,1228900,1148500
66107,Beaconsfield,73319013097,,1000,0532,33.53,1134.30,1,1958,R,201.3,1,1,1,2024-07-01,538800,353600,892400,834000
66107,Beaconsfield,73319006414,,1000,0532,33.53,1134.30,1,1957,R,178.1,1,1,1,2024-07-01,538800,462100,1000900,935400
66107,Beaconsfield,73319000748,,1000,0532,33.53,1134.30,1,1953,R,268.3,1,4,1,2024-07-01,538800,512200,1051000,982200
66107,Beaconsfield,73318194070,,1000,0532,33.53,1134.30,1,1956,R,177.0,1,1,1,2024-07-01,538800,416300,955100,892600
66107,Beaconsfield,73317150123,,1000,0532,33.53,1134.30,1,1955,R,149.7,1,4,1,2024-07-01,538800,277400,816200,762800
66107,Beaconsfield,73318101232,,1000,0532,33.53,1134.30,1,1955,R,367.2,1,4,1,2024-07-01,538800,920600,1459400,1363900
66107,Beaconsfield,73318133300,,1000,0532,33.53,1134.30,1,1955,R,210.7,1,1,1,2024-07-01,538800,388800,927600,866900
66107,Beaconsfield,73318187405,,1000,0532,33.53,1134.30,1,1953,R,121.7,1,1,1,2024-07-01,538800,289300,828100,773900
66107,Beaconsfield,73307974847,,1000,0532,30.78,1041.30,2,1954,R,272.2,1,5,1,2024-07-01,494600,430100,924700,864200
66107,Beaconsfield,73317068143,,1000,0532,32.61,1103.20,2,1954,R,262.4,1,5,1,2024-07-01,524000,602700,1126700,1053000
66107,Beaconsfield,73317144456,,1000,0532,33.53,1134.30,2,2024,R,266.7,1,1,1,2024-07-01,538800,1365800,1904600,1780000
66107,Beaconsfield,73317136791,,1000,0532,33.53,1134.30,1,1956,R,222.3,1,1,1,2024-07-01,538800,311200,850000,1048500
66107,Beaconsfield,73317226287,,1000,0532,67.06,2268.70,1,1956,R,323.2,1,1,1,2024-07-01,916000,717100,1633100,1526300
66107,Beaconsfield,73317194568,,1000,0532,33.53,1134.30,1,1958,R,129.6,1,1,1,2024-07-01,538800,365500,904300,845100
66107,Beaconsfield,73317189881,,1000,0532,33.53,1134.30,1,1959,R,121.7,1,1,1,2024-07-01,538800,429300,968100,904800
66107,Beaconsfield,73317282223,,1000,0532,33.53,1134.30,2,1956,R,252.3,1,2,1,2024-07-01,538800,431400,970200,906700
66107,Beaconsfield,73317276548,,1000,0532,33.53,1134.30,2,1958,R,186.9,1,2,1,2024-07-01,538800,471200,1010000,833800
66107,Beaconsfield,73318129621,,1000,0532,33.53,1134.30,1,1963,R,233.6,1,1,1,2024-07-01,538800,535200,1074000,1003700
66107,Beaconsfield,73318122956,,1000,0532,34.14,1155.00,1,1957,R,292.1,1,4,1,2024-07-01,548600,553100,1101700,1029600
66107,Beaconsfield,73318215297,,1000,0532,32.92,1113.70,1,1957,R,157.0,1,1,1,2024-07-01,529000,474700,1003700,938000
66107,Beaconsfield,73318210611,,1000,0532,33.53,1134.30,2,1962,R,259.4,1,5,1,2024-07-01,538800,391800,930600,869700
66107,Beaconsfield,73318178891,,1000,0532,67.06,2268.70,1,1956,R,328.0,1,1,1,2024-07-01,786700,513300,1300000,1169100
66107,Beaconsfield,73318269385,,1000,0532,33.53,1134.30,1,1955,R,255.4,1,1,1,2024-07-01,538800,628700,1167500,1091100
66107,Beaconsfield,73318262729,,1000,0532,33.53,1134.30,2,1956,R,377.2,1,2,1,2024-07-01,538800,826300,1365100,1275800
66107,Beaconsfield,73317215959,,1000,0532,29.87,992.40,1,1957,R,164.1,1,1,1,2024-07-01,471400,509500,980900,916700
66107,Beaconsfield,73317309257,,1000,0532,30.48,1012.60,2,1957,R,202.4,1,2,1,2024-07-01,481000,337600,818600,765000
66107,Beaconsfield,73317303557,,1000,0532,30.48,1012.60,2,1957,R,192.9,1,2,1,2024-07-01,481000,560500,1041500,973400
66107,Beaconsfield,73316397857,,1000,0532,30.48,998.70,1,1959,R,139.7,1,1,1,2024-07-01,474400,444000,918400,858300
66107,Beaconsfield,73317364070,,1000,0532,30.48,1077.70,1,1957,R,221.4,1,1,1,2024-07-01,511900,380600,892500,834100
66107,Beaconsfield,73317395132,,1000,0532,30.48,1077.70,1,1956,R,185.0,1,1,1,2024-07-01,511900,548000,1059900,990600
66107,Beaconsfield,73318324198,,1000,0532,30.48,1077.70,1,1957,R,219.2,1,1,1,2024-07-01,511900,548900,1060800,991400
66107,Beaconsfield,73318354252,,1000,0532,30.18,1066.90,2,1957,R,201.1,1,2,1,2024-07-01,506800,404700,911500,851900
66107,Beaconsfield,73318347603,,1000,0532,30.18,1066.90,2,1957,R,212.8,1,2,1,2024-07-01,506800,493500,1000300,934900
66107,Beaconsfield,73318318547,,1000,0532,30.48,1077.70,2,1957,R,210.9,1,2,1,2024-07-01,511900,393300,905200,846000
66107,Beaconsfield,73317388483,,1000,0532,30.48,1077.70,2,1957,R,192.9,1,2,1,2024-07-01,511900,353600,865500,808900
66107,Beaconsfield,73317358429,,1000,0532,30.48,1077.70,2,1957,R,231.4,1,2,1,2024-07-01,511900,398500,910400,850800
66107,Beaconsfield,73317349956,,1000,0532,33.83,1031.20,2,1957,R,202.7,1,2,1,2024-07-01,489800,490300,980100,916000
66107,Beaconsfield,73317483011,,1000,0532,33.83,1031.20,2,1957,R,106.6,1,2,1,2024-07-01,489800,455000,944800,883000
66107,Beaconsfield,73318436117,,1000,0532,33.83,1031.20,2,1957,R,198.1,1,2,1,2024-07-01,489800,335200,825000,771000
66107,Beaconsfield,73309685391,,1000,0572,30.48,1565.60,2,2018,R,461.4,1,5,1,2024-07-01,1056800,1892700,2949500,2681400
66107,Beaconsfield,73317477294,,1000,0532,25.27,854.90,1,1958,R,108.3,1,1,1,2024-07-01,406100,298900,705000,590900
66107,Beaconsfield,73317444237,,1000,0532,26.82,907.50,1,1958,R,115.8,1,1,1,2024-07-01,431100,279000,710100,663600
66107,Beaconsfield,73316492138,,1000,0532,26.82,862.50,2,1958,R,164.0,1,2,1,2024-07-01,409700,315300,725000,644100
66107,Beaconsfield,73316487401,,1000,0532,26.82,865.80,1,1958,R,142.7,1,1,1,2024-07-01,411300,407300,818600,765000
66107,Beaconsfield,73317439500,,1000,0532,26.82,907.50,1,1959,R,115.9,1,1,1,2024-07-01,431100,305800,736900,688700
66107,Beaconsfield,73317472568,,1000,0532,28.42,961.60,1,1957,R,145.8,1,1,1,2024-07-01,456800,439200,896000,837400
66107,Beaconsfield,73318425664,,1000,0532,26.82,907.50,1,1958,R,115.9,1,1,1,2024-07-01,431100,241900,673000,629000
66107,Beaconsfield,73318420939,,1000,0532,26.82,907.50,1,1958,R,115.9,1,1,1,2024-07-01,431100,352100,783200,732000
66107,Beaconsfield,73317467824,,1000,0532,26.82,907.50,1,1958,R,159.8,1,1,1,2024-07-01,431100,424000,855100,799200
66107,Beaconsfield,73317434766,,1000,0532,26.82,907.50,1,1959,R,115.9,1,1,1,2024-07-01,431100,303300,734400,686400
66107,Beaconsfield,73316482667,,1000,0532,26.82,876.00,1,1959,R,116.8,1,1,1,2024-07-01,416100,299300,715400,668600
66107,Beaconsfield,73316477923,,1000,0532,26.82,881.30,1,1959,R,374.5,1,4,1,2024-07-01,418600,635400,1054000,985000
66107,Beaconsfield,73317528021,,1000,0532,26.82,907.50,1,1959,R,115.7,1,1,1,2024-07-01,431100,233700,664800,621300
66107,Beaconsfield,73317562095,,1000,0532,26.82,907.50,1,1958,R,115.9,1,1,1,2024-07-01,431100,276000,707100,660800
66107,Beaconsfield,73318515191,,1000,0532,26.82,907.50,1,1958,R,201.3,1,1,1,2024-07-01,431100,571000,1002100,936500
66107,Beaconsfield,73318509467,,1000,0532,26.82,907.50,1,1958,R,115.9,1,1,1,2024-07-01,431100,208700,639800,597900
66107,Beaconsfield,73317556352,,1000,0532,26.82,907.50,1,1958,R,115.9,1,1,1,2024-07-01,431100,360100,791200,739400
66107,Beaconsfield,73317523295,,1000,0532,26.82,907.50,1,1959,R,115.7,1,1,1,2024-07-01,431100,420200,851300,795600
66107,Beaconsfield,73316571196,,1000,0532,26.82,883.00,1,1959,R,115.9,1,1,1,2024-07-01,419400,313900,733300,685300
66107,Beaconsfield,73316566451,,1000,0532,26.82,881.30,1,1958,R,115.9,1,1,1,2024-07-01,418600,307200,725800,678300
66107,Beaconsfield,73317518568,,1000,0532,26.82,907.50,1,1959,R,115.9,1,1,1,2024-07-01,431100,266000,697100,651500
66107,Beaconsfield,73317551627,,1000,0532,26.82,907.50,1,1958,R,115.9,1,1,1,2024-07-01,431100,251600,682700,638000
66107,Beaconsfield,73318504724,,1000,0532,26.82,907.50,1,1958,R,115.9,1,1,1,2024-07-01,431100,309700,740800,692300
66107,Beaconsfield,73317599980,,1000,0532,26.82,907.50,2,1958,R,126.3,1,5,1,2024-07-01,431100,255300,686400,641500
66107,Beaconsfield,73317546882,,1000,0532,26.82,907.50,1,1958,R,115.9,1,1,1,2024-07-01,431100,288400,719500,672400
66107,Beaconsfield,73317513825,,1000,0532,26.82,907.50,2,1959,R,160.2,1,2,1,2024-07-01,431100,314200,745300,696500
66107,Beaconsfield,73316560736,,1000,0532,28.34,932.60,2,1958,R,153.4,1,2,1,2024-07-01,443000,330500,773500,722900
66107,Beaconsfield,73316656005,,1000,0532,26.82,847.50,1,1959,R,140.4,1,1,1,2024-07-01,402600,460400,863000,806500
66107,Beaconsfield,73317608070,,1000,0532,26.82,907.50,1,1959,R,113.8,1,1,1,2024-07-01,431100,267300,698400,652700
66107,Beaconsfield,73317641147,,1000,0532,26.82,907.50,1,1958,R,115.9,1,1,1,2024-07-01,431100,366200,797300,745100
66107,Beaconsfield,73317694278,,1000,0532,33.22,1123.80,1,1958,R,115.9,1,1,1,2024-07-01,533800,330200,864000,807500
66107,Beaconsfield,73317687603,,1000,0532,33.89,1103.00,1,1960,R,120.8,1,1,1,2024-07-01,523900,148900,672800,628800
66107,Beaconsfield,73317635446,,1000,0532,37.00,1207.60,2,1959,R,197.8,1,2,1,2024-07-01,573600,320000,893600,835100
66107,Beaconsfield,73317602362,,1000,0532,34.00,1111.10,1,1959,R,120.8,1,1,1,2024-07-01,448600,288700,737300,689100
66107,Beaconsfield,73316651253,,1000,0532,30.48,841.00,1,1959,R,120.8,1,1,1,2024-07-01,339600,336200,675800,631600
66107,Beaconsfield,73318430409,,1000,0532,26.82,907.50,1,1958,R,105.8,1,1,1,2024-07-01,431100,241700,672800,628800
66107,Beaconsfield,73317780226,,1000,0532,25.15,1193.30,1,1961,R,96.3,1,1,1,2024-07-01,306100,245600,551700,515600
66107,Beaconsfield,73317756150,,1000,0532,24.48,1193.60,1,1961,R,96.3,1,1,1,2024-07-01,306200,216100,522300,488100
66107,Beaconsfield,73317732094,,1000,0532,24.49,1194.00,1,1961,R,96.3,1,1,1,2024-07-01,306300,273400,579700,541800
66107,Beaconsfield,73317708029,,1000,0532,24.49,1194.40,1,1961,R,96.3,1,1,1,2024-07-01,306400,310000,616400,576100
66107,Beaconsfield,73316685954,,1000,0532,24.66,1202.40,1,1962,R,96.4,1,1,1,2024-07-01,308400,298700,607100,567400
66107,Beaconsfield,73316661880,,1000,0532,24.56,1197.80,1,1961,R,95.4,1,1,1,2024-07-01,307200,231100,538300,503100
66107,Beaconsfield,73316637815,,1000,0532,24.62,1193.80,1,1961,R,96.3,1,1,1,2024-07-01,306200,185000,491200,459100
66107,Beaconsfield,73309717251,,1000,0533,30.72,1107.10,1,1963,R,202.9,1,4,1,2024-07-01,719600,498600,1218200,1138500
66107,Beaconsfield,73309738489,,1000,0533,32.52,961.60,2,1965,R,258.5,1,2,1,2024-07-01,562500,474700,1037200,969300
66107,Beaconsfield,73309761697,,1000,0533,39.62,1002.80,1,1965,R,325.0,1,4,1,2024-07-01,586600,981000,1567600,1465000
66107,Beaconsfield,73309769336,,1000,0533,29.02,1040.90,2,1964,R,276.2,1,5,1,2024-07-01,676600,658700,1335300,1247900
66107,Beaconsfield,73309607700,,1000,0533,33.39,1002.90,2,1964,R,272.4,1,5,1,2024-07-01,651900,759600,1411500,1319200
66107,Beaconsfield,73309642749,,1000,0533,35.58,1113.40,2,1964,R,282.8,1,5,1,2024-07-01,723700,839400,1563100,1460800
66107,Beaconsfield,73309675806,,1000,0533,33.57,1057.80,2,1963,R,278.6,1,5,1,2024-07-01,687600,556500,1244100,1162700
66107,Beaconsfield,73309614318,,1000,0572,32.82,1521.90,2,1963,R,413.1,1,5,1,2024-07-01,1027300,905600,1932900,1757200
66107,Beaconsfield,73308678751,,1000,0533,62.29,1328.70,1,1973,R,238.4,1,4,1,2024-07-01,734100,520200,1254300,1172200
66107,Beaconsfield,73308734547,,1000,0532,44.11,2189.50,2,1952,R,284.3,1,5,1,2024-07-01,728000,644300,1372300,1282500
66107,Beaconsfield,73308721007,,1000,0532,30.11,1300.70,2,1973,R,290.7,1,5,1,2024-07-01,586900,761300,1348200,1260000
66107,Beaconsfield,73308741179,,1000,0532,30.11,1038.90,2,1974,R,212.8,1,5,1,2024-07-01,468800,542400,1011200,945000
66107,Beaconsfield,73308762373,,1000,0532,40.49,970.30,2,1986,R,240.9,1,5,1,2024-07-01,460900,641700,1102600,1030500
66107,Beaconsfield,73309526819,,1000,0580,,1195.20,2,2019,R,434.8,1,5,1,2024-07-01,1573200,2771800,4345000,3950000
66107,Beaconsfield,73309561832,,1000,0580,40.66,1542.10,2,1975,R,562.3,1,5,1,2024-07-01,2047100,2300000,4347100,3777700
66107,Beaconsfield,73309649371,,1000,0572,38.10,1779.80,2,1885,E,405.8,1,4,1,2024-07-01,1081200,246400,1327600,1206900
66107,Beaconsfield,74300587867,,1000,0580,,3277.90,2,1914,R,534.9,1,5,1,2024-07-01,2950100,2698400,5648500,5135000
66107,Beaconsfield,74301673021,,1000,0580,27.43,1840.50,2,1963,R,391.6,1,5,1,2024-07-01,2215500,1586000,3801500,3455900
66107,Beaconsfield,74301699158,,1000,0580,26.52,1764.70,2,1910,R,443.6,1,5,1,2024-07-01,2164000,1725900,3889900,3536300
66107,Beaconsfield,74302626200,,1000,0580,27.43,1756.60,2,2020,R,517.7,1,5,1,2024-07-01,2173800,3150300,5324100,4840100
66107,Beaconsfield,73309877485,,1000,0532,35.14,1341.20,1,1953,R,164.4,1,1,1,2024-07-01,605200,387100,992300,927400
66107,Beaconsfield,73309872791,,1000,0532,25.42,852.30,1,1953,R,180.6,1,1,1,2024-07-01,404800,439600,844400,789200
66107,Beaconsfield,73309968045,,1000,0532,25.42,852.30,1,1952,R,133.9,1,1,1,2024-07-01,404800,301600,706400,660200
66107,Beaconsfield,73309961313,,1000,0532,25.42,852.30,1,1953,R,120.9,1,1,1,2024-07-01,404800,250000,654800,612000
66107,Beaconsfield,73309958541,,1000,0532,25.42,852.30,1,1955,R,197.5,1,1,1,2024-07-01,404800,501000,905800,846500
66107,Beaconsfield,73309952809,,1000,0532,25.42,852.30,1,1953,R,188.8,1,1,1,2024-07-01,404800,406800,811600,758500
66107,Beaconsfield,73319047061,,1000,0532,25.42,852.30,1,1954,R,176.0,1,1,1,2024-07-01,404800,425600,830400,776100
66107,Beaconsfield,73319042310,,1000,0532,25.42,852.30,1,1955,R,185.2,1,1,1,2024-07-01,404800,423300,828100,773900
66107,Beaconsfield,73319036569,,1000,0532,28.72,914.00,2,1955,R,232.8,1,2,1,2024-07-01,434200,324600,758800,709200
66107,Beaconsfield,73319032832,,1000,0532,28.56,870.50,2,1955,R,198.9,1,2,1,2024-07-01,413500,437200,850700,795000
66107,Beaconsfield,74300925182,,1000,0532,30.48,1300.60,1,1953,R,171.6,1,1,1,2024-07-01,556000,346300,902300,843300
66107,Beaconsfield,74300900995,,1000,0532,32.61,859.90,1,1954,R,150.9,1,1,1,2024-07-01,408500,449100,857600,801500
66107,Beaconsfield,73319126121,,1000,0532,28.56,870.50,2,1955,R,200.9,1,2,1,2024-07-01,413500,358700,772200,721700
66107,Beaconsfield,73319121403,,1000,0532,28.56,870.50,2,1956,R,199.5,1,2,1,2024-07-01,413500,373400,786900,735400
66107,Beaconsfield,73319115694,,1000,0532,28.56,870.50,2,1956,R,195.6,1,2,1,2024-07-01,413500,372800,786300,734900
66107,Beaconsfield,73319110950,,1000,0532,28.56,870.50,2,1956,R,199.1,1,2,1,2024-07-01,413500,370400,783900,732600
66107,Beaconsfield,73319203250,,1000,0532,28.56,870.50,2,1956,R,197.5,1,2,1,2024-07-01,413500,402100,815600,762200
66107,Beaconsfield,73318299523,,1000,0532,28.56,870.50,2,1956,R,196.1,1,2,1,2024-07-01,413500,374600,788100,736500
66107,Beaconsfield,73318292817,,1000,0532,28.65,873.30,2,1955,R,196.3,1,2,1,2024-07-01,414800,354500,769300,719000
66107,Beaconsfield,73319244874,,1000,0532,33.16,975.40,2,1956,R,241.7,1,2,1,2024-07-01,463300,490000,953300,890900
66107,Beaconsfield,73319250541,,1000,0532,33.16,975.40,1,1956,R,167.5,1,1,1,2024-07-01,463300,411700,875000,817800
66107,Beaconsfield,73319261019,,1000,0532,33.22,977.20,2,1956,R,196.9,1,2,1,2024-07-01,464200,459900,924100,863600
66107,Beaconsfield,73319166689,,1000,0532,33.22,977.20,2,1955,R,197.6,1,2,1,2024-07-01,464200,313300,777500,726600
66107,Beaconsfield,73319177165,,1000,0532,30.78,905.20,2,1956,R,203.3,1,2,1,2024-07-01,430000,440700,870700,813700
66107,Beaconsfield,73319083843,,1000,0532,30.90,899.10,2,1956,R,200.9,1,2,1,2024-07-01,427100,354400,781500,730400
66107,Beaconsfield,73319095318,,1000,0532,33.22,977.20,2,1955,R,210.3,1,2,1,2024-07-01,464200,428200,892400,834000
66107,Beaconsfield,74300911471,,1000,0532,32.61,859.90,2,1955,R,203.9,1,2,1,2024-07-01,408500,492900,901400,842400
66107,Beaconsfield,73318382303,,1000,0532,27.22,962.40,2,1956,R,196.8,1,2,1,2024-07-01,457100,538100,995200,930100
66107,Beaconsfield,73319309354,,1000,0532,27.13,959.10,2,1956,R,200.8,1,2,1,2024-07-01,455600,429100,884700,826800
66107,Beaconsfield,73319336407,,1000,0532,35.36,959.10,2,1956,R,205.2,1,2,1,2024-07-01,455600,428400,884000,826200
66107,Beaconsfield,73319316730,,1000,0532,35.36,1918.30,2,1956,R,325.2,1,2,1,2024-07-01,774500,525600,1300100,1300100
66107,Beaconsfield,73318376651,,1000,0532,27.22,962.40,2,1957,R,201.4,1,2,1,2024-07-01,457100,431200,888300,830200
66107,Beaconsfield,73318468177,,1000,0532,28.62,872.40,2,1957,R,201.3,1,2,1,2024-07-01,414400,410900,825300,771300
66107,Beaconsfield,73318462451,,1000,0532,28.62,872.40,2,1957,R,203.5,1,2,1,2024-07-01,414400,219700,634100,592600
66107,Beaconsfield,73318457733,,1000,0532,28.62,872.40,2,1957,R,221.5,1,2,1,2024-07-01,414400,816600,1231000,1150500
66107,Beaconsfield,73318551014,,1000,0532,28.62,872.40,2,1959,R,174.4,1,2,1,2024-07-01,414400,408000,822400,768600
66107,Beaconsfield,73318546295,,1000,0532,28.62,872.40,2,1960,R,183.9,1,2,1,2024-07-01,414400,370800,785200,733800
66107,Beaconsfield,73318540587,,1000,0532,28.62,872.40,2,1956,R,214.1,1,2,1,2024-07-01,414400,440700,855100,799200
66107,Beaconsfield,73318535868,,1000,0532,28.19,859.40,1,1961,R,195.2,1,4,1,2024-07-01,408200,599500,1007700,941800
66107,Beaconsfield,73318630131,,1000,0532,28.19,859.40,2,1961,R,167.9,1,2,1,2024-07-01,408200,345100,753300,704000
66107,Beaconsfield,73318624407,,1000,0532,28.19,859.40,2,1961,R,179.5,1,2,1,2024-07-01,408200,503700,911900,852200
66107,Beaconsfield,73319383516,,1000,0532,39.32,1186.70,2,1956,R,283.0,1,2,1,2024-07-01,563700,642000,1205700,1126800
66107,Beaconsfield,73319272925,,1000,0532,28.35,940.00,2,1956,R,253.2,1,2,1,2024-07-01,446500,510900,957400,894800
66107,Beaconsfield,73319299969,,1000,0532,27.43,909.70,2,1956,R,206.8,1,2,1,2024-07-01,432100,359000,791100,739300
66107,Beaconsfield,74310326025,,1000,0532,27.43,909.70,2,1957,R,213.1,1,2,1,2024-07-01,432100,407900,840000,702300
66107,Beaconsfield,74310353078,,1000,0532,27.43,909.70,2,1957,R,211.0,1,2,1,2024-07-01,432100,423000,855100,799200
66107,Beaconsfield,74310380121,,1000,0532,27.38,909.10,2,1957,R,212.7,1,2,1,2024-07-01,431800,480300,912100,852400
66107,Beaconsfield,74310369686,,1000,0532,29.87,1174.50,2,1958,R,229.2,1,2,1,2024-07-01,557900,534600,1092500,1021000
66107,Beaconsfield,74310340638,,1000,0532,29.26,1150.50,2,2014,R,280.0,1,5,1,2024-07-01,546500,832900,1379400,1289200
66107,Beaconsfield,74310312579,,1000,0532,28.04,1102.50,2,1958,R,223.1,1,2,1,2024-07-01,523700,555300,1079000,1008400
66107,Beaconsfield,73319416274,,1000,0532,31.70,869.60,2,1956,R,214.9,1,2,1,2024-07-01,413100,427500,840600,785600
66107,Beaconsfield,73319409592,,1000,0532,31.70,869.60,2,1957,R,216.1,1,5,1,2024-07-01,413100,451900,865000,808400
66107,Beaconsfield,73319504087,,1000,0532,27.43,961.50,2,1958,R,232.8,1,2,1,2024-07-01,456700,469100,925800,865200
66107,Beaconsfield,73318598361,,1000,0532,30.48,1068.40,1,1960,R,244.6,1,4,1,2024-07-01,507500,507200,1014700,948300
66107,Beaconsfield,73318592679,,1000,0532,30.48,1068.40,1,1960,R,200.2,1,1,1,2024-07-01,507500,466600,974100,910400
66107,Beaconsfield,73318587950,,1000,0532,27.43,961.50,1,1961,R,203.6,1,4,1,2024-07-01,456700,455400,912100,852400
66107,Beaconsfield,73318681217,,1000,0532,27.43,956.80,2,1961,R,231.4,1,5,1,2024-07-01,454500,654600,1109100,1036500
66107,Beaconsfield,74300829806,,1000,0532,54.86,1907.80,2,1957,R,286.4,1,2,1,2024-07-01,770300,1248300,2018600,1886500
66107,Beaconsfield,74301912254,,1000,0532,56.02,2806.10,2,1956,R,321.8,1,2,1,2024-07-01,933000,797900,1730900,1617700
66107,Beaconsfield,73319377872,,1000,0532,31.39,956.80,2,1957,R,256.3,1,2,1,2024-07-01,454500,651500,1106000,1033600
66107,Beaconsfield,73319445331,,1000,0532,33.53,1069.90,1,1960,R,278.0,1,4,1,2024-07-01,508200,579200,1087400,1016300
66107,Beaconsfield,74300616427,,1000,0572,34.75,1625.30,2,1919,R,440.3,1,5,1,2024-07-01,1097100,1537600,2634700,2395200
66107,Beaconsfield,74300648438,,1000,0572,30.48,1254.30,2,1957,R,398.6,1,5,1,2024-07-01,846700,1193800,2040500,1855000
66107,Beaconsfield,74300640856,,1000,0533,44.50,1337.80,2,1957,R,473.2,1,5,1,2024-07-01,739100,1565900,2305000,2154200
66058,Côte-Saint-Luc,92355824837,,1000,3709,59.03,8102.00,15,1966,R,27015.3,,,280,2024-07-01,13611400,45979300,59590700,54173400
66058,Côte-Saint-Luc,92353941419,,1000,0857,13.72,354.05,2,1958,R,198.6,2,5,2,2024-07-01,336300,434300,770600,700500
66058,Côte-Saint-Luc,92353929471,,1000,0857,13.72,354.05,2,1958,R,198.6,2,5,2,2024-07-01,336300,426600,762900,693500
66058,Côte-Saint-Luc,92353917542,,1000,0857,13.72,354.05,2,1958,R,198.6,2,5,2,2024-07-01,336300,381000,717300,652100
66058,Côte-Saint-Luc,92353903609,,1000,0857,16.76,380.25,2,1956,R,198.6,2,5,2,2024-07-01,325100,457300,782400,711300
66058,Côte-Saint-Luc,92352979295,,1000,0857,15.24,422.71,2,1958,R,204.5,2,5,2,2024-07-01,361400,462400,823800,748900
66058,Côte-Saint-Luc,92352994229,,1000,0857,15.24,376.44,2,1958,R,204.5,2,5,2,2024-07-01,357600,368300,725900,659900
66058,Côte-Saint-Luc,92353908145,,1000,0857,15.24,377.84,2,1956,R,214.5,1,5,2,2024-07-01,358900,394500,753400,684900
66058,Côte-Saint-Luc,92353921072,,1000,0857,15.24,379.23,2,1956,R,214.0,1,5,2,2024-07-01,360300,384200,744500,676800
66058,Côte-Saint-Luc,92353834994,,1000,0857,15.24,380.62,2,1956,R,214.0,2,5,2,2024-07-01,361600,501800,863400,784900
66058,Côte-Saint-Luc,92353848929,,1000,0857,15.24,382.02,2,1956,R,214.0,2,5,3,2024-07-01,362900,387000,749900,681700
66058,Côte-Saint-Luc,92353861849,,1000,0857,15.24,383.41,2,1954,R,266.5,2,5,2,2024-07-01,364200,408700,772900,702600
66058,Côte-Saint-Luc,92353875773,,1000,0857,15.24,384.80,2,1956,R,298.7,2,5,2,2024-07-01,365600,528600,894200,812900
66058,Côte-Saint-Luc,92353888693,,1000,0857,15.24,386.20,2,1956,R,214.5,2,5,2,2024-07-01,366900,471000,837900,761700
66058,Côte-Saint-Luc,92354801620,,1000,0857,15.24,387.59,2,1956,R,214.5,2,5,2,2024-07-01,368200,412300,780500,709500
66058,Côte-Saint-Luc,92354815554,,1000,0857,15.24,388.99,2,1956,R,214.6,2,5,2,2024-07-01,369500,404100,773600,703300
66058,Côte-Saint-Luc,92354828474,,1000,0857,15.24,390.38,2,1954,R,214.0,2,5,2,2024-07-01,370900,443700,814600,740500
66058,Côte-Saint-Luc,92354866227,,1000,3709,39.98,1279.31,8,1964,R,3412.3,,,44,2024-07-01,1432800,6817200,8250000,4610000
66058,Côte-Saint-Luc,91377923452,,1000,0855,19.81,573.80,2,1988,R,398.8,1,5,1,2024-07-01,688600,1508900,2197500,2053700
66058,Côte-Saint-Luc,91377933618,,1000,0855,18.29,529.80,2,1985,R,271.2,1,5,1,2024-07-01,635800,780100,1415900,1323300
66058,Côte-Saint-Luc,91377943773,,1000,0855,19.81,574.10,2,1984,R,311.1,1,5,1,2024-07-01,688900,1315000,2003900,1872800
66058,Côte-Saint-Luc,91376995964,,1000,0855,18.29,577.80,2,1988,R,380.2,1,5,1,2024-07-01,693400,1572200,2265600,2117400
66058,Côte-Saint-Luc,91387005118,,1000,0855,18.29,577.80,2,1985,R,343.3,1,5,1,2024-07-01,693400,1461800,2155200,2014200
66058,Côte-Saint-Luc,91387025496,,1000,0855,12.50,2038.40,2,1983,R,336.2,1,5,1,2024-07-01,1247500,1847000,3094500,2892100
66058,Côte-Saint-Luc,91376825849,,1000,0855,18.29,578.40,2,1987,R,389.5,1,5,1,2024-07-01,694100,1559900,2254000,2106500
66058,Côte-Saint-Luc,91376816707,,1000,0855,13.72,433.60,2,1987,R,236.3,2,5,1,2024-07-01,520300,791800,1312100,1226300
66058,Côte-Saint-Luc,91376809595,,1000,0855,13.72,433.50,2,1987,R,238.0,2,5,1,2024-07-01,520200,827500,1347700,1259500
66058,Côte-Saint-Luc,93373176903,,1000,0850,37.22,675.10,2,1963,R,291.4,1,5,1,2024-07-01,594100,955500,1549600,1383600
66058,Côte-Saint-Luc,93373163752,,1000,0850,18.29,513.90,2,1963,R,315.0,1,5,1,2024-07-01,565300,1167800,1733100,1414900
66058,Côte-Saint-Luc,93373153571,,1000,0850,19.81,513.30,2,1955,R,323.0,1,5,1,2024-07-01,564600,1349300,1913900,1708800
66058,Côte-Saint-Luc,93373141410,,1000,0850,,556.90,2,1955,R,254.4,1,5,1,2024-07-01,612600,775000,1387600,1238900
66058,Côte-Saint-Luc,93371270476,,1000,0850,21.18,486.90,2,2012,R,318.8,1,5,1,2024-07-01,535600,1791400,2327000,2077700
66058,Côte-Saint-Luc,93371253571,,1000,0850,18.36,422.30,2,1955,R,214.9,2,2,1,2024-07-01,464500,698300,1162800,1038200
66058,Côte-Saint-Luc,93371237681,,1000,0850,18.36,422.50,2,1955,R,214.9,2,2,1,2024-07-01,464800,827700,1292500,1154000
66058,Côte-Saint-Luc,93371221784,,1000,0850,19.66,452.40,2,1955,R,193.8,1,2,1,2024-07-01,497600,654000,1151600,1028200
66058,Côte-Saint-Luc,93371204889,,1000,0850,19.66,452.50,2,1955,R,212.7,1,2,1,2024-07-01,497800,699300,1197100,1068800
66058,Côte-Saint-Luc,93370288982,,1000,0850,18.36,422.90,2,1955,R,208.5,2,2,1,2024-07-01,465200,597000,1062200,948400
66058,Côte-Saint-Luc,93370373081,,1000,0850,18.36,423.00,2,1955,R,211.1,2,2,1,2024-07-01,465300,611200,1076500,961200
66058,Côte-Saint-Luc,93370357183,,1000,0850,19.66,452.90,2,1958,R,238.5,1,2,1,2024-07-01,498200,622200,1120400,1000400
66058,Côte-Saint-Luc,93370340288,,1000,0850,19.66,453.10,2,1955,R,216.4,1,2,1,2024-07-01,498400,715800,1214200,1084100
66058,Côte-Saint-Luc,93370322401,,1000,0850,24.38,562.20,2,1955,R,220.9,1,2,1,2024-07-01,618400,992000,1610400,1437900
66058,Côte-Saint-Luc,93370302536,,1000,0850,22.25,513.20,2,1955,R,215.5,1,2,1,2024-07-01,564500,689900,1254400,1120000
66058,Côte-Saint-Luc,92379386631,,1000,0850,17.07,393.80,2,1964,R,148.5,2,2,1,2024-07-01,433200,672200,1105400,987000
66058,Côte-Saint-Luc,92379371724,,1000,0850,17.62,406.60,2,1955,R,215.8,2,2,1,2024-07-01,447300,744700,1192000,1064300
66058,Côte-Saint-Luc,92379356816,,1000,0850,17.62,406.70,2,1955,R,217.1,2,2,1,2024-07-01,447400,742300,1189700,1062200
66058,Côte-Saint-Luc,92379341917,,1000,0850,15.88,368.90,2,1955,R,217.1,2,2,1,2024-07-01,405800,831600,1237400,1104800
66058,Côte-Saint-Luc,92379426015,,1000,0850,19.51,449.20,2,1955,R,215.5,1,2,1,2024-07-01,444700,619400,1064100,950100
66058,Côte-Saint-Luc,92378492224,,1000,0850,20.88,483.50,2,1955,R,218.1,1,2,1,2024-07-01,478700,729400,1208100,1078700
66058,Côte-Saint-Luc,92378475336,,1000,0850,19.66,454.40,2,1955,R,218.1,1,2,1,2024-07-01,499800,612900,1112700,993500
66058,Côte-Saint-Luc,92378459439,,1000,0850,19.81,458.00,2,1955,R,219.0,1,2,1,2024-07-01,503800,732600,1236400,1103900
66058,Côte-Saint-Luc,92378442534,,1000,0850,19.81,458.10,2,1955,R,219.0,1,2,1,2024-07-01,503900,761700,1265600,1130000
66058,Côte-Saint-Luc,92378426644,,1000,0850,19.81,458.30,2,1955,R,218.1,1,2,1,2024-07-01,504100,691700,1195800,1067700
66058,Côte-Saint-Luc,92378409749,,1000,0850,18.29,423.10,2,1955,R,264.3,1,2,1,2024-07-01,465400,1121900,1587300,1417200
66058,Côte-Saint-Luc,92377495830,,1000,0850,17.22,398.60,2,1956,R,194.8,1,2,1,2024-07-01,438500,651800,1090300,973500
66058,Côte-Saint-Luc,92377480931,,1000,0850,17.07,395.10,2,1956,R,185.2,1,2,1,2024-07-01,434600,666600,1101200,983200
66058,Côte-Saint-Luc,92377566028,,1000,0850,17.07,395.20,2,1956,R,185.2,1,2,1,2024-07-01,434700,748900,1183600,1056800
66058,Côte-Saint-Luc,92377552119,,1000,0850,17.07,395.30,2,1956,R,185.2,1,2,1,2024-07-01,434800,687900,1122700,1002400
66058,Côte-Saint-Luc,92377537201,,1000,0850,17.07,395.40,2,1956,R,185.2,1,2,1,2024-07-01,434900,684500,1119400,999500
66058,Côte-Saint-Luc,92377523292,,1000,0850,17.07,395.60,2,1956,R,185.2,1,2,1,2024-07-01,435200,670100,1105300,986900
66058,Côte-Saint-Luc,92377508384,,1000,0850,17.07,395.70,2,1956,R,181.6,1,2,1,2024-07-01,435300,668300,1103600,985400
66058,Côte-Saint-Luc,92376594484,,1000,0850,17.07,395.80,2,1956,R,181.6,1,2,1,2024-07-01,435400,698600,1134000,1012500
66058,Côte-Saint-Luc,92376578586,,1000,0850,19.84,625.70,2,1956,R,181.6,1,2,1,2024-07-01,598800,515000,1113800,994500
66058,Côte-Saint-Luc,93373198535,,1000,0850,12.39,502.70,2,1963,R,213.9,1,5,1,2024-07-01,497700,757400,1255100,1120600
66058,Côte-Saint-Luc,93373187371,,1000,0850,18.29,418.10,2,1963,R,264.4,1,5,1,2024-07-01,413900,779200,1193100,1065300
66058,Côte-Saint-Luc,93373177208,,1000,0850,,410.20,2,1961,R,264.4,1,5,1,2024-07-01,406100,780100,1186200,1059100
66058,Côte-Saint-Luc,93373166052,,1000,0850,15.24,561.20,2,1963,R,214.0,1,5,1,2024-07-01,555600,770100,1325700,1183700
66058,Côte-Saint-Luc,93373043954,,1000,0850,15.24,746.20,2,1963,R,267.9,1,5,1,2024-07-01,574600,781900,1356500,1211200
66058,Côte-Saint-Luc,93373121065,,1000,0850,19.51,586.40,1,1963,R,201.0,1,1,1,2024-07-01,645000,766200,1411200,1260000
66058,Côte-Saint-Luc,93373104178,,1000,0850,18.90,478.10,2,1963,R,255.4,1,5,1,2024-07-01,525900,954200,1480100,1321500
66058,Côte-Saint-Luc,93372187273,,1000,0850,21.34,539.80,1,1962,R,207.1,1,1,1,2024-07-01,593800,1042700,1636500,1461200
66058,Côte-Saint-Luc,93372171384,,1000,0850,18.29,462.70,2,1963,R,249.7,1,5,1,2024-07-01,509000,873900,1382900,1234700
66058,Côte-Saint-Luc,93372154497,,1000,0850,19.51,493.50,2,1961,R,261.1,1,2,1,2024-07-01,542900,896500,1439400,1285200
66058,Côte-Saint-Luc,93372138599,,1000,0850,19.51,493.50,1,1960,R,144.3,1,2,1,2024-07-01,542900,632900,1175800,1049800
66058,Côte-Saint-Luc,93372122700,,1000,0850,19.51,493.50,2,1961,R,236.2,1,2,1,2024-07-01,542900,780200,1323100,1181300
66058,Côte-Saint-Luc,93372105804,,1000,0850,19.51,493.50,2,1961,R,228.7,1,2,1,2024-07-01,542900,770500,1313400,1172700
66058,Côte-Saint-Luc,93371249157,,1000,0850,21.18,484.20,2,1955,R,221.7,1,2,1,2024-07-01,532600,764700,1297300,1158300
66058,Côte-Saint-Luc,93371232260,,1000,0850,19.66,449.50,2,1955,R,273.3,1,5,1,2024-07-01,494500,1140700,1635200,1460000
66058,Côte-Saint-Luc,93371216354,,1000,0850,18.37,419.20,2,1955,R,225.0,2,2,1,2024-07-01,461100,736900,1198000,1069600
66058,Côte-Saint-Luc,93371200457,,1000,0850,18.36,419.20,2,1955,R,211.3,2,2,1,2024-07-01,461100,586100,1047200,935000
66058,Côte-Saint-Luc,93370284551,,1000,0850,20.88,477.20,2,1955,R,221.1,1,2,1,2024-07-01,524900,758200,1283100,1145600
66058,Côte-Saint-Luc,93370266673,,1000,0850,20.88,477.20,2,1955,R,214.0,1,2,1,2024-07-01,524900,678500,1203400,1074500
66058,Côte-Saint-Luc,93370249786,,1000,0850,20.12,459.90,2,1955,R,225.0,1,2,1,2024-07-01,505900,721300,1227200,1095700
66058,Côte-Saint-Luc,93370231891,,1000,0850,23.41,544.50,2,1955,R,258.2,1,2,1,2024-07-01,599000,792900,1391900,1242800
66058,Côte-Saint-Luc,93370312014,,1000,0850,19.66,449.50,2,1955,R,197.6,1,2,1,2024-07-01,494500,757000,1251500,1117400
66058,Côte-Saint-Luc,92379394122,,1000,0850,21.49,491.20,2,1955,R,248.3,1,2,1,2024-07-01,540300,852800,1393100,1243800
66058,Côte-Saint-Luc,92379377234,,1000,0850,20.12,459.90,2,1955,R,216.6,1,2,1,2024-07-01,505900,677400,1183300,1056500
66058,Côte-Saint-Luc,92379358358,,1000,0850,24.53,560.80,2,1955,R,216.6,1,2,1,2024-07-01,616900,620400,1237300,1104700
66058,Côte-Saint-Luc,92379339481,,1000,0850,20.72,473.70,2,1955,R,216.6,1,2,1,2024-07-01,521100,679400,1200500,1071900
66058,Côte-Saint-Luc,92379322586,,1000,0850,19.05,435.40,2,1955,R,216.1,1,2,1,2024-07-01,478900,944600,1423500,1271000
66058,Côte-Saint-Luc,92379306688,,1000,0850,19.40,442.30,2,1955,R,216.6,1,2,1,2024-07-01,437900,750400,1188300,1061000
66058,Côte-Saint-Luc,92378371899,,1000,0850,20.85,475.20,2,1956,R,216.6,1,2,1,2024-07-01,470400,659500,1129900,1008800
66058,Côte-Saint-Luc,92378454000,,1000,0850,19.81,452.90,2,1956,R,216.6,1,2,1,2024-07-01,498200,747800,1246000,1112500
66058,Côte-Saint-Luc,92378438102,,1000,0850,19.81,452.90,2,1956,R,218.8,1,2,1,2024-07-01,498200,670400,1168600,1043400
66058,Côte-Saint-Luc,92378421215,,1000,0850,19.81,452.90,2,1956,R,216.6,1,2,1,2024-07-01,498200,738200,1236400,1103900
66058,Côte-Saint-Luc,92378405325,,1000,0850,19.81,452.90,2,1956,R,220.5,1,2,1,2024-07-01,498200,628700,1126900,1006200
66058,Côte-Saint-Luc,92377489429,,1000,0850,16.95,387.40,2,1956,R,250.2,1,5,1,2024-07-01,426100,1142100,1568200,1400200
66058,Côte-Saint-Luc,92377475501,,1000,0850,16.95,387.40,2,1956,R,190.3,1,2,1,2024-07-01,426100,566300,992400,886100
66058,Côte-Saint-Luc,92377461600,,1000,0850,17.07,390.20,2,1956,R,190.3,1,2,1,2024-07-01,429200,801900,1231100,1099200
66058,Côte-Saint-Luc,92377446692,,1000,0850,17.07,390.20,2,1956,R,190.3,1,2,1,2024-07-01,429200,1053600,1482800,1323900
66058,Côte-Saint-Luc,92377432783,,1000,0850,17.07,390.20,2,1957,R,190.0,1,2,1,2024-07-01,429200,693200,1122400,1002100
66058,Côte-Saint-Luc,92377418873,,1000,0850,15.24,348.40,2,1956,R,190.3,2,2,1,2024-07-01,383200,606500,989700,883700
66058,Côte-Saint-Luc,92377406944,,1000,0850,15.24,348.40,2,1956,R,190.3,2,2,1,2024-07-01,383200,649600,1032800,922100
66058,Côte-Saint-Luc,92376592033,,1000,0850,17.07,390.20,2,1956,R,210.4,1,2,1,2024-07-01,429200,863400,1292600,1154100
66058,Côte-Saint-Luc,92376577133,,1000,0850,28.96,563.20,2,1956,R,190.2,1,2,1,2024-07-01,557600,659800,1217400,1087000
66058,Côte-Saint-Luc,91358389350,,1000,0840,22.86,522.60,1,1954,R,158.9,1,1,1,2024-07-01,522600,514400,1037000,1037000
66058,Côte-Saint-Luc,91358379179,,1000,0840,21.34,485.60,1,1954,R,104.7,2,1,1,2024-07-01,485600,232600,718200,718200
66058,Côte-Saint-Luc,91358369014,,1000,0840,15.24,374.40,1,1954,R,104.7,2,1,1,2024-07-01,374400,249900,624300,624300
66058,Côte-Saint-Luc,91359324216,,1000,0840,15.24,348.40,2,1954,R,170.2,2,5,1,2024-07-01,348400,385100,733500,733500
66058,Côte-Saint-Luc,91359317079,,1000,0840,15.24,348.40,1,1954,R,104.7,2,1,1,2024-07-01,348400,267600,616000,616000
66058,Côte-Saint-Luc,91359210944,,1000,0840,15.24,348.40,1,1954,R,104.7,2,1,1,2024-07-01,348400,265500,613900,613900
66058,Côte-Saint-Luc,91359202800,,1000,0840,15.24,348.40,1,1954,R,104.7,2,1,1,2024-07-01,348400,294700,643100,643100
66058,Côte-Saint-Luc,91358289659,,1000,0840,22.86,348.40,2,1957,R,144.1,1,2,1,2024-07-01,348400,421000,769400,769400
66058,Côte-Saint-Luc,91375896445,,1000,0855,20.12,763.70,2,2011,R,397.4,1,5,1,2024-07-01,687300,1640000,2327300,2175000
66058,Côte-Saint-Luc,91375865515,,1000,0855,14.76,418.10,3,2015,R,341.6,2,5,1,2024-07-01,501700,1557200,2058900,1924200
66058,Côte-Saint-Luc,91378711427,,1000,0855,19.05,566.00,2,1983,R,348.8,1,5,1,2024-07-01,679200,1271900,1951100,1823500
66058,Côte-Saint-Luc,91377795520,,1000,0855,19.05,565.80,2,1985,R,360.6,1,4,1,2024-07-01,679000,1174000,1853000,1731800
66058,Côte-Saint-Luc,91377777635,,1000,0855,29.67,649.20,2,1986,R,364.3,1,5,1,2024-07-01,779000,1125900,1904900,1780300
66058,Côte-Saint-Luc,91377746838,,1000,0855,29.66,587.50,2,1987,R,405.6,1,4,1,2024-07-01,705000,1649000,2354000,1932300
66058,Côte-Saint-Luc,91377730923,,1000,0855,18.29,542.10,2,1987,R,336.8,1,5,1,2024-07-01,650500,1193200,1843700,1723100
66058,Côte-Saint-Luc,91377815039,,1000,0855,19.81,587.00,2,1986,R,367.3,1,5,1,2024-07-01,704400,1435100,2139500,1999500
66058,Côte-Saint-Luc,91376884218,,1000,0855,19.81,586.50,2,2000,R,355.3,1,5,1,2024-07-01,703800,1897800,2601600,2431400
66058,Côte-Saint-Luc,91376868310,,1000,0855,18.29,541.10,2,1989,R,311.7,1,5,1,2024-07-01,649300,1293300,1942600,1815500
66058,Côte-Saint-Luc,91376852413,,1000,0855,19.81,586.00,2,2004,R,375.1,1,5,1,2024-07-01,703200,1670800,2374000,2218700
66058,Côte-Saint-Luc,91376743539,,1000,0880,,57.94,1,1981,R,97.4,5,5,1,2024-07-01,78200,302200,380400,336600
66058,Côte-Saint-Luc,91376743539,,1000,0880,,72.90,1,1981,R,118.6,5,5,1,2024-07-01,98400,383100,481500,426100
66058,Côte-Saint-Luc,91376743539,,1000,0880,,77.09,1,1981,R,126.1,5,5,1,2024-07-01,104100,405300,509400,450800
66058,Côte-Saint-Luc,91376743539,,1000,0880,,76.14,1,1981,R,129.8,5,5,1,2024-07-01,102800,406600,509400,450800
66058,Côte-Saint-Luc,91376743539,,1000,0880,,79.23,1,1981,R,129.8,5,5,1,2024-07-01,107000,419000,526000,465500
66058,Côte-Saint-Luc,91376743539,,1000,0880,,82.71,1,1981,R,130.5,5,5,1,2024-07-01,111700,433000,544700,482000
66058,Côte-Saint-Luc,91376743539,,1000,0880,,70.84,1,1981,R,125.9,5,5,1,2024-07-01,95600,411000,506600,448300
66058,Côte-Saint-Luc,91376743539,,1000,0880,,74.64,1,1981,R,121.7,5,5,1,2024-07-01,100800,566200,667000,590300
66058,Côte-Saint-Luc,91376743539,,1000,0880,,69.57,1,1981,R,118.4,5,5,1,2024-07-01,93900,370500,464400,411000
66058,Côte-Saint-Luc,91376743539,,1000,0880,,78.59,1,1981,R,128.7,5,5,1,2024-07-01,106100,417300,523400,463200
66058,Côte-Saint-Luc,91376743539,,1000,0880,,57.94,1,1981,R,97.4,5,5,1,2024-07-01,78200,305300,383500,339400
66058,Côte-Saint-Luc,91376743539,,1000,0880,,71.87,1,1981,R,122.3,5,5,1,2024-07-01,97000,560800,657800,582100
66058,Côte-Saint-Luc,91376743539,,1000,0880,,79.23,1,1981,R,129.8,5,5,1,2024-07-01,107000,441500,548500,485400
66058,Côte-Saint-Luc,91376743539,,1000,0880,,76.14,1,1981,R,129.8,5,5,1,2024-07-01,102800,409500,512300,453400
66058,Côte-Saint-Luc,91376743539,,1000,0880,,79.23,1,1981,R,129.8,5,5,1,2024-07-01,107000,422200,529200,468300
66058,Côte-Saint-Luc,91376743539,,1000,0880,,81.13,1,1981,R,133.2,5,5,1,2024-07-01,109500,433600,543100,480600
66058,Côte-Saint-Luc,91376743539,,1000,0880,,77.09,1,1981,R,126.1,5,5,1,2024-07-01,104100,410800,514900,455700
66058,Côte-Saint-Luc,91376743539,,1000,0880,,77.01,1,1981,R,125.9,5,5,1,2024-07-01,104000,402200,506200,448000
66058,Côte-Saint-Luc,91376743539,,1000,0880,,76.69,1,1981,R,125.4,5,5,1,2024-07-01,103500,425700,529200,468300
66058,Côte-Saint-Luc,91376743539,,1000,0880,,74.87,1,1981,R,122.1,5,5,1,2024-07-01,101100,423900,525000,464600
66058,Côte-Saint-Luc,91376743539,,1000,0880,,57.78,1,1981,R,97.2,5,5,1,2024-07-01,78000,438400,516400,457000
66058,Côte-Saint-Luc,91376743539,,1000,0880,,81.68,1,1981,R,134.3,5,5,1,2024-07-01,110300,429500,539800,477700
66058,Côte-Saint-Luc,91376743539,,1000,0880,,78.59,1,1981,R,128.7,5,5,1,2024-07-01,106100,425700,531800,470600
66058,Côte-Saint-Luc,91376743539,,1000,0880,,74.95,1,1981,R,122.3,5,5,1,2024-07-01,101200,405900,507100,448800
66058,Côte-Saint-Luc,91376743539,,1000,0880,,79.23,1,1981,R,129.8,5,5,1,2024-07-01,107000,492500,599500,530500
66058,Côte-Saint-Luc,91376743539,,1000,0880,,79.23,1,1981,R,129.8,5,5,1,2024-07-01,107000,430000,537000,475200
66058,Côte-Saint-Luc,91376743539,,1000,0880,,79.23,1,1981,R,129.8,5,5,1,2024-07-01,107000,430000,537000,475200
66058,Côte-Saint-Luc,91376743539,,1000,0880,,81.13,1,1981,R,133.2,5,5,1,2024-07-01,109500,441800,551300,487900
66058,Côte-Saint-Luc,91376743539,,1000,0880,,77.01,1,1981,R,125.9,5,5,1,2024-07-01,104000,399800,503800,445800
66058,Côte-Saint-Luc,91376743539,,1000,0880,,73.61,1,1981,R,126.0,5,5,1,2024-07-01,99400,404400,503800,445800
66058,Côte-Saint-Luc,91376743539,,1000,0880,,74.87,1,1981,R,122.1,5,5,1,2024-07-01,101100,406000,507100,448800
66058,Côte-Saint-Luc,91376743539,,1000,0880,,57.78,1,1981,R,97.2,5,5,1,2024-07-01,78000,311300,389300,344500
66058,Côte-Saint-Luc,91376743539,,1000,0880,,81.68,1,1981,R,134.3,5,5,1,2024-07-01,110300,444000,554300,490500
66058,Côte-Saint-Luc,91376743539,,1000,0880,,78.59,1,1981,R,128.7,5,5,1,2024-07-01,106100,430900,537000,475200
66058,Côte-Saint-Luc,91376743539,,1000,0880,,57.94,1,1981,R,97.4,5,5,1,2024-07-01,78200,358400,436600,386400
66058,Côte-Saint-Luc,91376743539,,1000,0880,,74.95,1,1981,R,122.3,5,5,1,2024-07-01,101200,408200,509400,450800
66058,Côte-Saint-Luc,91376743539,,1000,0880,,79.23,1,1981,R,129.8,5,5,1,2024-07-01,107000,456300,563300,498500
66058,Côte-Saint-Luc,91376743539,,1000,0880,,79.23,1,1981,R,129.8,5,5,1,2024-07-01,107000,432800,539800,477700
66058,Côte-Saint-Luc,91376743539,,1000,0880,,76.14,1,1981,R,129.8,5,5,1,2024-07-01,102800,420600,523400,463200
66058,Côte-Saint-Luc,91376743539,,1000,0880,,81.13,1,1981,R,133.2,5,5,1,2024-07-01,109500,444800,554300,490500
66058,Côte-Saint-Luc,91376743539,,1000,0880,,77.09,1,1981,R,126.1,5,5,1,2024-07-01,104100,448200,552300,488800
66058,Côte-Saint-Luc,91376743539,,1000,0880,,77.01,1,1981,R,125.9,5,5,1,2024-07-01,104000,403100,507100,448800
66058,Côte-Saint-Luc,91376743539,,1000,0880,,73.61,1,1981,R,125.4,5,5,1,2024-07-01,99400,407700,507100,448800
66058,Côte-Saint-Luc,91376743539,,1000,0880,,74.87,1,1981,R,122.1,5,5,1,2024-07-01,101100,408300,509400,450800
66058,Côte-Saint-Luc,91376743539,,1000,0880,,57.78,1,1981,R,97.2,5,5,1,2024-07-01,78000,314100,392100,347000
66058,Côte-Saint-Luc,91376743539,,1000,0880,,81.68,1,1981,R,134.3,5,5,1,2024-07-01,110300,449400,559700,495300
66058,Côte-Saint-Luc,91376743539,,1000,0880,,75.51,1,1981,R,128.7,5,5,1,2024-07-01,101900,421500,523400,463200
66058,Côte-Saint-Luc,91376743539,,1000,0880,,57.94,1,1981,R,97.4,5,5,1,2024-07-01,78200,316800,395000,349600
66058,Côte-Saint-Luc,91376743539,,1000,0880,,71.87,1,1981,R,122.3,5,5,1,2024-07-01,97000,400900,497900,440600
66058,Côte-Saint-Luc,91376743539,,1000,0880,,79.23,1,1981,R,129.8,5,5,1,2024-07-01,107000,438600,545600,482800
66058,Côte-Saint-Luc,91376743539,,1000,0880,,79.23,1,1981,R,129.8,5,5,1,2024-07-01,107000,432800,539800,477700
66058,Côte-Saint-Luc,91376743539,,1000,0880,,79.23,1,1981,R,129.8,5,5,1,2024-07-01,107000,511200,618200,547100
66058,Côte-Saint-Luc,91376743539,,1000,0880,,81.13,1,1981,R,133.2,5,5,1,2024-07-01,109500,450200,559700,495300
66058,Côte-Saint-Luc,91376743539,,1000,0880,,77.09,1,1981,R,126.1,5,5,1,2024-07-01,104100,466900,571000,505300
66058,Côte-Saint-Luc,91376743539,,1000,0880,,77.01,1,1981,R,125.9,5,5,1,2024-07-01,104000,439100,543100,480600
66058,Côte-Saint-Luc,91376743539,,1000,0880,,79.78,1,1981,R,125.4,5,5,1,2024-07-01,107700,435400,543100,480600
66058,Côte-Saint-Luc,91376743539,,1000,0880,,74.87,1,1981,R,122.1,5,5,1,2024-07-01,101100,465500,566600,501400
66058,Côte-Saint-Luc,91376743539,,1000,0880,,57.78,1,1981,R,97.2,5,5,1,2024-07-01,78000,438400,516400,457000
66058,Côte-Saint-Luc,91376743539,,1000,0880,,81.68,1,1981,R,134.3,5,5,1,2024-07-01,110300,547700,658000,582300
66058,Côte-Saint-Luc,91376743539,,1000,0880,,78.59,1,1981,R,128.7,5,5,1,2024-07-01,106100,442400,548500,485400
66058,Côte-Saint-Luc,91376743539,,1000,0880,,57.94,1,1981,R,97.4,5,5,1,2024-07-01,78200,379700,457900,405200
66058,Côte-Saint-Luc,91376743539,,1000,0880,,74.95,1,1981,R,122.3,5,5,1,2024-07-01,101200,419200,520400,460500
66058,Côte-Saint-Luc,91376743539,,1000,0880,,79.23,1,1981,R,129.8,5,5,1,2024-07-01,107000,472000,579000,512400
66058,Côte-Saint-Luc,91376743539,,1000,0880,,79.23,1,1981,R,129.8,5,5,1,2024-07-01,107000,438300,545300,482600
66058,Côte-Saint-Luc,91376743539,,1000,0880,,79.23,1,1981,R,129.8,5,5,1,2024-07-01,107000,444100,551100,487700
66058,Côte-Saint-Luc,91376743539,,1000,0880,,81.13,1,1981,R,133.2,5,5,1,2024-07-01,109500,455800,565300,500300
66058,Côte-Saint-Luc,91376743539,,1000,0880,,74.00,1,1981,R,126.1,5,5,1,2024-07-01,99900,434800,534700,473200
66058,Côte-Saint-Luc,91376743539,,1000,0880,,73.92,1,1981,R,125.9,5,5,1,2024-07-01,99800,434900,534700,473200
66058,Côte-Saint-Luc,91376743539,,1000,0880,,76.69,1,1981,R,125.4,5,5,1,2024-07-01,103500,431200,534700,473200
66058,Côte-Saint-Luc,91376743539,,1000,0880,,74.87,1,1981,R,122.1,5,5,1,2024-07-01,101100,523700,624800,552900
66058,Côte-Saint-Luc,91376743539,,1000,0880,,60.86,1,1981,R,97.2,5,5,1,2024-07-01,82200,367700,449900,398100
66058,Côte-Saint-Luc,91376743539,,1000,0880,,81.68,1,1981,R,134.3,5,5,1,2024-07-01,110300,341700,452000,400000
66058,Côte-Saint-Luc,91376743539,,1000,0880,,75.51,1,1981,R,128.7,5,5,1,2024-07-01,101900,432800,534700,473200
66058,Côte-Saint-Luc,91376743539,,1000,0880,,61.02,1,1981,R,97.4,5,5,1,2024-07-01,82400,395500,477900,422900
66058,Côte-Saint-Luc,91376743539,,1000,0880,,71.87,1,1981,R,122.3,5,5,1,2024-07-01,97000,524500,621500,550000
66058,Côte-Saint-Luc,91376743539,,1000,0880,,79.23,1,1981,R,129.8,5,5,1,2024-07-01,107000,443400,550400,487100
66058,Côte-Saint-Luc,91376743539,,1000,0880,,79.23,1,1981,R,129.8,5,5,1,2024-07-01,107000,449600,556600,492600
66142,Dollard-des-Ormeaux,82405339357,,1000,3748,13.90,430.70,2,1988,R,151.6,2,5,1,2024-07-01,271300,341700,613000,515100
66142,Dollard-des-Ormeaux,82405335421,,1000,3748,7.62,240.50,2,1989,R,169.2,4,5,1,2024-07-01,168400,430100,598500,502900
66142,Dollard-des-Ormeaux,82405329481,,1000,3748,7.62,240.50,2,1988,R,169.2,4,5,1,2024-07-01,168400,439500,607900,510800
66142,Dollard-des-Ormeaux,82405326560,,1000,3748,9.31,293.70,2,1988,R,151.6,3,5,1,2024-07-01,205600,370500,576100,484100
66142,Dollard-des-Ormeaux,82404449181,,1000,3748,7.62,261.60,2,1988,R,164.6,4,5,1,2024-07-01,183100,381300,564400,474300
66142,Dollard-des-Ormeaux,82404340901,,1000,3748,7.79,282.90,2,1988,R,172.8,4,5,1,2024-07-01,198000,417800,615800,517500
66142,Dollard-des-Ormeaux,82404373431,,1000,3748,7.62,236.20,2,1988,R,193.7,4,5,1,2024-07-01,165300,395800,561100,471500
66142,Dollard-des-Ormeaux,82404336800,,1000,3748,6.53,567.70,2,1988,R,168.0,2,5,1,2024-07-01,317900,347100,665000,558800
66142,Dollard-des-Ormeaux,77386393084,,1000,0940,18.29,613.20,2,1967,R,165.5,1,5,1,2024-07-01,413900,281500,695400,662300
66142,Dollard-des-Ormeaux,77386278970,,1000,0940,18.29,613.20,2,1967,R,214.6,1,5,1,2024-07-01,413900,216700,630600,600600
66142,Dollard-des-Ormeaux,77386262875,,1000,0940,18.29,613.20,1,1967,R,113.7,1,1,1,2024-07-01,413900,226100,640000,609500
66142,Dollard-des-Ormeaux,77386248767,,1000,0940,18.29,613.20,2,1967,R,186.0,1,2,1,2024-07-01,413900,282300,696200,663000
66142,Dollard-des-Ormeaux,77386227696,,1000,0940,21.67,589.70,1,1966,R,104.5,1,1,1,2024-07-01,398000,319300,717300,683100
66142,Dollard-des-Ormeaux,77386237505,,1000,0940,21.36,619.60,1,1967,R,201.7,1,4,1,2024-07-01,418200,379700,797900,759900
66142,Dollard-des-Ormeaux,77386249328,,1000,0940,21.05,633.50,1,1966,R,104.5,1,1,1,2024-07-01,427600,230800,658400,627000
66142,Dollard-des-Ormeaux,77386266504,,1000,0940,18.29,557.40,1,1965,R,174.2,1,4,1,2024-07-01,376200,352600,728800,694100
66142,Dollard-des-Ormeaux,77386281610,,1000,0940,18.29,557.40,2,1965,R,162.8,1,5,1,2024-07-01,376200,303900,680100,647700
66142,Dollard-des-Ormeaux,77386296717,,1000,0940,18.29,557.40,2,1965,R,166.8,1,2,1,2024-07-01,376200,277400,653600,622500
66142,Dollard-des-Ormeaux,77387211830,,1000,0940,13.22,733.10,2,1972,R,275.0,1,5,1,2024-07-01,494800,361100,855900,815100
66142,Dollard-des-Ormeaux,77387180886,,1000,0940,14.93,782.20,2,1967,R,168.5,1,2,1,2024-07-01,422400,218900,641300,610800
66142,Dollard-des-Ormeaux,77387162751,,1000,0940,14.33,706.00,1,1966,R,165.6,1,1,1,2024-07-01,476600,347400,824000,784800
66142,Dollard-des-Ormeaux,77387137621,,1000,0940,14.46,1066.40,1,1965,R,108.9,1,1,1,2024-07-01,539900,235000,774900,738000
66142,Dollard-des-Ormeaux,77387118761,,1000,0940,12.19,833.60,2,1966,R,196.3,1,5,1,2024-07-01,506400,305400,811800,773100
66142,Dollard-des-Ormeaux,77387108986,,1000,0940,18.29,590.30,1,1965,R,115.2,1,1,1,2024-07-01,398500,255700,654200,623000
66142,Dollard-des-Ormeaux,77387200189,,1000,0940,21.34,577.30,1,1971,R,113.4,1,1,1,2024-07-01,389700,225800,615500,586200
66142,Dollard-des-Ormeaux,77386284085,,1000,0940,18.29,501.70,2,1965,R,215.0,1,2,1,2024-07-01,338600,388100,726700,692100
66142,Dollard-des-Ormeaux,77386168973,,1000,0940,21.64,597.10,2,1965,R,162.5,1,2,1,2024-07-01,403000,311600,714600,680600
66142,Dollard-des-Ormeaux,77386183790,,1000,0940,18.29,580.70,1,1966,R,105.4,1,1,1,2024-07-01,392000,232000,624000,594300
66142,Dollard-des-Ormeaux,77386192635,,1000,0940,18.29,557.40,2,1965,R,166.8,1,2,1,2024-07-01,376200,251300,627500,597600
66142,Dollard-des-Ormeaux,77387103482,,1000,0940,18.29,557.40,1,1964,R,206.9,1,4,1,2024-07-01,376200,472300,848500,808100
66142,Dollard-des-Ormeaux,77387112327,,1000,0940,18.29,556.30,2,1965,R,166.5,1,2,1,2024-07-01,375500,258300,633800,603600
66142,Dollard-des-Ormeaux,77387122185,,1000,0940,18.29,553.80,1,1968,R,113.8,1,1,1,2024-07-01,373800,233700,607500,578600
66142,Dollard-des-Ormeaux,77387131020,,1000,0940,18.29,558.20,2,1967,R,162.8,1,5,1,2024-07-01,376800,284400,661200,629700
66142,Dollard-des-Ormeaux,77387041872,,1000,0940,18.79,572.70,1,1967,R,116.8,1,1,1,2024-07-01,386600,274900,661500,630000
66142,Dollard-des-Ormeaux,77387051715,,1000,0940,19.05,589.50,2,1964,R,186.0,1,2,1,2024-07-01,397900,295900,693800,660800
66142,Dollard-des-Ormeaux,77387057530,,1000,0940,19.38,659.30,1,1967,R,120.4,1,1,1,2024-07-01,445000,294200,739200,704000
66142,Dollard-des-Ormeaux,77387067372,,1000,0940,19.86,727.30,1,1967,R,177.0,1,4,1,2024-07-01,466400,271500,737900,702800
66142,Dollard-des-Ormeaux,77387080177,,1000,0940,14.33,987.20,2,1967,R,120.4,1,2,1,2024-07-01,499800,190900,690700,657800
66142,Dollard-des-Ormeaux,77377989932,,1000,0940,14.33,1260.20,1,1967,R,198.5,1,4,1,2024-07-01,638000,378500,1016500,968100
66142,Dollard-des-Ormeaux,77377969728,,1000,0940,14.33,707.00,1,1966,R,120.4,1,1,1,2024-07-01,477200,265600,742800,707400
66142,Dollard-des-Ormeaux,77377949639,,1000,0940,21.41,647.10,2,1966,R,195.7,1,5,1,2024-07-01,436800,382700,819500,780500
66142,Dollard-des-Ormeaux,77377933500,,1000,0940,20.73,626.30,1,1966,R,120.4,1,1,1,2024-07-01,422800,350400,773200,736400
66142,Dollard-des-Ormeaux,77377915358,,1000,0940,22.94,684.90,2,1966,R,194.1,1,5,1,2024-07-01,462300,367000,829300,789800
66142,Dollard-des-Ormeaux,77377926090,,1000,0940,23.02,607.90,1,1966,R,120.4,1,1,1,2024-07-01,410300,291700,702000,668600
66142,Dollard-des-Ormeaux,77377943210,,1000,0940,18.29,529.50,2,1966,R,166.8,1,2,1,2024-07-01,357400,314800,672200,640200
66142,Dollard-des-Ormeaux,77377958317,,1000,0940,18.29,529.50,2,1966,R,191.5,1,5,1,2024-07-01,357400,426300,783700,746400
66142,Dollard-des-Ormeaux,77377972433,,1000,0940,17.47,551.00,1,1966,R,112.9,1,1,1,2024-07-01,371900,274700,646600,615800
66142,Dollard-des-Ormeaux,77377988538,,1000,0940,16.15,669.50,1,1966,R,120.4,1,1,1,2024-07-01,451900,268100,720000,685700
66142,Dollard-des-Ormeaux,77378909640,,1000,0940,16.15,965.10,1,1967,R,188.1,1,4,1,2024-07-01,553700,320100,873800,832200
66142,Dollard-des-Ormeaux,77378931586,,1000,0940,16.15,721.10,2,1967,R,196.3,1,5,1,2024-07-01,486700,348100,834800,795000
66142,Dollard-des-Ormeaux,77378951584,,1000,0940,17.89,950.50,1,1967,R,120.6,1,1,1,2024-07-01,513300,284000,797300,759300
66142,Dollard-des-Ormeaux,77378969503,,1000,0940,18.59,894.40,1,1968,R,179.6,1,4,1,2024-07-01,513200,266300,779500,742400
66142,Dollard-des-Ormeaux,77378985384,,1000,0940,15.53,662.00,2,1967,R,181.3,1,2,1,2024-07-01,446900,321400,768300,731700
66142,Dollard-des-Ormeaux,77379902248,,1000,0940,18.21,681.60,1,1967,R,116.8,1,1,1,2024-07-01,460100,299100,759200,723000
66142,Dollard-des-Ormeaux,77379913088,,1000,0940,18.29,643.80,1,1967,R,179.6,1,4,1,2024-07-01,434600,284900,719500,685200
66142,Dollard-des-Ormeaux,77378859704,,1000,0940,18.29,557.40,2,1966,R,215.7,1,2,1,2024-07-01,376200,369600,745800,710300
66142,Dollard-des-Ormeaux,77378848848,,1000,0940,18.29,557.40,2,1966,R,178.7,1,5,1,2024-07-01,376200,536600,912800,629100
66142,Dollard-des-Ormeaux,77378836991,,1000,0940,21.33,543.10,2,1961,R,189.1,1,5,1,2024-07-01,366600,284200,650800,619800
66142,Dollard-des-Ormeaux,77378920126,,1000,0940,34.81,652.80,1,1967,R,179.6,1,4,1,2024-07-01,440600,414900,855500,814800
66142,Dollard-des-Ormeaux,77377999097,,1000,0940,27.08,611.10,2,1965,R,191.5,1,5,1,2024-07-01,412500,350100,762600,726300
66142,Dollard-des-Ormeaux,77377887979,,1000,0940,18.29,557.40,2,1965,R,226.1,1,5,1,2024-07-01,376200,489600,865800,824600
66142,Dollard-des-Ormeaux,77377872864,,1553,0940,18.29,557.40,2,1965,R,196.3,1,5,1,2024-07-01,376200,327500,703700,670200
66142,Dollard-des-Ormeaux,77377857758,,1000,0940,18.29,557.40,2,1966,R,167.6,1,2,1,2024-07-01,376200,351100,727300,692700
66142,Dollard-des-Ormeaux,77377843626,,1000,0940,16.79,606.70,1,1966,R,112.2,1,1,1,2024-07-01,409500,238700,648200,617300
66142,Dollard-des-Ormeaux,77377853344,,1000,0940,21.34,555.50,2,1966,R,162.8,1,5,1,2024-07-01,375000,294300,669300,637400
66142,Dollard-des-Ormeaux,77377868466,,1000,0940,18.29,557.40,2,1966,R,210.3,1,5,1,2024-07-01,376200,482100,858300,817400
66142,Dollard-des-Ormeaux,77377883564,,1000,0940,18.29,557.40,2,1966,R,167.7,1,2,1,2024-07-01,376200,260400,636600,606300
66142,Dollard-des-Ormeaux,77377897697,,1000,0940,11.58,692.70,2,1966,R,191.5,1,5,1,2024-07-01,467600,406700,874300,832700
66142,Dollard-des-Ormeaux,77378821753,,1000,0940,11.64,893.00,2,1966,R,120.4,1,2,1,2024-07-01,512400,334600,847000,806700
66142,Dollard-des-Ormeaux,77378835522,,1000,0940,18.29,501.70,2,1966,R,162.8,1,5,1,2024-07-01,338600,313300,651900,620900
66142,Dollard-des-Ormeaux,77377903834,,1000,0940,22.86,563.00,1,1966,R,120.4,1,1,1,2024-07-01,380000,315400,695400,662300
66142,Dollard-des-Ormeaux,77387011016,,1000,0940,22.86,563.00,1,1964,R,108.2,1,1,1,2024-07-01,380000,166400,546400,520400
66142,Dollard-des-Ormeaux,77387015199,,1000,0940,22.86,563.00,1,1964,R,120.4,1,1,1,2024-07-01,380000,286200,666200,634500
66142,Dollard-des-Ormeaux,77387014374,,1000,0940,22.86,563.00,2,1964,R,131.5,1,5,1,2024-07-01,380000,309700,689700,656900
66142,Dollard-des-Ormeaux,77387008558,,1000,0940,21.03,559.50,1,1968,R,120.4,1,1,1,2024-07-01,377700,315200,692900,659900
66142,Dollard-des-Ormeaux,77386098709,,1000,0940,18.29,557.40,2,1964,R,108.9,1,2,1,2024-07-01,376200,226400,602600,573900
66142,Dollard-des-Ormeaux,77386086845,,1000,0940,18.29,561.90,2,1964,R,131.5,1,5,1,2024-07-01,379300,309500,688800,656000
66142,Dollard-des-Ormeaux,77386081408,,1000,0940,12.19,863.00,2,1966,R,214.8,1,5,1,2024-07-01,466000,368600,834600,794900
66142,Dollard-des-Ormeaux,77386063596,,1000,0940,9.14,1226.00,1,1966,R,213.3,1,4,1,2024-07-01,620700,326200,946900,901800
66142,Dollard-des-Ormeaux,77386045874,,1000,0940,22.13,742.50,1,1968,R,118.4,1,1,1,2024-07-01,501200,212500,713700,679700
66142,Dollard-des-Ormeaux,77386062994,,1000,0940,18.29,557.40,2,1964,R,162.8,1,5,1,2024-07-01,376200,316000,692200,659200
66142,Dollard-des-Ormeaux,77386179087,,1000,0940,21.28,637.30,2,1964,R,185.5,1,5,1,2024-07-01,430200,341900,772100,735300
66142,Dollard-des-Ormeaux,77386113573,,1000,0940,20.26,617.40,2,1964,R,131.5,1,5,1,2024-07-01,416700,267700,684400,651800
66142,Dollard-des-Ormeaux,77386127300,,1000,0940,24.73,753.60,1,1964,R,118.4,1,1,1,2024-07-01,508700,230900,739600,704400
66142,Dollard-des-Ormeaux,77386151409,,1000,0940,21.40,644.80,2,1964,R,209.7,1,5,1,2024-07-01,435200,388100,823300,784100
66142,Dollard-des-Ormeaux,77386143588,,1000,0940,18.29,563.20,2,1964,R,162.8,1,5,1,2024-07-01,380200,303500,683700,651100
66142,Dollard-des-Ormeaux,77386132748,,1000,0940,21.28,653.20,1,1964,R,120.4,1,1,1,2024-07-01,440900,281000,721900,687500
66142,Dollard-des-Ormeaux,77385295009,,1000,0940,23.16,706.10,1,1965,R,176.0,1,4,1,2024-07-01,476600,319400,796000,758100
66142,Dollard-des-Ormeaux,77386212128,,1000,0940,21.25,642.70,2,1965,R,167.6,1,2,1,2024-07-01,433800,287200,721000,686700
66142,Dollard-des-Ormeaux,77385280282,,1000,0940,18.45,621.10,2,1965,R,171.2,1,2,1,2024-07-01,419200,222100,641300,610800
66142,Dollard-des-Ormeaux,77385296387,,1000,0940,21.84,748.20,2,1965,R,185.5,1,5,1,2024-07-01,479800,346800,826600,787200
66142,Dollard-des-Ormeaux,77387237868,,1000,0940,13.11,1018.20,2,1972,R,275.0,1,5,1,2024-07-01,426100,333900,760000,723800
66142,Dollard-des-Ormeaux,77387249624,,1000,0940,16.15,703.40,2,1972,R,278.0,1,5,1,2024-07-01,474800,301000,775800,738900
66142,Dollard-des-Ormeaux,77387260472,,1000,0940,18.29,606.50,1,1967,R,176.0,1,4,1,2024-07-01,409400,322700,732100,697200
66142,Dollard-des-Ormeaux,77387272311,,1000,0940,16.15,715.20,2,1965,R,191.5,1,5,1,2024-07-01,482800,283800,766600,730100
66142,Dollard-des-Ormeaux,77387288077,,1000,0940,13.85,1024.40,2,1967,R,230.3,1,2,1,2024-07-01,518600,343600,862200,821100
66142,Dollard-des-Ormeaux,77387312216,,1000,0940,26.98,908.50,1,1971,R,113.3,1,1,1,2024-07-01,521300,191100,712400,678500
66142,Dollard-des-Ormeaux,77385263684,,1000,3742,13.05,358.68,2,1971,R,107.8,2,5,1,2024-07-01,269000,218300,487300,459700
66142,Dollard-des-Ormeaux,77385260763,,1000,3742,6.10,207.98,2,1971,R,105.9,4,5,1,2024-07-01,156000,321000,477000,398300
66142,Dollard-des-Ormeaux,77385257819,,1000,3742,6.10,207.98,2,1971,R,105.9,4,5,1,2024-07-01,156000,293200,449200,423800
66142,Dollard-des-Ormeaux,77385255870,,1000,3742,6.40,217.28,2,1971,R,119.0,4,5,1,2024-07-01,163000,293600,456600,430800
66142,Dollard-des-Ormeaux,77385252935,,1000,3742,6.40,217.28,2,1971,R,119.0,4,5,1,2024-07-01,163000,293600,456600,430800
66142,Dollard-des-Ormeaux,77385249998,,1000,3742,6.10,207.98,2,1971,R,105.9,4,5,1,2024-07-01,156000,295600,451600,426000
66142,Dollard-des-Ormeaux,77385347040,,1000,3742,6.10,207.98,2,1971,R,105.9,4,5,1,2024-07-01,156000,276600,432600,408100
66142,Dollard-des-Ormeaux,77385344112,,1000,3742,8.81,290.68,2,1971,R,118.9,3,5,1,2024-07-01,218000,260300,478300,451200
66142,Dollard-des-Ormeaux,77385340193,,1000,3742,8.81,290.68,2,1971,R,119.0,2,5,1,2024-07-01,218000,298300,516300,487100
66142,Dollard-des-Ormeaux,77385337264,,1000,3742,6.10,207.98,2,1971,R,105.9,4,5,1,2024-07-01,156000,279200,435200,410600
66142,Dollard-des-Ormeaux,77385335326,,1000,3742,6.10,207.98,2,1971,R,105.9,4,5,1,2024-07-01,156000,280800,436800,412100
66142,Dollard-des-Ormeaux,77385333370,,1000,3742,6.40,217.28,2,1971,R,119.0,4,5,1,2024-07-01,163000,337300,500300,472000
66142,Dollard-des-Ormeaux,77385330434,,1000,3742,6.40,217.28,2,1971,R,119.0,4,5,1,2024-07-01,163000,292500,455500,429700
66142,Dollard-des-Ormeaux,77385328495,,1000,3742,6.10,207.98,2,1971,R,105.9,4,5,1,2024-07-01,156000,268700,424700,400700
66142,Dollard-des-Ormeaux,77385325541,,1000,3742,6.10,207.98,2,1971,R,105.9,4,5,1,2024-07-01,156000,260200,416200,392600
66142,Dollard-des-Ormeaux,77385322613,,1000,3742,8.81,290.68,2,1971,R,119.0,2,5,1,2024-07-01,218000,290400,508400,479600
66142,Dollard-des-Ormeaux,77385307945,,1000,3742,8.81,290.68,2,1971,R,119.0,2,5,1,2024-07-01,218000,294500,512500,483500
66142,Dollard-des-Ormeaux,77385404015,,1000,3742,6.10,207.98,2,1971,R,104.0,4,5,1,2024-07-01,156000,240100,396100,373700
66142,Dollard-des-Ormeaux,77385402068,,1000,3742,6.10,207.98,2,1970,R,104.0,4,5,1,2024-07-01,156000,252000,408000,384900
66142,Dollard-des-Ormeaux,77384499123,,1000,3742,6.40,217.28,2,1971,R,119.0,1,5,1,2024-07-01,163000,334400,497400,469200
66142,Dollard-des-Ormeaux,77384497184,,1000,3742,6.40,217.28,2,1973,R,119.0,4,5,1,2024-07-01,163000,285100,448100,422700
66142,Dollard-des-Ormeaux,77384494249,,1000,3742,6.10,207.98,2,1973,R,104.0,4,5,1,2024-07-01,156000,250700,406700,383700
66142,Dollard-des-Ormeaux,77384492300,,1000,3742,6.10,207.98,2,1973,R,104.0,4,5,1,2024-07-01,156000,252100,408100,385000
66142,Dollard-des-Ormeaux,77384489371,,1000,3742,8.81,290.68,2,1973,R,117.0,2,5,1,2024-07-01,218000,292800,510800,481900
66142,Dollard-des-Ormeaux,77384485445,,1000,3742,8.81,290.68,2,1972,R,119.0,2,5,1,2024-07-01,218000,284500,502500,474100
66142,Dollard-des-Ormeaux,77384482517,,1000,3742,6.10,207.98,2,1962,R,104.0,4,5,1,2024-07-01,156000,250700,406700,383700
66142,Dollard-des-Ormeaux,77384480578,,1000,3742,6.10,207.98,2,1972,R,104.0,4,5,1,2024-07-01,156000,260100,416100,392500
66142,Dollard-des-Ormeaux,77384477632,,1000,3742,6.40,217.28,2,1972,R,119.0,4,5,1,2024-07-01,163000,270900,433900,409300
66142,Dollard-des-Ormeaux,77384475685,,1000,3742,6.40,217.28,2,1972,R,119.0,4,5,1,2024-07-01,163000,280200,443200,418100
66142,Dollard-des-Ormeaux,77384472740,,1000,3742,6.10,207.98,2,1972,R,104.0,4,5,1,2024-07-01,156000,248200,404200,381300
66142,Dollard-des-Ormeaux,77384469803,,1000,3742,6.10,207.98,2,1972,R,104.0,4,5,1,2024-07-01,156000,251000,407000,384000
66142,Dollard-des-Ormeaux,77384466874,,1000,3742,8.81,290.68,2,1972,R,119.0,2,5,1,2024-07-01,218000,279800,497800,469600
66142,Dollard-des-Ormeaux,77384463954,,1000,3742,8.81,290.68,2,1973,R,122.6,2,5,1,2024-07-01,218000,311700,529700,499700
66142,Dollard-des-Ormeaux,77384560023,,1000,3742,6.10,207.98,2,1973,R,109.2,4,5,1,2024-07-01,156000,293300,449300,423900
66142,Dollard-des-Ormeaux,77384558076,,1000,3742,6.59,207.78,2,1973,R,109.2,4,5,1,2024-07-01,155800,272200,428000,403800
66142,Dollard-des-Ormeaux,77384556138,,1000,3742,6.37,201.48,2,1973,R,109.2,4,5,1,2024-07-01,151100,303300,454400,428700
66142,Dollard-des-Ormeaux,77384555239,,1000,3742,,328.98,2,1973,R,114.4,2,5,1,2024-07-01,246700,279900,526600,496800
66142,Dollard-des-Ormeaux,77387199241,,1000,0982,100.64,11334.70,4,1978,R,10022.8,,,118,2024-07-01,5100600,14203300,19303900,17549000
66142,Dollard-des-Ormeaux,78366852131,,1000,3741,21.34,642.30,2,1964,R,182.4,1,2,1,2024-07-01,433600,271400,705000,705000
66142,Dollard-des-Ormeaux,78366728950,,1000,3741,30.48,642.30,2,1963,R,181.1,1,2,1,2024-07-01,433600,352100,785700,785700
66142,Dollard-des-Ormeaux,78367757388,,1000,3741,20.73,655.80,1,1880,E,145.7,1,4,1,2024-07-01,398400,113200,511600,511600
66142,Dollard-des-Ormeaux,78367743271,,1000,3741,18.29,577.90,2,1960,R,186.8,1,2,1,2024-07-01,351100,456100,807200,807200
66142,Dollard-des-Ormeaux,78364613592,,1000,3741,22.81,574.00,1,1964,R,107.3,1,1,1,2024-07-01,387500,184900,572400,572400
66142,Dollard-des-Ormeaux,78364632634,,1000,3741,22.81,575.10,2,1964,R,134.0,1,5,1,2024-07-01,388200,292600,680800,680800
66142,Dollard-des-Ormeaux,78364649695,,1000,3741,22.81,575.80,2,1964,R,183.5,1,2,1,2024-07-01,388700,321600,710300,710300
66142,Dollard-des-Ormeaux,78364663811,,1000,3741,18.29,559.60,2,1964,R,157.0,1,2,1,2024-07-01,377700,249400,627100,627100
66142,Dollard-des-Ormeaux,78364678926,,1000,3741,18.29,559.60,2,1964,R,178.4,1,2,1,2024-07-01,377700,282300,660000,660000
66142,Dollard-des-Ormeaux,78364793030,,1000,3741,19.20,587.60,2,1964,R,217.0,1,5,1,2024-07-01,396600,204600,601200,601200
66142,Dollard-des-Ormeaux,78365708144,,1000,3741,19.20,587.60,2,1963,R,231.6,1,5,1,2024-07-01,396600,246400,643000,643000
66142,Dollard-des-Ormeaux,78365724257,,1000,3741,18.29,559.60,2,1964,R,154.0,1,2,1,2024-07-01,377700,371100,748800,748800
66142,Dollard-des-Ormeaux,78365739362,,1000,3741,18.29,559.60,2,1964,R,157.0,1,2,1,2024-07-01,377700,223100,600800,600800
66142,Dollard-des-Ormeaux,78365753462,,1000,3741,18.29,559.60,2,1964,R,152.4,1,2,1,2024-07-01,377700,196900,574600,574600
66142,Dollard-des-Ormeaux,78365768577,,1000,3741,18.29,559.60,2,1964,R,181.7,1,2,1,2024-07-01,377700,336900,714600,714600
66142,Dollard-des-Ormeaux,78365790688,,1000,3741,30.48,653.50,2,1963,R,146.8,1,5,1,2024-07-01,441100,248500,689600,689600
66142,Dollard-des-Ormeaux,78366781819,,1000,3741,30.48,595.90,2,1964,R,206.9,1,5,1,2024-07-01,402200,322100,724300,724300
66142,Dollard-des-Ormeaux,78366766711,,1000,3741,18.29,557.40,2,1965,R,208.7,1,5,1,2024-07-01,376200,259700,635900,635900
66142,Dollard-des-Ormeaux,78366751614,,1000,3741,18.29,557.40,1,1964,R,103.1,1,1,1,2024-07-01,376200,187800,564000,564000
66142,Dollard-des-Ormeaux,78366736508,,1000,3741,18.29,557.40,2,1964,R,150.6,1,2,1,2024-07-01,376200,207800,584000,584000
66142,Dollard-des-Ormeaux,78366722383,,1000,3741,19.05,580.60,2,1965,R,230.8,1,5,1,2024-07-01,391900,250800,642700,642700
66142,Dollard-des-Ormeaux,78366706287,,1000,3741,18.29,557.40,2,1964,R,150.6,1,2,1,2024-07-01,376200,199900,576100,576100
66142,Dollard-des-Ormeaux,78365791173,,1000,3741,18.29,557.40,2,1964,R,198.8,1,5,1,2024-07-01,376200,498800,875000,875000
66142,Dollard-des-Ormeaux,78365776067,,1000,3741,18.29,557.40,2,1965,R,165.8,1,5,1,2024-07-01,376200,248300,624500,624500
66142,Dollard-des-Ormeaux,78365661954,,1000,3741,18.29,557.40,2,1964,R,153.4,1,2,1,2024-07-01,376200,276200,652400,652400
66142,Dollard-des-Ormeaux,78365646849,,1000,3741,19.05,580.60,2,1964,R,234.3,1,5,1,2024-07-01,391900,331200,723100,723100
66142,Dollard-des-Ormeaux,78365631734,,1000,3741,18.29,557.40,2,1964,R,231.6,1,5,1,2024-07-01,376200,236800,613000,613000
66142,Dollard-des-Ormeaux,78365616636,,1000,3741,18.29,557.40,2,1964,R,154.4,1,2,1,2024-07-01,376200,217700,593900,593900
66142,Dollard-des-Ormeaux,78365601521,,1000,3741,18.29,557.40,1,1964,R,106.7,1,1,1,2024-07-01,376200,218600,594800,594800
66142,Dollard-des-Ormeaux,78364686416,,1000,3741,18.29,557.40,2,1964,R,197.8,1,2,1,2024-07-01,376200,288400,664600,664600
66142,Dollard-des-Ormeaux,78365605175,,1000,3741,18.29,557.40,2,1965,R,153.9,1,2,1,2024-07-01,376200,213600,589800,589800
66142,Dollard-des-Ormeaux,78365620265,,1000,3741,18.29,557.40,1,1965,R,103.5,1,1,1,2024-07-01,376200,178100,554300,554300
66142,Dollard-des-Ormeaux,78365634399,,1000,3741,18.29,557.40,1,1965,R,103.5,1,1,1,2024-07-01,376200,188100,564300,564300
66142,Dollard-des-Ormeaux,78365649496,,1000,3741,18.29,557.40,2,1965,R,206.8,1,5,1,2024-07-01,376200,225500,601700,601700
66142,Dollard-des-Ormeaux,78365664610,,1000,3741,19.05,580.60,2,1965,R,165.2,1,5,1,2024-07-01,391900,252500,644400,644400
66142,Dollard-des-Ormeaux,78365679717,,1000,3741,18.29,557.40,2,1965,R,134.0,1,5,1,2024-07-01,376200,247500,623700,623700
66142,Dollard-des-Ormeaux,78365694823,,1000,3741,18.29,557.40,2,1965,R,146.9,1,2,1,2024-07-01,376200,191200,567400,567400
66142,Dollard-des-Ormeaux,78366609937,,1000,3741,18.29,557.40,2,1965,R,153.9,1,2,1,2024-07-01,376200,297800,674000,674000
66142,Dollard-des-Ormeaux,78366724041,,1000,3741,18.29,557.40,2,1966,R,210.7,1,5,1,2024-07-01,376200,238600,614800,614800
66142,Dollard-des-Ormeaux,78366739155,,1000,3741,19.05,580.60,2,1966,R,163.3,1,5,1,2024-07-01,391900,215500,607400,607400
66142,Dollard-des-Ormeaux,78366754261,,1000,3741,18.29,557.40,2,1965,R,153.1,1,2,1,2024-07-01,376200,230000,606200,606200
66142,Dollard-des-Ormeaux,78366769368,,1000,3741,18.29,557.40,1,1965,R,100.8,1,1,1,2024-07-01,376200,189000,565200,565200
66142,Dollard-des-Ormeaux,78366783476,,1000,3741,18.29,557.40,2,1964,R,134.0,1,5,1,2024-07-01,376200,241900,618100,618100
66142,Dollard-des-Ormeaux,78366798581,,1000,3741,30.48,595.90,2,1966,R,234.2,1,5,1,2024-07-01,402200,293400,695600,695600
66142,Dollard-des-Ormeaux,78365680087,,1000,3741,18.29,569.40,2,1963,R,210.7,1,5,1,2024-07-01,384300,248200,632500,632500
66142,Dollard-des-Ormeaux,78365694195,,1000,3741,18.29,570.10,1,1964,R,125.8,1,1,1,2024-07-01,384800,250700,635500,635500
66142,Dollard-des-Ormeaux,78366609309,,1000,3741,18.29,570.90,2,1966,R,132.6,1,5,1,2024-07-01,385400,236100,621500,621500
66142,Dollard-des-Ormeaux,78366624407,,1000,3741,18.29,571.60,2,1966,R,132.7,1,5,1,2024-07-01,385800,286000,671800,671800
66142,Dollard-des-Ormeaux,78366639512,,1000,3741,18.29,572.40,2,1966,R,203.2,1,5,1,2024-07-01,386400,298200,684600,684600
66142,Dollard-des-Ormeaux,78366653620,,1000,3741,18.29,573.10,2,1966,R,132.7,1,5,1,2024-07-01,386800,253100,639900,639900
66142,Dollard-des-Ormeaux,78366668735,,1000,3741,18.29,573.90,1,1965,R,123.2,1,1,1,2024-07-01,387400,280400,667800,667800
66142,Dollard-des-Ormeaux,78366683841,,1000,3741,18.29,574.60,2,1966,R,152.0,1,2,1,2024-07-01,387900,269200,657100,657100
66142,Dollard-des-Ormeaux,78366698955,,1000,3741,18.29,575.30,1,1963,R,105.7,1,1,1,2024-07-01,388300,168200,556500,556500
66142,Dollard-des-Ormeaux,78367720105,,1000,3741,36.58,1152.70,1,1956,R,179.5,1,1,1,2024-07-01,583600,286200,869800,869800
66142,Dollard-des-Ormeaux,78364666277,,1000,3741,16.59,586.80,2,1964,R,148.3,1,5,1,2024-07-01,396100,327900,724000,724000
66142,Dollard-des-Ormeaux,78364649208,,1000,3741,16.59,586.80,2,1964,R,154.2,1,2,1,2024-07-01,396100,241100,637200,637200
66142,Dollard-des-Ormeaux,78364631156,,1000,3741,16.59,586.80,2,1965,R,208.8,1,5,1,2024-07-01,396100,353900,750000,750000
66142,Dollard-des-Ormeaux,78364611133,,1000,3741,16.59,586.80,2,1964,R,134.0,1,5,1,2024-07-01,396100,256900,653000,653000
66142,Dollard-des-Ormeaux,78363693157,,1000,3741,16.59,586.80,2,1964,R,202.8,1,5,1,2024-07-01,396100,238800,634900,634900
66142,Dollard-des-Ormeaux,78363641024,,1000,3741,18.29,557.40,2,1965,R,156.4,1,2,1,2024-07-01,376200,209000,585200,585200
66142,Dollard-des-Ormeaux,78363558947,,1000,3741,19.40,559.30,2,1965,R,134.0,1,5,1,2024-07-01,377500,245300,622800,622800
66142,Dollard-des-Ormeaux,78363575875,,1000,3741,20.32,557.40,2,1965,R,206.8,1,5,1,2024-07-01,376200,311500,687700,687700
66142,Dollard-des-Ormeaux,78363592847,,1000,3741,20.32,557.40,2,1965,R,155.8,1,2,1,2024-07-01,376200,209900,586100,586100
66142,Dollard-des-Ormeaux,78364512836,,1000,3741,20.32,557.40,2,1965,R,165.1,1,5,1,2024-07-01,376200,246500,622700,622700
66142,Dollard-des-Ormeaux,78364529848,,1000,3741,20.32,557.40,2,1965,R,157.0,1,2,1,2024-07-01,376200,195500,571700,571700
66087,Dorval,83330982527,,1000,0022,51.84,2058.20,2,2005,R,362.8,1,5,1,2024-07-01,1481900,788500,2270400,2009200
66087,Dorval,83330969797,,1000,0022,16.15,1616.60,2,1999,R,512.0,1,5,1,2024-07-01,1280300,1571100,2851400,2523400
66087,Dorval,83340015110,,1000,0022,15.24,1068.00,1,1946,R,139.0,1,1,1,2024-07-01,837300,247300,1084600,959800
66087,Dorval,83340014345,,1000,0022,18.29,891.90,1,2003,R,186.6,1,4,1,2024-07-01,820500,589100,1409600,1247400
66087,Dorval,83340009527,,1000,0021,18.29,891.90,2,1911,R,217.6,1,5,2,2024-07-01,538500,320400,858900,760100
66087,Dorval,82349185445,,1000,0021,15.24,743.20,1,1939,R,145.2,1,4,1,2024-07-01,427300,190600,617900,542000
66087,Dorval,82349189298,,1000,0021,15.24,743.20,2,1954,R,350.9,1,5,1,2024-07-01,427300,987200,1414500,1240800
66087,Dorval,82349182566,,1000,0021,15.24,743.20,1,1986,R,128.8,1,1,1,2024-07-01,427300,462000,889300,780100
66087,Dorval,82349178739,,1000,0021,15.24,743.20,1,1987,R,151.9,1,1,1,2024-07-01,427300,510600,937900,822700
66087,Dorval,82349172955,,1000,0021,30.48,1486.40,2,2001,R,344.3,1,5,1,2024-07-01,726500,1174700,1901200,1667700
66087,Dorval,82349264158,,1000,0021,15.24,743.20,2,1937,R,285.1,1,5,2,2024-07-01,427300,487400,914700,809500
66087,Dorval,82349261303,,1000,0021,15.24,743.20,2,1937,R,259.8,1,5,2,2024-07-01,427300,632200,1059500,937600
66087,Dorval,82349256618,,1000,0021,15.24,743.20,2,1946,R,129.5,1,5,1,2024-07-01,427300,211900,639200,560700
66087,Dorval,82349258457,,1000,0021,15.24,743.20,1,1933,R,221.3,1,4,1,2024-07-01,427300,345600,772900,678000
66087,Dorval,82349246890,,1000,0021,15.24,743.20,2,1910,R,151.9,1,5,1,2024-07-01,427300,199600,626900,549900
66087,Dorval,82349249746,,1000,0021,15.24,743.20,2,1939,R,137.5,1,5,1,2024-07-01,427300,196100,623400,546800
66087,Dorval,82349342038,,1000,0021,15.24,743.20,2,1948,R,184.1,1,5,1,2024-07-01,427300,447800,875100,767600
66087,Dorval,82349389161,,1000,0021,15.24,743.20,1,1948,R,171.1,1,4,1,2024-07-01,427300,281300,708600,621600
66087,Dorval,82349393015,,1000,0021,15.24,743.20,2,1957,R,117.1,1,2,1,2024-07-01,427300,312700,740000,649100
66087,Dorval,82349297869,,1000,0021,15.24,743.20,2,2023,R,361.0,1,5,1,2024-07-01,427300,1356800,1784100,1565000
66087,Dorval,83340204573,,1000,0021,15.24,743.20,1,1927,R,247.0,1,4,1,2024-07-01,427300,268200,695500,610100
66087,Dorval,83340208426,,1000,0021,15.24,743.20,2,1939,R,111.1,1,5,1,2024-07-01,427300,153100,580400,509100
66087,Dorval,83340214291,,1000,0021,15.24,743.20,2,1949,R,179.5,1,5,1,2024-07-01,427300,275500,702800,616500
66087,Dorval,83340217187,,1000,0021,7.30,356.00,2,1941,R,98.3,2,5,1,2024-07-01,204700,278200,482900,423600
66087,Dorval,83340219100,,1000,0021,7.94,387.20,2,1941,R,97.8,2,5,1,2024-07-01,222600,224700,447300,392400
66087,Dorval,83340122999,,1000,0021,15.24,743.20,2,1941,R,247.4,1,4,1,2024-07-01,427300,327000,754300,661700
66087,Dorval,83340125851,,1000,0021,15.24,743.20,2,1919,R,185.6,1,5,1,2024-07-01,427300,253300,680600,597000
66087,Dorval,83340129705,,1000,0021,15.24,743.20,2,1942,R,135.9,1,5,1,2024-07-01,427300,236200,663500,582000
66087,Dorval,83340133566,,1000,0021,15.24,743.20,2,1936,R,183.1,1,5,2,2024-07-01,427300,157600,584900,517600
66087,Dorval,83340137377,,1000,0021,22.86,1114.80,1,1963,R,165.8,1,1,1,2024-07-01,544900,408400,953300,836200
66087,Dorval,83340143151,,1000,0021,22.86,1114.80,2,1918,R,273.5,1,5,3,2024-07-01,544900,282000,826900,731800
66087,Dorval,83340048962,,1000,0021,15.24,743.20,1,1950,R,95.6,1,1,1,2024-07-01,427300,126500,553800,485800
66087,Dorval,83340052824,,1000,0021,15.24,743.20,1,1949,R,148.6,1,1,1,2024-07-01,427300,285700,713000,625400
66087,Dorval,83340055660,,1000,0021,18.29,891.90,2,1924,R,135.3,1,5,1,2024-07-01,487200,252800,740000,649100
66087,Dorval,83340060488,,1000,0021,18.29,891.90,2,1929,R,266.7,1,5,1,2024-07-01,487200,891500,1378700,1209400
66087,Dorval,83340075254,,1000,0021,35.36,1104.60,1,1951,R,243.1,1,4,2,2024-07-01,571600,613200,1184800,1048500
66087,Dorval,83332825120,,1000,0022,31.71,897.80,1,1951,R,177.8,1,1,1,2024-07-01,861900,302600,1164500,1030500
66087,Dorval,83332812284,,1000,0022,19.01,621.40,1,1950,R,160.7,1,4,1,2024-07-01,621400,527900,1149300,1017100
66087,Dorval,83332801402,,1000,0022,22.02,746.10,2,1951,R,224.1,1,5,1,2024-07-01,746100,480700,1226800,1085700
66087,Dorval,83331882536,,1000,0022,20.71,741.30,2,1960,R,202.3,1,5,1,2024-07-01,741300,492200,1233500,1091600
66087,Dorval,83331962049,,1000,0022,18.39,1055.70,2,1987,R,429.4,1,5,1,2024-07-01,929000,718400,1647400,1457900
66087,Dorval,83331958245,,1000,0022,19.23,1126.20,2,1990,R,355.5,1,5,1,2024-07-01,973000,761900,1734900,1535300
66087,Dorval,83331955423,,1000,0021,17.61,990.10,1,1975,R,273.5,1,4,1,2024-07-01,626200,843900,1470100,1289600
66087,Dorval,83331949772,,1000,0021,18.43,892.00,2,1946,R,360.9,1,5,1,2024-07-01,487300,642000,1129300,990600
66087,Dorval,83331953592,,1000,0021,19.08,1058.80,1,1976,R,203.3,1,4,1,2024-07-01,627100,570800,1197900,1050800
66087,Dorval,83331945945,,1000,0021,18.29,886.30,1,1935,R,103.1,1,1,1,2024-07-01,458700,97300,556000,487700
66087,Dorval,83341041123,,1000,0021,18.29,886.30,2,1949,R,264.1,1,5,1,2024-07-01,484100,779700,1263800,1108600
66087,Dorval,83341036305,,1000,0021,18.29,886.30,2,1955,R,182.2,1,5,1,2024-07-01,484100,353700,837800,734900
66087,Dorval,83341023824,,1000,0021,18.29,886.30,2,1911,R,174.4,1,5,2,2024-07-01,484100,312300,796400,704800
66087,Dorval,83341019988,,1000,0021,15.24,737.40,2,2012,R,301.4,1,5,1,2024-07-01,424000,897300,1321300,1159000
66087,Dorval,83341115133,,1000,0021,15.24,735.10,2,1949,R,179.1,1,5,1,2024-07-01,422700,473000,895700,785700
66087,Dorval,83341110357,,1000,0021,30.48,1467.90,1,1940,R,207.4,1,4,1,2024-07-01,717400,241900,959300,841500
66087,Dorval,83341104582,,1000,0021,15.24,775.40,2,1914,R,179.4,1,4,1,2024-07-01,445900,254300,700200,614200
66087,Dorval,83340199765,,1000,0021,22.86,1107.60,2,2013,R,459.2,1,5,1,2024-07-01,554100,1352400,1906500,1672400
66087,Dorval,83340192943,,1000,0021,14.63,709.80,2,1945,R,183.2,2,5,1,2024-07-01,408100,479600,887700,778700
66087,Dorval,83340290069,,1000,0021,8.23,400.00,2,1945,R,141.2,2,5,1,2024-07-01,230000,358100,588100,515900
66087,Dorval,83340286166,,1000,0021,15.24,738.60,1,1985,R,146.0,1,4,1,2024-07-01,424700,495900,920600,807500
66087,Dorval,83340283320,,1000,0021,15.24,737.40,2,1931,R,187.6,1,5,1,2024-07-01,424000,322600,746600,654900
66087,Dorval,83340277538,,1000,0021,30.48,1481.80,1,1952,R,200.8,1,1,1,2024-07-01,622000,389000,1011000,886800
66087,Dorval,83340269808,,1000,0021,24.38,1192.10,1,1953,R,170.2,1,1,1,2024-07-01,541500,180200,721700,633100
66087,Dorval,83340364005,,1000,0021,18.29,898.00,1,1953,R,150.4,1,1,1,2024-07-01,459600,250800,710400,623200
66087,Dorval,83340359187,,1000,0021,18.29,901.30,1,1953,R,149.2,1,1,1,2024-07-01,461200,415000,876200,768600
66087,Dorval,82347897306,,1000,0031,28.96,1376.80,2,1950,R,215.4,1,5,1,2024-07-01,464700,329400,794100,778500
66087,Dorval,82348765825,,1000,0031,19.81,465.00,1,1953,R,101.5,1,1,1,2024-07-01,209300,244000,453300,444400
66087,Dorval,82348783927,,1000,0031,19.81,465.00,1,1953,R,101.4,1,1,1,2024-07-01,209300,284500,493800,484100
66087,Dorval,82349801009,,1000,0031,19.81,465.00,1,1953,R,186.3,1,4,1,2024-07-01,209300,478500,687800,674300
66087,Dorval,82349819092,,1000,0031,19.81,465.00,1,1953,R,101.5,1,1,1,2024-07-01,209300,310000,519300,509100
66087,Dorval,82349837177,,1000,0031,19.81,465.00,1,1953,R,101.5,1,1,1,2024-07-01,209300,237300,446600,437800
66087,Dorval,82349855260,,1000,0031,19.81,465.00,1,1953,R,101.5,1,1,1,2024-07-01,209300,224500,433800,425300
66087,Dorval,82349876407,,1000,0031,16.12,798.70,2,1953,R,216.5,1,2,1,2024-07-01,323500,214800,538300,527700
66087,Dorval,82349874642,,1000,0031,18.29,473.30,1,1953,R,101.5,1,1,1,2024-07-01,213000,229800,442800,434100
66087,Dorval,82349869824,,1000,0031,18.59,446.50,1,1953,R,101.4,1,1,1,2024-07-01,200900,278200,479100,469700
66087,Dorval,82349964005,,1000,0031,18.59,448.70,1,1953,R,101.5,1,1,1,2024-07-01,201900,244700,446600,437800
66087,Dorval,82349959187,,1000,0031,18.59,450.90,1,1953,R,101.5,1,1,1,2024-07-01,202900,311300,514200,504100
66087,Dorval,82349955367,,1000,0031,18.59,453.10,1,1953,R,101.4,1,1,1,2024-07-01,203900,233200,437100,428500
66087,Dorval,82349950541,,1000,0031,18.59,451.10,1,1953,R,101.4,1,1,1,2024-07-01,203000,231400,434400,425900
66087,Dorval,82349945715,,1000,0031,18.29,432.90,1,1953,R,101.4,1,1,1,2024-07-01,194800,230200,425000,416700
66087,Dorval,82349935948,,1000,0031,15.51,889.10,1,1953,R,101.5,1,1,1,2024-07-01,340100,278100,618200,606100
66087,Dorval,82359032222,,1000,0031,19.81,460.70,1,1953,R,101.5,1,1,1,2024-07-01,207300,293200,500500,490700
66087,Dorval,82359013172,,1000,0031,19.81,458.90,1,1953,R,101.5,1,1,1,2024-07-01,206500,245300,451800,442900
66087,Dorval,82358094116,,1000,0031,19.81,458.90,1,1953,R,101.5,1,1,1,2024-07-01,206500,255700,462200,453100
66087,Dorval,82358075065,,1000,0031,19.81,458.90,1,1953,R,101.4,1,1,1,2024-07-01,206500,236700,443200,434500
66087,Dorval,82358056008,,1000,0031,19.81,458.90,1,1953,R,101.5,1,1,1,2024-07-01,206500,250400,456900,447900
66087,Dorval,82348937952,,1000,0031,19.81,458.90,1,1953,R,101.5,1,1,1,2024-07-01,206500,228300,434800,426300
66087,Dorval,82348917905,,1000,0031,19.81,458.90,1,1953,R,101.4,1,1,1,2024-07-01,206500,229300,435800,427300
66087,Dorval,82347998849,,1000,0031,19.81,458.90,1,1953,R,101.5,1,1,1,2024-07-01,206500,221000,427500,419100
66087,Dorval,82347979799,,1000,0031,19.81,458.90,1,1953,R,101.4,1,1,1,2024-07-01,206500,227900,434400,425900
66087,Dorval,82347956714,,1000,0031,26.79,663.40,1,1953,R,101.5,1,1,1,2024-07-01,298500,222400,520900,510700
66087,Dorval,82347956482,,1000,0031,25.44,496.80,1,1953,R,101.4,1,1,1,2024-07-01,223600,214800,438400,429800
66087,Dorval,82347975532,,1000,0031,19.81,458.90,1,1953,R,101.4,1,1,1,2024-07-01,206500,280000,486500,477000
66087,Dorval,82347995597,,1000,0031,19.81,458.90,1,1953,R,101.4,1,1,1,2024-07-01,206500,233400,439900,431300
66087,Dorval,82348914647,,1000,0031,19.81,458.90,1,1953,R,101.4,1,1,1,2024-07-01,206500,287700,494200,484500
66087,Dorval,82348933704,,1000,0031,19.81,458.90,1,1953,R,109.2,1,1,1,2024-07-01,206500,287300,493800,484100
66087,Dorval,82348952753,,1000,0031,19.81,458.90,1,1953,R,101.4,1,1,1,2024-07-01,206500,271800,478300,468900
66087,Dorval,82348971803,,1000,0031,19.81,458.90,1,1953,R,101.4,1,1,1,2024-07-01,206500,229200,435700,427200
66087,Dorval,82348990860,,1000,0031,19.81,458.90,1,1953,R,101.4,1,1,1,2024-07-01,206500,296700,503200,493300
66087,Dorval,82349910917,,1000,0031,19.81,458.90,1,1953,R,101.4,1,1,1,2024-07-01,206500,245300,451800,442900
66087,Dorval,82349907475,,1000,0031,20.42,468.80,1,1953,R,101.5,1,1,1,2024-07-01,211000,246600,457600,448600
66087,Dorval,82349912277,,1000,0031,20.42,473.10,1,1953,R,101.5,1,1,1,2024-07-01,212900,268400,481300,471900
66087,Dorval,82349917078,,1000,0031,20.42,473.10,1,1953,R,101.5,1,1,1,2024-07-01,212900,233700,446600,437800
66087,Dorval,82349823888,,1000,0031,20.42,473.10,1,1953,R,101.4,1,1,1,2024-07-01,212900,245000,457900,448900
66087,Dorval,82349828648,,1000,0031,23.61,643.90,1,1953,R,101.5,1,1,1,2024-07-01,289800,268200,558000,547100
66087,Dorval,82349808509,,1000,0031,23.61,472.40,1,1953,R,101.5,1,1,1,2024-07-01,212600,277800,490400,480800
66087,Dorval,82349803690,,1000,0031,18.59,430.70,1,1953,R,101.4,1,1,1,2024-07-01,193800,282700,476500,467200
66087,Dorval,82348898873,,1000,0031,18.59,430.70,1,1953,R,101.4,1,1,1,2024-07-01,193800,251200,445000,436300
66087,Dorval,82348994052,,1000,0031,18.59,430.70,1,1953,R,101.4,1,1,1,2024-07-01,193800,258300,452100,443200
66087,Dorval,82348989235,,1000,0031,18.59,430.70,1,1953,R,101.4,1,1,1,2024-07-01,193800,237600,431400,422900
66087,Dorval,82348984418,,1000,0031,23.17,434.60,1,1953,R,101.5,1,1,1,2024-07-01,195600,294400,490000,462200
66087,Dorval,82348947316,,1000,0031,19.20,440.60,1,1953,R,101.5,1,1,1,2024-07-01,198300,267200,465500,456400
66087,Dorval,82348952126,,1000,0031,19.20,444.80,1,1953,R,101.5,1,1,1,2024-07-01,200200,246400,446600,437800
66087,Dorval,82348857937,,1000,0031,19.20,444.80,1,1953,R,101.4,1,1,1,2024-07-01,200200,265300,465500,456400
66087,Dorval,82348862754,,1000,0031,19.20,444.80,1,1953,R,101.5,1,1,1,2024-07-01,200200,290100,490300,480700
66087,Dorval,82348867563,,1000,0031,19.20,476.90,1,1953,R,179.4,1,4,1,2024-07-01,214600,435100,649700,637000
66087,Dorval,82348872357,,1000,0031,23.61,539.80,1,1953,R,101.5,1,1,1,2024-07-01,242900,250400,493300,483600
66087,Dorval,82348851252,,1000,0031,23.61,560.60,2,1953,R,164.2,1,2,1,2024-07-01,252300,300900,553200,542400
66087,Dorval,82348845460,,1000,0031,23.41,489.30,1,1953,R,101.4,1,1,1,2024-07-01,220200,289300,509500,499500
66087,Dorval,82348840677,,1000,0031,19.81,458.90,1,1953,R,101.4,1,1,1,2024-07-01,206500,264300,470800,461600
66087,Dorval,82348835867,,1000,0031,19.81,458.90,1,1953,R,101.4,1,1,1,2024-07-01,206500,224900,431400,422900
66087,Dorval,82348930056,,1000,0031,19.81,458.90,1,1953,R,101.4,1,1,1,2024-07-01,206500,252000,458500,449500
66087,Dorval,82348925247,,1000,0031,23.17,462.80,1,1953,R,101.4,1,1,1,2024-07-01,208300,269100,477400,468000
66087,Dorval,82347988139,,1000,0031,20.36,467.80,1,1953,R,101.4,1,1,1,2024-07-01,210500,306000,516500,506400
66087,Dorval,82347965079,,1000,0031,24.39,483.80,1,1953,R,101.4,1,1,1,2024-07-01,217700,271900,489600,480000
66087,Dorval,82347870881,,1000,0031,19.66,479.40,1,1953,R,101.4,1,1,1,2024-07-01,215700,256800,472500,463200
66087,Dorval,82347893941,,1000,0031,19.66,455.40,1,1953,R,101.4,1,1,1,2024-07-01,204900,228400,433300,424800
66087,Dorval,82347898759,,1000,0031,19.66,455.40,1,1953,R,101.5,1,1,1,2024-07-01,204900,245900,450800,442000
66087,Dorval,82347875690,,1000,0031,19.66,479.40,1,1953,R,101.4,1,1,1,2024-07-01,215700,210500,426200,417800
66087,Dorval,82347880518,,1000,0031,19.72,480.90,1,1953,R,101.4,1,1,1,2024-07-01,216400,250400,466800,457600
66087,Dorval,82348803568,,1000,0031,19.72,456.80,1,1953,R,101.4,1,1,1,2024-07-01,205600,225100,430700,422300
66087,Dorval,82348815075,,1000,0031,23.61,544.90,1,1953,R,101.4,1,1,1,2024-07-01,220700,229400,450100,441300
66087,Dorval,82348758325,,1000,0031,21.34,483.00,1,1951,R,106.4,1,4,1,2024-07-01,217400,184900,402300,394400
66087,Dorval,82348757145,,1000,0031,15.24,508.50,1,1951,R,116.8,1,4,1,2024-07-01,228800,244100,472900,463600
66087,Dorval,82348661982,,1000,0031,15.24,520.30,1,1951,R,120.0,1,4,1,2024-07-01,234100,235200,469300,460100
66087,Dorval,82348664861,,1000,0031,15.24,520.30,1,1951,R,106.4,1,4,1,2024-07-01,234100,178500,412600,404500
66087,Dorval,82348668698,,1000,0031,15.24,520.30,1,1951,R,106.4,1,4,1,2024-07-01,234100,201600,435700,427200
66087,Dorval,82348673557,,1000,0031,15.24,520.30,1,1951,R,106.4,1,4,1,2024-07-01,234100,219300,453400,444500
66087,Dorval,82348677392,,1000,0031,15.24,520.30,1,1951,R,106.4,1,4,1,2024-07-01,234100,164700,398800,391000
66087,Dorval,82348681253,,1000,0031,15.24,520.30,1,1951,R,106.4,1,4,1,2024-07-01,234100,201600,435700,427200
66087,Dorval,82348685106,,1000,0031,15.24,520.30,1,1951,R,106.4,1,4,1,2024-07-01,234100,161800,395900,388100
66087,Dorval,82348589951,,1000,0031,15.24,520.30,1,1951,R,109.4,1,4,1,2024-07-01,234100,318100,552200,541400
66087,Dorval,82348592815,,1000,0031,15.24,520.30,1,1951,R,120.9,1,4,1,2024-07-01,234100,187000,421100,412800
66087,Dorval,82348597673,,1000,0031,15.24,520.30,1,1951,R,106.4,1,4,1,2024-07-01,234100,208000,442100,433400
66087,Dorval,82349501526,,1000,0031,15.24,520.30,1,1951,R,106.4,1,4,1,2024-07-01,234100,227800,461900,452800
66087,Dorval,82349504389,,1000,0031,15.24,520.30,1,1951,R,106.4,1,4,1,2024-07-01,234100,232700,466800,457600
66087,Dorval,82349510220,,1000,0031,24.38,653.90,1,1952,R,128.7,1,4,1,2024-07-01,264800,241700,506500,496600
66087,Dorval,82349566230,,1000,0031,20.12,865.20,1,1951,R,115.6,1,4,1,2024-07-01,330900,194500,525400,515100
66087,Dorval,82349561421,,1000,0031,15.24,520.30,1,1951,R,105.1,1,4,1,2024-07-01,234100,148700,382800,375300
66087,Dorval,82349558575,,1000,0031,15.24,520.30,1,1951,R,104.0,1,4,1,2024-07-01,234100,193000,427100,418700
66087,Dorval,82349553725,,1000,0031,15.24,520.30,1,1951,R,127.8,1,4,1,2024-07-01,234100,254300,488400,478800
66087,Dorval,82349549871,,1000,0031,15.24,520.30,1,1951,R,100.9,1,4,1,2024-07-01,234100,184400,418500,410300
66087,Dorval,82349645026,,1000,0031,15.24,520.30,1,1951,R,100.9,1,4,1,2024-07-01,234100,172900,407000,399000
66087,Dorval,82349640167,,1000,0031,15.24,520.30,1,1951,R,106.9,1,4,1,2024-07-01,234100,249500,483600,474100
66087,Dorval,82349637312,,1000,0031,15.24,520.30,1,1951,R,107.8,1,4,1,2024-07-01,234100,163100,397200,389400
66087,Dorval,82349632453,,1000,0031,15.24,520.30,1,1951,R,105.1,1,4,1,2024-07-01,234100,176800,410900,402800
66087,Dorval,82349628600,,1000,0031,15.24,520.30,1,1951,R,105.1,1,4,1,2024-07-01,234100,188900,423000,414700
66087,Dorval,82349624757,,1000,0031,15.24,520.30,1,1951,R,107.8,1,4,1,2024-07-01,234100,217000,451100,442300
66087,Dorval,82349620904,,1000,0031,15.24,520.30,1,1951,R,107.8,1,4,1,2024-07-01,234100,216100,450200,441400
66087,Dorval,82349716041,,1000,0031,15.24,520.30,1,1951,R,102.4,1,4,1,2024-07-01,234100,163100,397200,389400
66087,Dorval,82349712198,,1000,0031,15.24,520.30,1,1951,R,106.4,1,4,1,2024-07-01,234100,236900,471000,461800
66087,Dorval,82349708345,,1000,0031,15.24,520.30,1,1951,R,107.8,1,4,1,2024-07-01,234100,248300,482400,472900
66087,Dorval,82349704518,,1000,0031,17.24,641.70,1,1951,R,107.8,1,4,1,2024-07-01,288800,138300,427100,418700
66087,Dorval,82349734663,,1000,0031,16.06,475.80,1,1951,R,107.8,1,4,1,2024-07-01,214100,169300,383400,375900
66087,Dorval,82349738532,,1000,0031,15.24,520.30,1,1951,R,107.8,1,4,1,2024-07-01,234100,196300,430400,422000
66087,Dorval,82349742385,,1000,0031,15.24,520.30,1,1951,R,106.4,1,4,1,2024-07-01,234100,216100,450200,441400
66087,Dorval,82349746238,,1000,0031,15.24,520.30,1,1951,R,111.7,1,4,1,2024-07-01,234100,204900,439000,430400
66087,Dorval,82349750081,,1000,0031,15.24,520.30,1,1951,R,111.7,1,4,1,2024-07-01,234100,169200,403300,395400
66087,Dorval,82349654937,,1000,0031,15.24,520.30,1,1951,R,116.7,1,4,1,2024-07-01,234100,238400,472500,463200
66087,Dorval,82349658789,,1000,0031,15.24,520.30,1,1951,R,106.4,1,4,1,2024-07-01,234100,186100,420200,412000
66087,Dorval,82349662633,,1000,0031,15.24,520.30,1,1951,R,111.7,1,4,1,2024-07-01,234100,275800,509900,499900
66087,Dorval,82349666485,,1000,0031,15.24,520.30,1,1951,R,113.6,1,4,1,2024-07-01,234100,191900,426000,417600
66087,Dorval,82349670347,,1000,0031,15.24,520.30,1,1951,R,106.4,1,4,1,2024-07-01,234100,204000,438100,429500
66087,Dorval,82349674190,,1000,0031,15.24,520.30,1,1951,R,106.4,1,4,1,2024-07-01,234100,182900,417000,408800
66087,Dorval,82349678050,,1000,0031,15.24,520.30,1,1951,R,111.7,1,4,1,2024-07-01,234100,242900,477000,467600
66087,Dorval,82349582906,,1000,0031,15.24,520.30,1,1951,R,111.7,1,4,1,2024-07-01,234100,165500,399600,391800
66087,Dorval,82349585750,,1000,0031,15.24,520.30,1,1951,R,106.3,1,4,1,2024-07-01,234100,174500,408600,400600
66087,Dorval,82349590610,,1000,0031,15.24,520.30,1,1951,R,106.3,1,4,1,2024-07-01,234100,176900,411000,402900
66087,Dorval,82349593465,,1000,0031,15.24,520.30,1,1951,R,111.7,1,4,1,2024-07-01,234100,171500,405600,397600
66087,Dorval,82349597318,,1000,0031,15.24,520.30,1,1951,R,111.7,1,4,1,2024-07-01,234100,200600,434700,426200
66087,Dorval,83340502182,,1000,0031,21.34,549.90,1,1951,R,111.7,1,4,1,2024-07-01,222700,172700,395400,387600
66087,Dorval,82349880078,,1000,0031,18.26,780.80,1,1951,R,111.7,1,4,1,2024-07-01,351400,160900,512300,502300
66087,Dorval,82349786903,,1000,0031,15.24,543.90,1,1951,R,111.7,1,4,1,2024-07-01,244800,206300,451100,442300
66087,Dorval,82349788768,,1000,0031,15.24,540.20,1,1951,R,111.7,1,4,1,2024-07-01,243100,164900,408000,400000
66087,Dorval,82349792612,,1000,0031,15.24,536.50,1,1951,R,111.7,1,4,1,2024-07-01,241400,169500,410900,402800
66087,Dorval,82349796464,,1000,0031,15.24,532.80,1,1951,R,106.3,1,4,1,2024-07-01,239800,167200,407000,399000
66087,Dorval,83340700315,,1000,0031,15.24,532.30,1,1951,R,111.7,1,4,1,2024-07-01,239500,198200,437700,429100
66087,Dorval,83340704176,,1000,0031,15.24,534.80,1,1951,R,129.1,1,4,1,2024-07-01,240700,255700,496400,486700
66087,Dorval,83340709027,,1000,0031,15.24,537.00,1,1951,R,111.7,1,4,1,2024-07-01,241700,308000,549700,538900
66087,Dorval,83340613872,,1000,0031,15.24,539.00,1,1951,R,115.4,1,4,1,2024-07-01,242600,234300,476900,467500
66087,Dorval,83340618723,,1000,0031,15.24,540.90,1,1951,R,111.7,1,4,1,2024-07-01,243400,175400,418800,410600
66087,Dorval,83340622584,,1000,0031,15.24,542.60,1,1951,R,106.3,1,4,1,2024-07-01,244200,205500,449700,440900
66087,Dorval,83340626437,,1000,0031,15.24,543.00,1,1951,R,119.0,1,4,1,2024-07-01,244400,158000,402400,394500
66087,Dorval,83340629282,,1000,0031,15.24,540.40,1,1951,R,111.7,1,4,1,2024-07-01,243200,173100,416300,408100
66087,Dorval,83340633136,,1000,0031,15.24,536.20,1,1951,R,110.4,1,4,1,2024-07-01,241300,277400,518700,508500
66087,Dorval,83340537998,,1000,0031,15.24,532.10,1,1951,R,153.7,1,4,1,2024-07-01,239400,260600,500000,490200
66087,Dorval,83340540844,,1000,0031,15.24,527.90,1,1951,R,110.4,1,4,1,2024-07-01,237600,197200,434800,426300
66087,Dorval,83340546692,,1000,0031,15.24,523.70,1,1951,R,121.0,1,4,1,2024-07-01,235700,172900,408600,400600
66087,Dorval,83340549555,,1000,0031,15.24,519.50,1,1951,R,121.4,1,4,1,2024-07-01,233800,273100,506900,497000
66087,Dorval,83331878690,,1000,0022,18.20,832.50,2,1986,R,204.6,1,2,1,2024-07-01,832500,332000,1164500,1030500
66087,Dorval,83331868873,,1000,0022,19.96,1053.20,1,1936,R,250.3,1,5,2,2024-07-01,968900,374100,1343000,1188500
66087,Dorval,83334448020,,1000,0047,,1324.20,1,1964,R,115.1,1,1,1,2024-07-01,953400,343300,1296700,1223300
66087,Dorval,83334564065,,1000,0022,16.00,617.90,1,1952,R,140.1,1,4,1,2024-07-01,494300,307300,801600,709400
66062,Hampstead,93388234226,,1000,3719,15.24,511.00,2,1954,R,295.6,2,5,3,2024-07-01,511000,483700,994700,965700
66062,Hampstead,93388221298,,1000,3719,15.24,512.70,2,1954,R,295.6,2,5,3,2024-07-01,512700,474200,986900,958200
66062,Hampstead,93388209384,,1000,3719,16.23,544.10,2,1954,R,300.7,2,5,2,2024-07-01,544100,573500,1117600,1085000
66062,Hampstead,93387269637,,1000,3719,15.24,511.00,2,1954,R,292.0,2,5,2,2024-07-01,511000,491600,1002600,973400
66062,Hampstead,93387256725,,1000,3719,16.18,542.60,2,1953,R,338.3,2,5,2,2024-07-01,542600,504800,1047400,1016900
66062,Hampstead,93387242808,,1000,3719,16.18,542.60,2,1953,R,339.1,2,5,3,2024-07-01,542600,668700,1211300,1176000
66062,Hampstead,93387217966,,1000,3719,15.24,511.00,2,1954,R,312.1,2,5,3,2024-07-01,511000,489100,1000100,971000
66062,Hampstead,93387303055,,1000,3719,17.71,592.00,2,1954,R,300.6,1,5,3,2024-07-01,592000,353700,945700,918200
66062,Hampstead,93386366327,,1000,3719,24.66,766.10,2,1958,R,392.1,1,5,2,2024-07-01,651200,648400,1299600,1261700
66062,Hampstead,93386349422,,1000,3719,15.24,473.70,2,1950,R,247.3,2,5,2,2024-07-01,473700,405300,879000,853400
66062,Hampstead,93386337500,,1000,3719,15.24,474.10,2,1958,R,247.3,2,5,2,2024-07-01,474100,399500,873600,848200
66062,Hampstead,93386324599,,1000,3719,15.24,474.40,2,1950,R,298.8,2,5,3,2024-07-01,474400,428100,902500,876200
66062,Hampstead,93386311661,,1000,3719,15.24,474.70,2,1950,R,298.8,2,5,2,2024-07-01,474700,427200,901900,875600
66062,Hampstead,93385399758,,1000,3719,15.24,475.00,2,1950,R,247.3,2,5,1,2024-07-01,475000,616500,1091500,1020100
66062,Hampstead,93385386839,,1000,3719,15.24,475.30,2,1950,R,247.3,2,5,3,2024-07-01,475300,402900,878200,852600
66062,Hampstead,93385373902,,1000,3719,15.24,475.70,2,1950,R,247.3,2,5,2,2024-07-01,475700,364800,840500,816000
66062,Hampstead,93385361980,,1000,3719,15.24,475.90,2,1950,R,247.3,2,5,2,2024-07-01,475900,399300,875200,849700
66062,Hampstead,93385448068,,1000,3719,15.24,476.20,2,1950,R,236.7,2,5,2,2024-07-01,476200,336700,812900,789200
66062,Hampstead,93385435149,,1000,3719,15.24,476.50,2,1950,R,235.8,2,5,2,2024-07-01,476500,482800,959300,931400
66062,Hampstead,93385422220,,1000,3719,15.24,476.90,2,1950,R,240.7,2,5,2,2024-07-01,476900,543600,1020500,990800
66062,Hampstead,93385410308,,1000,3719,15.24,477.20,2,1950,R,247.3,2,5,1,2024-07-01,477200,708700,1185900,1108300
66062,Hampstead,93384497389,,1000,3719,15.24,477.40,2,1950,R,247.3,2,5,2,2024-07-01,477400,354200,831600,807400
66062,Hampstead,93384484478,,1000,3719,15.24,477.80,2,1950,R,249.8,2,5,1,2024-07-01,477800,643300,1121100,1047800
66062,Hampstead,93384470543,,1000,3719,15.24,477.90,2,1950,R,288.1,2,5,2,2024-07-01,477900,458900,936800,909500
66062,Hampstead,93384458621,,1000,3719,15.24,478.40,2,1950,R,236.7,2,5,2,2024-07-01,478400,270300,748700,726900
66062,Hampstead,93384426842,,1000,3719,21.67,674.60,2,1950,R,247.3,1,5,2,2024-07-01,674600,302000,976600,948200
66062,Hampstead,93384410952,,1000,3719,15.24,474.90,2,1950,R,270.2,2,5,2,2024-07-01,474900,1378500,1853400,1799400
66062,Hampstead,93383597023,,1000,3719,15.24,475.30,2,1950,R,267.6,2,5,2,2024-07-01,475300,642200,1117500,1027300
66062,Hampstead,93383584112,,1000,3719,15.01,468.40,2,1950,R,247.3,2,5,2,2024-07-01,468400,359800,828200,804100
66062,Hampstead,93383570152,,1000,3719,15.45,600.20,2,1950,R,342.8,2,5,3,2024-07-01,540200,699700,1239900,1203800
66062,Hampstead,93383559270,,1000,3719,15.24,476.20,2,1950,R,247.3,2,5,2,2024-07-01,476200,396200,872400,847000
66062,Hampstead,93383546350,,1000,3719,15.24,476.60,2,1950,R,247.3,2,5,2,2024-07-01,476600,544100,1020700,808200
66062,Hampstead,93383533432,,1000,3719,15.24,476.90,2,1950,R,277.4,2,5,3,2024-07-01,476900,693500,1170400,976700
66062,Hampstead,93383521510,,1000,3719,15.24,477.20,2,1950,R,244.8,2,5,2,2024-07-01,477200,458000,935200,908000
66062,Hampstead,93383508590,,1000,3719,15.24,477.60,2,1950,R,261.2,2,5,2,2024-07-01,477600,429000,906600,880200
66062,Hampstead,93382595671,,1000,3719,15.24,477.90,2,1950,R,261.2,2,5,2,2024-07-01,477900,428700,906600,880200
66062,Hampstead,93382583750,,1000,3719,15.24,478.30,2,1950,R,261.2,2,5,2,2024-07-01,478300,249100,727400,706200
66062,Hampstead,93382568801,,1000,3719,15.24,596.60,2,1950,R,261.2,2,5,2,2024-07-01,536900,387300,924200,897300
66062,Hampstead,93382557911,,1000,3719,15.24,478.90,2,1950,R,261.2,2,5,2,2024-07-01,478900,445900,924800,897900
66062,Hampstead,93382644008,,1000,3719,15.24,479.20,2,1950,R,261.2,2,5,2,2024-07-01,479200,494200,973400,945000
66062,Hampstead,93382631070,,1000,3719,15.24,479.60,2,1950,R,281.1,2,5,2,2024-07-01,479600,397700,877300,851700
66062,Hampstead,93382619158,,1000,3719,15.24,479.90,2,1950,R,363.0,2,5,1,2024-07-01,479900,769600,1249500,1167800
66062,Hampstead,93381686372,,1000,3719,15.19,530.60,2,1950,R,130.6,2,5,1,2024-07-01,530600,308100,838700,783800
66062,Hampstead,93381673453,,1000,3719,15.21,530.00,2,1950,R,130.5,2,5,1,2024-07-01,530000,418900,948900,886800
66062,Hampstead,93381660534,,1000,3719,14.94,530.30,2,1950,R,130.6,2,5,1,2024-07-01,530300,462800,993100,928100
66062,Hampstead,93381647606,,1000,3719,15.27,533.20,2,1950,R,130.6,2,5,1,2024-07-01,533200,306500,839700,784800
66062,Hampstead,93381634687,,1000,3719,15.27,533.40,2,1950,R,207.0,2,5,1,2024-07-01,533400,858300,1391700,1300700
66062,Hampstead,93381621775,,1000,3719,15.24,533.80,2,1950,R,127.9,2,5,1,2024-07-01,533800,356000,889800,831600
66062,Hampstead,93381608855,,1000,3719,15.24,534.10,2,1950,R,180.3,2,5,1,2024-07-01,534100,776700,1310800,1225000
66062,Hampstead,93380696927,,1000,3719,15.23,535.10,2,1950,R,130.5,2,5,1,2024-07-01,535100,344300,879400,821900
66062,Hampstead,93380783006,,1000,3719,15.23,535.10,2,1950,R,126.0,2,5,1,2024-07-01,535100,307400,842500,787400
66062,Hampstead,93380770102,,1000,3719,15.24,534.60,2,1950,R,126.0,2,5,1,2024-07-01,534600,235500,770100,719700
66062,Hampstead,93380757182,,1000,3719,15.24,534.80,2,1950,R,147.4,2,5,1,2024-07-01,534800,343800,878600,821100
66062,Hampstead,93380745260,,1000,3719,15.22,535.40,2,1950,R,115.0,2,5,1,2024-07-01,535400,370900,906300,847000
66062,Hampstead,93380732342,,1000,3719,15.22,535.80,2,1950,R,130.6,2,5,1,2024-07-01,535800,323400,859200,803000
66062,Hampstead,93380720420,,1000,3719,15.34,537.60,2,1950,R,140.8,2,5,1,2024-07-01,537600,339900,877500,820100
66062,Hampstead,94375757153,,1000,3722,20.73,614.00,1,1935,R,155.1,1,4,1,2024-07-01,663100,447100,1110200,1099200
66062,Hampstead,94375742254,,1000,3722,15.42,458.10,1,1937,R,160.4,1,4,1,2024-07-01,494700,471400,966100,956500
66062,Hampstead,94375729343,,1000,3722,16.73,498.20,1,1939,R,132.0,1,4,1,2024-07-01,538100,455600,993700,983900
66062,Hampstead,94375717413,,1000,3722,9.91,295.70,2,1925,R,187.2,2,4,1,2024-07-01,319400,688600,1008000,998000
66062,Hampstead,94375709469,,1000,3722,9.14,273.00,2,1925,R,212.6,2,4,1,2024-07-01,294800,828500,1123300,1112200
66062,Hampstead,94375701516,,1000,3722,9.14,273.30,2,1925,R,214.1,2,4,1,2024-07-01,295200,747600,1042800,1032500
66062,Hampstead,94374793563,,1000,3722,9.91,296.80,2,1925,R,177.6,2,4,1,2024-07-01,320500,806000,1126500,1115300
66062,Hampstead,94374784620,,1000,3722,9.91,297.30,2,1925,R,188.2,2,4,1,2024-07-01,321100,722700,1043800,1033500
66062,Hampstead,94374776667,,1000,3722,9.14,274.60,2,1925,R,223.1,2,4,1,2024-07-01,296600,962500,1259100,1246600
66062,Hampstead,94374768722,,1000,3722,9.14,274.90,2,1925,R,214.1,2,4,1,2024-07-01,296900,646300,943200,933900
66062,Hampstead,94374818048,,1000,0913,11.89,360.00,2,1932,R,369.4,2,4,2,2024-07-01,421200,751700,1172900,1138700
66062,Hampstead,94374807116,,1000,0913,11.89,360.60,2,1932,R,408.3,2,5,2,2024-07-01,421900,926200,1348100,1308800
66062,Hampstead,94373898173,,1000,0913,11.87,360.10,2,1932,R,410.1,2,5,2,2024-07-01,421300,795200,1216500,1181100
66062,Hampstead,94373887242,,1000,0913,13.72,417.30,2,1932,R,421.4,1,5,2,2024-07-01,488200,782000,1270200,1233200
66062,Hampstead,94373862401,,1000,0913,15.24,460.40,2,1947,R,370.3,1,5,3,2024-07-01,538700,873800,1412500,1371400
66062,Hampstead,94373849499,,1000,0913,15.85,479.50,2,1947,R,327.9,1,5,2,2024-07-01,561000,617700,1178700,1144400
66062,Hampstead,94373836579,,1000,0913,15.24,461.50,2,1951,R,332.1,1,5,2,2024-07-01,540000,718200,1258200,1221600
66062,Hampstead,94373823650,,1000,0913,15.24,462.20,2,1950,R,287.1,2,5,3,2024-07-01,540800,732300,1273100,1236000
66062,Hampstead,94373810749,,1000,0913,15.24,462.90,2,1950,R,285.3,2,5,2,2024-07-01,541600,668800,1210400,1175100
66062,Hampstead,94372897820,,1000,0913,15.24,463.40,2,1950,R,295.2,1,5,3,2024-07-01,542200,686400,1228600,1192800
66062,Hampstead,94372884919,,1000,0913,15.24,463.40,2,1947,R,321.2,1,5,2,2024-07-01,542200,855000,1397200,1356500
66062,Hampstead,94372871999,,1000,0913,15.24,464.00,2,1947,R,321.8,1,5,2,2024-07-01,542900,905800,1448700,1406500
66062,Hampstead,94372958077,,1000,0913,15.24,462.50,2,1947,R,322.9,1,5,2,2024-07-01,541100,879600,1420700,1379300
66062,Hampstead,94372946163,,1000,0913,15.24,465.00,2,1950,R,276.6,2,5,2,2024-07-01,544100,632100,1176200,1141900
66062,Hampstead,94372933245,,1000,0913,15.24,465.70,2,1950,R,276.8,2,5,2,2024-07-01,544900,957300,1502200,1458400
66062,Hampstead,94372920325,,1000,0913,15.24,466.30,2,1949,R,294.6,1,5,2,2024-07-01,545600,964600,1510200,1466200
66062,Hampstead,94371978597,,1000,0913,11.43,350.30,2,1939,R,301.1,2,5,2,2024-07-01,373400,879800,1253200,1216700
66062,Hampstead,94371969653,,1000,0913,11.43,350.60,2,1939,R,237.9,2,5,2,2024-07-01,410200,465300,875500,850000
66062,Hampstead,94371959712,,1000,0913,11.31,347.30,2,1957,R,290.9,2,5,2,2024-07-01,406300,670100,1076400,1045000
66062,Hampstead,94371950778,,1000,0913,9.94,305.50,2,1957,R,296.0,2,5,2,2024-07-01,357400,672900,1030300,1000300
66062,Hampstead,94371939854,,1000,0913,16.73,514.60,2,1938,R,331.2,1,5,2,2024-07-01,602100,964100,1566200,1520600
66062,Hampstead,94371925937,,1000,0913,15.21,468.40,2,1940,R,339.1,1,5,2,2024-07-01,548000,792000,1340000,1301000
66062,Hampstead,94381013013,,1000,0913,15.21,469.00,2,1938,R,331.4,1,5,2,2024-07-01,548700,517400,1066100,1035000
66062,Hampstead,94381000101,,1000,0913,15.21,469.50,2,1944,R,292.0,1,5,2,2024-07-01,549300,689100,1238400,1202300
66062,Hampstead,94380087182,,1000,0913,15.21,470.10,2,1939,R,260.9,1,5,3,2024-07-01,550000,973400,1523400,1479000
66062,Hampstead,94380063340,,1000,0913,15.21,471.10,2,1939,R,263.4,1,5,2,2024-07-01,551200,631400,1182600,1148200
66062,Hampstead,94380051428,,1000,0913,15.21,471.70,2,1939,R,263.4,1,5,2,2024-07-01,551900,532800,1084700,1053100
66062,Hampstead,94380038508,,1000,0913,15.19,471.50,2,1944,R,263.4,1,5,2,2024-07-01,551700,609900,1161600,1127800
66062,Hampstead,94380025588,,1000,0913,15.19,472.30,1,1951,R,171.0,1,4,1,2024-07-01,552600,615000,1167600,1091200
66062,Hampstead,94380012677,,1000,0913,15.18,472.40,2,1945,R,222.8,2,5,2,2024-07-01,552700,411500,964200,936100
66062,Hampstead,93389099743,,1000,0913,15.18,473.00,2,1945,R,247.6,2,5,2,2024-07-01,553400,450400,1003800,974600
66062,Hampstead,93389087847,,1000,0913,15.18,473.50,2,1944,R,224.6,2,5,1,2024-07-01,554000,572900,1126900,1053200
66062,Hampstead,93389074910,,1000,0913,15.18,474.10,2,1944,R,228.5,2,5,2,2024-07-01,554700,504900,1059600,1028700
66062,Hampstead,93389161006,,1000,0913,15.18,474.60,2,1944,R,228.2,2,5,2,2024-07-01,555300,368600,923900,897000
66062,Hampstead,93389148086,,1000,0913,15.18,475.10,2,1947,R,331.8,2,5,2,2024-07-01,555900,488200,1044100,1013700
66062,Hampstead,93389135166,,1000,0913,15.21,476.60,2,1944,R,215.0,2,5,2,2024-07-01,557600,487500,1045100,1014700
66062,Hampstead,93389123246,,1000,0913,15.21,477.10,2,1944,R,244.2,2,5,1,2024-07-01,558200,848500,1406700,1314700
66062,Hampstead,93388113958,,1000,3720,22.86,790.60,1,1952,R,209.6,1,2,1,2024-07-01,948700,947900,1896600,1772500
66062,Hampstead,93387294072,,1000,3720,22.86,791.20,1,1954,R,259.2,1,1,1,2024-07-01,949400,799200,1748600,1634200
66062,Hampstead,93387275196,,1000,3720,22.86,792.00,1,1952,R,367.9,1,4,1,2024-07-01,950400,1333100,2283500,2134100
66062,Hampstead,93387256311,,1000,3720,22.86,792.70,1,1952,R,265.7,1,1,1,2024-07-01,951200,728300,1679500,1569600
66062,Hampstead,93387237436,,1000,3720,22.86,793.40,1,1945,R,265.7,1,1,1,2024-07-01,952100,791700,1743800,1519500
66062,Hampstead,93387215572,,1000,3720,28.96,1006.10,1,1952,R,273.1,1,4,1,2024-07-01,1086600,681400,1768000,1652300
66062,Hampstead,93386290733,,1000,3720,30.73,1068.80,1,1955,R,248.0,1,1,1,2024-07-01,1090200,863800,1954000,1826200
66062,Hampstead,93386345057,,1000,3720,32.28,1220.20,1,1953,R,350.1,1,4,1,2024-07-01,1171400,917100,2088500,1951900
66062,Hampstead,93386321199,,1000,3720,22.86,864.10,1,1953,R,262.2,1,1,1,2024-07-01,1036900,977200,2014100,1882300
66062,Hampstead,93386302314,,1000,3720,22.86,864.10,2,1953,R,495.2,1,5,1,2024-07-01,1036900,1076400,2113300,1975000
66062,Hampstead,93385383430,,1000,3720,22.86,864.10,1,1953,R,460.8,1,4,1,2024-07-01,1036900,1040900,2077800,1941900
66062,Hampstead,93385364562,,1000,3720,22.86,864.10,1,1953,R,257.4,1,1,1,2024-07-01,1036900,647600,1684500,1574300
66062,Hampstead,93385345678,,1000,3720,22.86,864.10,1,1953,R,265.7,1,1,1,2024-07-01,1036900,842300,1879200,1756300
66062,Hampstead,93385326801,,1000,3720,22.86,864.10,1,1953,R,450.8,1,4,1,2024-07-01,1036900,1039000,2075900,1940100
66062,Hampstead,93385307926,,1000,3720,21.95,829.70,1,1953,R,275.0,1,1,1,2024-07-01,995600,853700,1849300,1728300
66062,Hampstead,93384489030,,1000,3720,21.64,818.00,1,1952,R,263.7,1,2,1,2024-07-01,981600,795200,1776800,1660600
66062,Hampstead,93384470162,,1000,3720,22.86,864.10,1,1953,R,427.2,1,4,1,2024-07-01,1036900,800800,1837700,1717500
66062,Hampstead,93384453259,,1000,3720,16.76,633.50,1,1951,R,212.5,2,4,1,2024-07-01,646200,445400,1091600,1020200
66062,Hampstead,93384440330,,1000,0911,15.85,599.10,1,1951,R,242.4,2,4,1,2024-07-01,599100,741700,1340800,1207900
66062,Hampstead,93384406554,,1000,0911,21.67,825.40,1,1951,R,166.1,1,1,1,2024-07-01,825400,535600,1361000,1226100
66062,Hampstead,93383489627,,1000,3718,15.24,464.50,2,1950,R,144.4,2,5,1,2024-07-01,603900,415100,1019000,952300
66062,Hampstead,93383476715,,1000,3718,15.24,464.50,2,1950,R,142.6,2,5,1,2024-07-01,603900,565700,1169600,1093100
66062,Hampstead,93383463788,,1000,3718,15.24,464.50,2,1950,R,188.2,2,5,1,2024-07-01,603900,638400,1242300,1161000
66062,Hampstead,93383451874,,1000,3718,15.24,464.50,2,1950,R,213.1,2,5,1,2024-07-01,603900,689400,1293300,1208700
66062,Hampstead,93383438947,,1000,3718,15.24,464.50,2,1950,R,192.9,2,5,1,2024-07-01,603900,611300,1215200,1135700
66062,Hampstead,93383525024,,1000,3718,15.24,464.50,2,1950,R,202.6,2,5,1,2024-07-01,603900,596000,1199900,1121400
66062,Hampstead,93383512113,,1000,3718,15.24,464.50,2,1950,R,221.1,2,5,1,2024-07-01,603900,656300,1260200,1177800
66062,Hampstead,93383500191,,1000,3718,15.24,464.50,2,1950,R,216.8,2,5,1,2024-07-01,603900,764300,1368200,1278700
66062,Hampstead,93382587264,,1000,3718,15.24,464.50,2,1950,R,145.0,2,5,1,2024-07-01,603900,440400,1044300,976000
66062,Hampstead,93382574353,,1000,3718,15.24,464.50,2,1950,R,197.2,2,5,1,2024-07-01,603900,727800,1331700,1244600
66062,Hampstead,93382562465,,1000,3718,15.24,580.60,3,1950,R,344.9,2,2,1,2024-07-01,754800,1091000,1845800,1725000
66062,Hampstead,93382549512,,1000,3718,15.34,469.60,2,1950,R,300.0,2,5,1,2024-07-01,610500,1128900,1739400,1625600
66062,Hampstead,93382536592,,1000,3718,15.24,468.60,2,1950,R,142.8,2,5,1,2024-07-01,609200,497900,1107100,1034700
66062,Hampstead,93382523673,,1000,3718,15.24,468.60,2,1950,R,160.2,2,4,1,2024-07-01,609200,655800,1265000,1182200
66062,Hampstead,93382512783,,1000,3718,15.24,580.60,2,1950,R,64.9,2,5,1,2024-07-01,679300,558000,1237300,1156400
66062,Hampstead,93381599864,,1000,3718,15.24,580.60,2,1950,R,209.0,2,5,1,2024-07-01,679300,754900,1434200,1340400
66062,Hampstead,93381667075,,1000,3718,15.24,529.60,2,1950,R,347.5,2,4,1,2024-07-01,654100,1470300,2124400,1985400
66062,Hampstead,93381654156,,1000,3718,15.24,528.00,2,1950,R,213.8,2,5,1,2024-07-01,652100,748300,1400400,1145000
66062,Hampstead,93381641237,,1000,3718,15.24,527.70,2,1950,R,155.9,2,4,1,2024-07-01,651700,718200,1369900,1280300
66062,Hampstead,93381629323,,1000,3718,15.24,529.50,2,1950,R,322.1,2,5,1,2024-07-01,653900,862600,1516500,1417300
66062,Hampstead,93381616403,,1000,3718,15.24,529.50,2,1950,R,130.9,2,5,1,2024-07-01,653900,330000,983900,919500
66062,Hampstead,93381603484,,1000,3718,15.24,530.10,2,1950,R,289.3,2,4,1,2024-07-01,654700,1089200,1743900,1629800
66062,Hampstead,93380690565,,1000,3718,15.19,529.20,2,1950,R,154.9,2,4,1,2024-07-01,653600,482300,1135900,1061600
66062,Hampstead,93380677653,,1000,3718,15.29,531.30,2,1950,R,180.2,2,4,1,2024-07-01,656200,581600,1237800,1156800
66062,Hampstead,93380664735,,1000,3718,15.24,530.40,2,1950,R,294.7,2,4,1,2024-07-01,655000,1072400,1727400,1614400
66062,Hampstead,93380652813,,1000,3718,15.24,529.50,2,1950,R,259.3,2,5,1,2024-07-01,653900,870900,1524800,1425000
66062,Hampstead,93380639893,,1000,3718,15.24,529.50,2,1950,R,259.8,2,5,1,2024-07-01,653900,723400,1377300,1287200
66062,Hampstead,93380626965,,1000,3718,15.24,529.50,2,1950,R,272.0,2,5,1,2024-07-01,653900,876600,1530500,1430400
66062,Hampstead,93380714050,,1000,3718,15.24,529.50,2,1950,R,139.1,2,5,1,2024-07-01,653900,386700,1040600,972500
66062,Hampstead,93380701123,,1000,3718,15.24,529.50,2,1950,R,300.4,2,4,1,2024-07-01,653900,1296000,1949900,1822300
66062,Hampstead,94376601277,,1000,3722,10.52,320.50,2,1927,R,208.8,2,4,1,2024-07-01,384600,650400,1035000,1024800
66062,Hampstead,94375693325,,1000,3722,9.91,301.90,2,1927,R,180.9,2,4,1,2024-07-01,362300,946300,1308600,1295600
66062,Hampstead,94375685370,,1000,3722,9.91,301.90,2,1927,R,181.0,2,4,1,2024-07-01,362300,768400,1130700,1119500
66062,Hampstead,94375676429,,1000,3722,9.14,278.70,2,1927,R,179.8,2,4,1,2024-07-01,334400,829700,1164100,1152600
66062,Hampstead,94375668483,,1000,3722,9.14,278.70,2,1927,R,172.3,2,4,1,2024-07-01,334400,716900,1051300,1040900
66062,Hampstead,94375660530,,1000,3722,9.91,301.90,2,1927,R,179.4,1,4,1,2024-07-01,362300,762100,1124400,1113300
66062,Hampstead,94375652586,,1000,3722,9.91,301.90,2,1927,R,176.5,2,4,1,2024-07-01,362300,707100,1069400,1058800
66062,Hampstead,94375644633,,1000,3722,9.14,278.70,2,1927,R,185.2,2,4,1,2024-07-01,334400,747500,1081900,1071200
66062,Hampstead,94375637686,,1000,3722,9.14,278.70,2,1927,R,195.8,2,4,1,2024-07-01,334400,793600,1128000,1116800
66062,Hampstead,94375629733,,1000,3722,9.91,301.90,2,1927,R,194.7,2,4,1,2024-07-01,362300,725700,1088000,1077200
66062,Hampstead,94375620773,,1000,3722,9.91,301.90,2,1927,R,215.0,2,4,1,2024-07-01,362300,1034500,1396800,1383000
66062,Hampstead,94375612820,,1000,3722,9.14,278.70,2,1927,R,186.9,2,4,1,2024-07-01,334400,735100,1069500,1058900
66062,Hampstead,94375604876,,1000,3722,9.14,276.80,2,1927,R,192.8,2,4,1,2024-07-01,332200,836200,1168400,1156800
66062,Hampstead,94374696923,,1000,3722,9.91,301.90,2,1927,R,178.9,2,4,1,2024-07-01,362300,767000,1129300,1118100
66062,Hampstead,94374687971,,1000,3722,9.91,301.90,2,1927,R,204.9,2,4,1,2024-07-01,362300,841100,1203400,1191500
66062,Hampstead,94374779034,,1000,3722,9.14,278.70,2,1927,R,190.8,2,4,1,2024-07-01,334400,1160600,1495000,1480200
66062,Hampstead,94374771080,,1000,3722,9.14,278.70,2,1927,R,173.3,2,4,1,2024-07-01,334400,746800,1081200,1070500
66062,Hampstead,94374763137,,1000,3722,9.91,301.90,2,1927,R,186.9,2,4,1,2024-07-01,362300,774900,1137200,1125900
66062,Hampstead,94374755182,,1000,3722,9.91,301.90,2,1927,R,180.6,2,4,1,2024-07-01,362300,526900,889200,880400
66062,Hampstead,94374746249,,1000,3722,9.14,278.70,2,1927,R,179.9,2,4,1,2024-07-01,334400,1028800,1363200,1349700
66062,Hampstead,94374738295,,1000,3722,9.14,278.70,2,1927,R,167.7,2,4,1,2024-07-01,334400,679900,1014300,1004300
66062,Hampstead,94373778698,,1000,0913,12.88,392.60,2,1936,R,313.3,2,5,2,2024-07-01,510400,815700,1326100,1287500
66062,Hampstead,94373767766,,1000,0913,12.88,392.60,2,1936,R,315.4,2,5,3,2024-07-01,510400,795300,1305700,1267700
66062,Hampstead,94373756835,,1000,0913,13.72,418.10,2,1932,R,328.3,2,5,2,2024-07-01,543500,810500,1354000,1314600
66062,Hampstead,94373745903,,1000,0913,12.19,371.60,2,1932,R,315.1,2,5,2,2024-07-01,483100,857300,1340400,1301400
66062,Hampstead,94373735979,,1000,0913,12.19,371.60,2,1930,R,313.5,2,5,2,2024-07-01,483100,845800,1328900,1290200
66062,Hampstead,94373825044,,1000,0913,12.19,371.60,2,1930,R,335.5,2,5,2,2024-07-01,483100,1164900,1648000,1600000
66062,Hampstead,94373815102,,1000,0913,12.19,371.60,2,1930,R,318.8,2,5,2,2024-07-01,483100,843000,1326100,1287500
66062,Hampstead,94373804171,,1000,0913,12.19,371.60,2,1930,R,335.3,2,5,2,2024-07-01,483100,843000,1326100,1287500
66062,Hampstead,94372884307,,1000,0913,12.19,371.60,2,1932,R,307.4,2,5,2,2024-07-01,483100,1055200,1538300,1493500
66062,Hampstead,94372873375,,1000,0913,12.19,371.60,2,1930,R,316.0,2,5,2,2024-07-01,483100,729600,1212700,1177400
66062,Hampstead,94372863434,,1000,0913,12.19,371.60,2,1930,R,315.3,2,5,2,2024-07-01,483100,1055200,1538300,1493500
66062,Hampstead,94372848526,,1000,0913,21.34,650.30,2,1933,R,311.3,1,5,2,2024-07-01,845400,888700,1734100,1683600
66062,Hampstead,94372834617,,1000,0913,13.26,404.10,2,1933,R,295.6,2,5,2,2024-07-01,525300,760800,1286100,1248600
66062,Hampstead,94372823685,,1000,0913,13.26,404.10,2,1930,R,288.7,2,5,2,2024-07-01,525300,759600,1284900,1247500
66062,Hampstead,94372812753,,1000,0913,13.26,404.10,2,1935,R,305.1,2,5,2,2024-07-01,525300,817600,1342900,1303800
66062,Hampstead,94371950158,,1000,0913,11.43,348.30,2,1939,R,250.4,2,5,2,2024-07-01,416600,720300,1136900,1103800
66062,Hampstead,94371940217,,1000,0913,11.46,349.30,2,1939,R,250.4,2,5,2,2024-07-01,454100,462700,916800,890100
66062,Hampstead,94371931281,,1000,0913,11.33,345.30,2,1939,R,270.8,2,5,2,2024-07-01,448900,684600,1133500,1100500
66062,Hampstead,94371921340,,1000,0913,11.44,348.70,2,1939,R,270.8,2,5,2,2024-07-01,453300,707000,1160300,1126500
66062,Hampstead,94371910418,,1000,0913,15.21,463.60,2,1939,R,260.9,1,5,2,2024-07-01,602700,635700,1238400,1202300
66062,Hampstead,94370997499,,1000,0913,15.21,463.60,2,1939,R,262.9,1,5,2,2024-07-01,602700,572500,1175200,1141000
66062,Hampstead,94370984588,,1000,0913,15.21,463.60,2,1939,R,263.8,1,5,2,2024-07-01,602700,534200,1136900,1103800
66062,Hampstead,94370971668,,1000,0913,15.21,463.60,2,1939,R,262.9,1,5,3,2024-07-01,602700,602900,1205600,1170500
66062,Hampstead,94370958749,,1000,0913,15.21,463.60,2,1939,R,261.9,1,5,2,2024-07-01,602700,545000,1147700,1114300
66062,Hampstead,94370946827,,1000,0913,15.21,463.60,2,1940,R,261.8,1,5,2,2024-07-01,602700,504800,1107500,1075200
66062,Hampstead,94370933908,,1000,0913,15.21,463.60,2,1939,R,262.9,1,5,2,2024-07-01,602700,534200,1136900,1103800
66102,Kirkland,77342090337,,1000,0198,38.10,1219.40,1,1986,R,134.3,1,1,1,2024-07-01,551500,853400,1404900,1254400
66102,Kirkland,77346161571,,1000,0198,21.34,642.30,2,1987,R,212.6,1,5,1,2024-07-01,433600,436500,870100,776900
66102,Kirkland,77346161324,,1000,0198,15.25,849.70,2,1986,R,249.2,1,5,1,2024-07-01,544900,708600,1253500,1119200
66102,Kirkland,77346164047,,1000,0198,11.58,1125.20,2,1986,R,305.2,1,5,1,2024-07-01,645600,671500,1317100,1176000
66102,Kirkland,78343515678,,1990,0198,47.25,1991.30,,,,,,,,2024-07-01,967800,15900,983700,897600
66102,Kirkland,77351866882,,1000,0201,14.45,652.70,2,1988,R,197.5,1,5,1,2024-07-01,489500,301000,790500,725200
66102,Kirkland,76343862934,,1000,0199,28.96,697.00,2,1987,R,207.7,1,5,1,2024-07-01,522800,307100,829900,798000
66102,Kirkland,76343878674,,1000,0199,22.98,695.30,2,1987,R,255.2,1,5,1,2024-07-01,521500,546400,1067900,1026800
66102,Kirkland,76343860565,,1000,0199,21.34,665.10,2,1988,R,253.6,1,5,1,2024-07-01,498800,493400,992200,954000
66102,Kirkland,76343843462,,1000,0199,18.29,586.90,2,1987,R,141.4,1,4,1,2024-07-01,440200,314400,754600,725600
66102,Kirkland,76343828356,,1000,0199,18.29,574.20,2,1987,R,205.1,1,5,1,2024-07-01,430700,540800,971500,934100
66102,Kirkland,76343814240,,1000,0199,18.29,590.50,2,1988,R,240.0,1,5,1,2024-07-01,442900,608300,1051200,1010800
66102,Kirkland,76342898137,,1000,0199,18.29,597.10,2,1988,R,262.0,1,5,1,2024-07-01,447800,548000,995800,957500
66102,Kirkland,76342884038,,1000,0199,18.29,603.70,2,1988,R,252.4,1,5,1,2024-07-01,452800,618300,1071100,1029900
66102,Kirkland,76342768926,,1000,0199,18.29,610.30,2,1989,R,274.2,1,5,1,2024-07-01,457700,725900,1183600,1138100
66102,Kirkland,76342753811,,1000,0199,18.29,616.90,2,1989,R,299.7,1,5,1,2024-07-01,462700,773800,1236500,1188900
66102,Kirkland,76342738705,,1000,0199,18.29,623.60,2,1989,R,279.9,1,5,1,2024-07-01,467700,611900,1079600,1038100
66102,Kirkland,76342765310,,1000,0199,18.29,600.40,2,1989,R,246.2,1,5,1,2024-07-01,450300,624000,1074300,1033000
66102,Kirkland,76342781416,,1000,0199,18.29,607.00,2,1988,R,220.5,1,5,1,2024-07-01,455300,433000,888300,854100
66102,Kirkland,76342795507,,1000,0199,18.29,613.60,2,1989,R,289.6,1,5,1,2024-07-01,460200,688100,1148300,1104100
66102,Kirkland,76343711602,,1000,0199,18.29,620.20,2,1988,R,212.8,1,5,1,2024-07-01,465200,529500,994700,956400
66102,Kirkland,76343724712,,1000,0199,18.29,626.80,2,1991,R,294.4,1,5,1,2024-07-01,470100,636300,1106400,1063800
66102,Kirkland,76343741831,,1000,0199,18.29,633.40,2,1988,R,215.0,1,5,1,2024-07-01,475100,411600,886700,852600
66102,Kirkland,76343756938,,1000,0199,18.29,640.10,2,1988,R,190.5,1,4,1,2024-07-01,480100,356000,836100,803900
66102,Kirkland,76343871034,,1000,0199,18.29,646.70,2,1988,R,320.3,1,5,1,2024-07-01,485000,677000,1162000,1117300
66102,Kirkland,76343888145,,1000,0199,21.34,762.80,2,1988,R,230.1,1,5,1,2024-07-01,572100,485500,1057600,1016900
66102,Kirkland,76344804257,,1000,0199,18.29,661.00,2,1987,R,201.4,1,5,1,2024-07-01,495800,333400,829200,797300
66102,Kirkland,76344821350,,1000,0199,14.61,896.30,2,1987,R,280.9,1,5,1,2024-07-01,571400,593400,1164800,1120000
66102,Kirkland,76344837554,,1000,0199,14.57,1127.80,2,1994,R,300.3,1,5,1,2024-07-01,592100,656200,1248300,1200300
66102,Kirkland,76344831805,,1000,0199,13.70,1260.80,2,1998,R,400.6,1,5,1,2024-07-01,614600,1064300,1678900,1614300
66102,Kirkland,75345941035,,1000,0199,18.29,561.70,2,1979,R,158.9,1,2,1,2024-07-01,421300,247400,668700,643000
66102,Kirkland,75345821971,,1000,0199,21.34,557.40,2,1981,R,160.9,1,2,1,2024-07-01,418100,263300,681400,655200
66102,Kirkland,75357113218,,1000,0199,25.15,615.70,2,1985,R,161.3,1,5,1,2024-07-01,461800,312700,774500,744700
66102,Kirkland,75356196107,,1000,0199,19.04,558.10,2,1985,R,231.6,1,5,1,2024-07-01,418600,451900,870500,837000
66102,Kirkland,75356180002,,1000,0199,18.32,558.00,2,1985,R,160.5,1,2,1,2024-07-01,418500,304000,722500,694700
66102,Kirkland,75356065906,,1000,0199,19.00,586.40,2,1985,R,202.8,1,5,1,2024-07-01,439800,395700,835500,803400
66102,Kirkland,75356048803,,1000,0199,19.00,587.80,2,1985,R,226.9,1,5,1,2024-07-01,440900,281700,722600,694800
66102,Kirkland,75356032690,,1000,0199,19.00,589.80,2,1984,R,160.8,1,2,1,2024-07-01,442400,277900,720300,692600
66102,Kirkland,75356016586,,1000,0199,18.30,570.10,2,1985,R,174.4,1,5,1,2024-07-01,427600,276200,703800,676700
66102,Kirkland,75356001497,,1000,0199,19.00,593.90,2,1985,R,222.4,1,5,1,2024-07-01,445400,321100,766500,737000
66102,Kirkland,75355055171,,1000,0199,19.00,599.90,2,1985,R,182.1,1,2,1,2024-07-01,449900,305300,755200,726200
66102,Kirkland,75355040074,,1000,0199,18.30,575.90,2,1985,R,214.4,1,5,1,2024-07-01,431900,429500,861400,828300
66102,Kirkland,75355011513,,1000,0199,19.90,766.30,2,1984,R,155.8,1,2,1,2024-07-01,546000,271500,817500,786100
66102,Kirkland,75355028624,,1000,0199,19.00,741.30,2,1985,R,176.3,1,5,1,2024-07-01,533700,236000,769700,740100
66102,Kirkland,75355043730,,1000,0199,19.00,741.30,1,1984,R,109.0,1,1,1,2024-07-01,533700,172000,705700,678600
66102,Kirkland,75355059835,,1000,0199,19.00,741.30,2,1984,R,158.7,1,2,1,2024-07-01,533700,264800,798500,767800
66102,Kirkland,75355074958,,1000,0199,20.00,780.30,1,1984,R,108.7,1,1,1,2024-07-01,556000,232200,788200,757900
66102,Kirkland,75355190069,,1000,0199,19.00,741.30,2,1984,R,140.3,1,5,1,2024-07-01,533700,271200,804900,773900
66102,Kirkland,75356106163,,1000,0199,19.00,741.30,2,1986,R,187.3,1,5,1,2024-07-01,533700,311000,844700,812200
66102,Kirkland,75356132219,,1000,0199,20.73,624.40,2,1984,R,164.7,1,5,1,2024-07-01,468300,268300,736600,708300
66102,Kirkland,75356123382,,1000,0199,18.29,557.80,1,1984,R,128.7,1,1,1,2024-07-01,418400,341800,760200,731000
66102,Kirkland,75356112542,,1000,0199,18.29,557.80,2,1984,R,223.8,1,5,1,2024-07-01,418400,317300,735700,707400
66102,Kirkland,75356101701,,1000,0199,20.73,624.40,2,1985,R,174.6,1,5,1,2024-07-01,468300,260200,728500,700500
66102,Kirkland,75355184484,,1000,0199,19.00,741.30,2,1985,R,162.1,1,2,1,2024-07-01,533700,194100,727800,699800
66102,Kirkland,75355169386,,1000,0199,19.00,741.30,1,1985,R,108.7,1,1,1,2024-07-01,533700,210700,744400,715800
66102,Kirkland,75355153281,,1000,0199,20.00,780.30,2,1985,R,164.7,1,5,1,2024-07-01,556000,232300,788300,758000
66102,Kirkland,75355137169,,1000,0199,19.00,741.30,2,1985,R,203.4,1,5,1,2024-07-01,533700,372500,906200,871300
66102,Kirkland,75355122054,,1000,0199,19.00,741.30,2,1985,R,223.9,1,5,1,2024-07-01,533700,271200,804900,773900
66102,Kirkland,75355006950,,1000,0199,19.00,741.30,2,1984,R,162.8,1,2,1,2024-07-01,533700,294600,828300,796400
66102,Kirkland,75354090849,,1000,0199,18.87,746.30,2,1985,R,225.9,1,5,1,2024-07-01,537300,411300,948600,912100
66102,Kirkland,75354161293,,1000,0199,19.10,576.50,2,1984,R,164.7,1,5,1,2024-07-01,432400,247900,680300,654100
66102,Kirkland,75354176390,,1000,0199,19.00,580.70,2,1984,R,140.1,1,5,1,2024-07-01,435500,322300,757800,728700
66102,Kirkland,75354192496,,1000,0199,18.30,560.30,1,1984,R,108.7,1,1,1,2024-07-01,420200,203600,623800,599800
66102,Kirkland,75355107600,,1000,0199,19.00,582.80,2,1984,R,154.8,1,2,1,2024-07-01,437100,350400,787500,757200
66102,Kirkland,75355123706,,1000,0199,18.30,562.30,1,1985,R,108.7,1,2,1,2024-07-01,421700,263500,685200,658800
66102,Kirkland,75355138811,,1000,0199,19.00,584.90,2,1985,R,141.6,1,5,1,2024-07-01,438700,281600,720300,692600
66102,Kirkland,75355154917,,1000,0199,18.30,564.40,2,1986,R,186.8,1,5,1,2024-07-01,423300,345500,768800,739200
66102,Kirkland,75355269020,,1000,0199,19.00,587.00,2,1984,R,99.4,1,2,1,2024-07-01,440300,236400,676700,650700
66102,Kirkland,75355283138,,1000,0199,17.61,659.10,1,1985,R,108.1,1,1,1,2024-07-01,494300,218600,712900,685500
66102,Kirkland,75356209298,,1000,0199,11.77,1107.90,2,1985,R,164.7,1,5,1,2024-07-01,623200,157400,780600,750600
66102,Kirkland,75356228157,,1000,0199,13.47,750.50,2,1984,R,153.1,1,5,1,2024-07-01,540400,219800,760200,731000
66102,Kirkland,75356139941,,1000,0199,19.00,579.50,1,1985,R,108.7,1,1,1,2024-07-01,434600,281100,715700,688200
66102,Kirkland,75356149791,,1000,0199,18.29,557.80,2,1986,R,186.8,1,5,1,2024-07-01,418400,339800,758200,729000
66102,Kirkland,75356160640,,1000,0199,18.29,557.80,2,1984,R,160.8,1,2,1,2024-07-01,418400,293300,711700,684300
66102,Kirkland,75356171472,,1000,0199,21.54,655.60,2,1985,R,225.0,1,5,1,2024-07-01,491700,276300,768000,738500
66102,Kirkland,75356198632,,1000,0199,24.04,646.40,2,1984,R,164.7,1,5,1,2024-07-01,436300,267500,703800,676700
66102,Kirkland,75356189797,,1000,0199,18.46,641.90,2,1984,R,174.2,1,2,1,2024-07-01,433300,299600,732900,704700
66102,Kirkland,75356180952,,1000,0199,18.29,658.30,2,1985,R,174.6,1,5,1,2024-07-01,444400,356400,800800,770000
66102,Kirkland,75356269110,,1000,0199,18.29,658.40,2,1984,R,221.9,1,5,1,2024-07-01,444400,301200,745600,716900
66102,Kirkland,75356259269,,1000,0199,18.29,658.40,2,1984,R,160.3,1,2,1,2024-07-01,444400,263300,707700,680500
66102,Kirkland,75356250417,,1000,0199,18.29,658.40,2,1985,R,234.4,1,5,1,2024-07-01,444400,498400,942800,906500
66102,Kirkland,75356239568,,1000,0199,18.40,660.30,2,1984,R,223.8,1,5,1,2024-07-01,445700,329600,775300,745500
66102,Kirkland,75356282782,,1000,0199,21.20,615.80,2,1985,R,219.4,1,5,1,2024-07-01,461900,401300,863200,830000
66102,Kirkland,75356299893,,1000,0199,19.10,558.30,2,1985,R,185.1,1,2,1,2024-07-01,418700,362300,781000,751000
66102,Kirkland,75357215997,,1000,0199,19.20,557.90,1,1985,R,222.9,1,4,1,2024-07-01,418400,495300,913700,878600
66102,Kirkland,75357331109,,1000,0199,19.02,557.60,2,1985,R,174.4,1,5,1,2024-07-01,418200,284600,702800,675800
66102,Kirkland,75357347204,,1000,0199,18.36,557.50,2,1985,R,168.7,1,5,1,2024-07-01,418100,279900,698000,671200
66102,Kirkland,75357362294,,1000,0199,18.35,577.70,2,1986,R,168.2,1,5,1,2024-07-01,433300,334700,768000,738500
66102,Kirkland,75357299918,,1000,0199,18.95,756.80,2,1985,R,274.7,1,5,1,2024-07-01,539200,622800,1162000,1117300
66102,Kirkland,75357272873,,1000,0199,23.42,685.70,2,1985,R,174.6,1,5,1,2024-07-01,514300,276800,791100,760700
66102,Kirkland,75357285701,,1000,0199,19.00,579.50,2,1985,R,233.0,1,5,1,2024-07-01,434600,412700,847300,814700
66102,Kirkland,75357295551,,1000,0199,18.29,557.80,2,1986,R,204.0,1,5,1,2024-07-01,418400,450900,869300,835900
66102,Kirkland,75358206383,,1000,0199,22.25,670.80,2,1986,R,242.7,1,5,1,2024-07-01,503100,572300,1075400,1034000
66102,Kirkland,75358221580,,1000,0199,18.90,766.10,2,1985,R,217.8,1,5,1,2024-07-01,545800,372700,918500,883200
66102,Kirkland,75358249151,,1000,0199,19.00,606.60,2,1986,R,165.4,1,5,1,2024-07-01,455000,287800,742800,714200
66102,Kirkland,75358233056,,1000,0199,18.30,584.90,2,1985,R,171.2,1,2,1,2024-07-01,438700,315200,753900,724900
66102,Kirkland,75358116913,,1000,0199,15.43,701.10,2,1985,R,167.1,1,5,1,2024-07-01,525800,283500,809300,778200
66102,Kirkland,75357193798,,1000,0199,11.35,1249.30,2,1985,R,170.0,1,5,1,2024-07-01,702700,263800,966500,929300
66102,Kirkland,75357176983,,1000,0199,14.50,749.60,2,1985,R,185.8,1,5,1,2024-07-01,539700,327900,867600,834200
66102,Kirkland,75357266164,,1000,0199,18.29,557.80,1,1985,R,215.3,1,5,1,2024-07-01,418400,241700,660100,634700
66102,Kirkland,75357255316,,1000,0199,18.29,557.80,2,1985,R,163.4,1,2,1,2024-07-01,418400,284300,702700,675700
66102,Kirkland,75357245473,,1000,0199,18.29,557.80,2,1985,R,164.7,1,5,1,2024-07-01,418400,416800,835200,803100
66102,Kirkland,75357233636,,1000,0199,22.00,663.30,2,1985,R,178.0,1,5,1,2024-07-01,497500,342900,840400,808100
66102,Kirkland,75357209479,,1000,0199,22.00,663.50,2,1984,R,164.1,1,5,1,2024-07-01,447900,290200,738100,709700
66102,Kirkland,75357219304,,1000,0199,18.29,558.00,2,1985,R,140.1,1,5,1,2024-07-01,418500,235100,653600,628500
66102,Kirkland,75357230145,,1000,0199,18.33,562.50,1,1984,R,108.7,1,1,1,2024-07-01,421900,245500,667400,641700
66102,Kirkland,75357140997,,1000,0199,18.69,604.80,2,1985,R,163.4,1,2,1,2024-07-01,430900,307200,738100,709700
66102,Kirkland,75357148818,,1000,0199,19.25,678.40,2,1985,R,167.4,1,2,1,2024-07-01,457900,204000,661900,636400
66102,Kirkland,75357153644,,1000,0199,19.28,750.60,2,1984,R,143.1,1,5,1,2024-07-01,489800,257900,747700,718900
66102,Kirkland,75357160474,,1000,0199,19.35,823.90,2,1985,R,164.7,1,5,1,2024-07-01,525200,176800,702000,675000
66102,Kirkland,75358265264,,1000,0199,18.30,583.50,2,1985,R,208.2,1,5,1,2024-07-01,437600,457600,895200,860800
66102,Kirkland,75358280354,,1000,0199,18.30,582.80,2,1985,R,219.8,1,5,1,2024-07-01,437100,264900,702000,675000
66102,Kirkland,75358296467,,1000,0199,19.00,604.40,2,1985,R,170.1,1,5,1,2024-07-01,453300,318400,771700,742000
66102,Kirkland,75359210533,,1000,0199,18.30,581.40,2,1985,R,162.0,1,2,1,2024-07-01,436100,275600,711700,684300
66102,Kirkland,75359226661,,1000,0199,18.30,580.80,2,1985,R,284.9,1,5,1,2024-07-01,435600,439100,874700,841100
66102,Kirkland,75359242775,,1000,0199,19.00,602.30,2,1985,R,202.9,1,5,1,2024-07-01,451700,399600,851300,818600
66102,Kirkland,75359258870,,1000,0199,18.30,579.40,2,1985,R,160.5,1,2,1,2024-07-01,434600,270800,705400,678300
66102,Kirkland,75359271972,,1000,0199,18.30,578.70,2,1985,R,222.5,1,5,1,2024-07-01,434000,334800,768800,739200
66102,Kirkland,75359388073,,1000,0199,22.00,687.10,2,1987,R,286.8,1,5,1,2024-07-01,515300,534300,1049600,1009200
66102,Kirkland,76350320313,,1000,0199,22.00,685.30,2,1985,R,173.4,1,5,1,2024-07-01,514000,211200,725200,697300
66102,Kirkland,76350364576,,1000,0199,19.00,596.50,2,1986,R,161.1,1,5,1,2024-07-01,447400,301600,749000,720200
66102,Kirkland,76350378683,,1000,0199,18.30,573.80,1,1985,R,125.2,1,1,1,2024-07-01,430400,265200,695600,668800
66102,Kirkland,76350394789,,1000,0199,19.00,595.10,2,1985,R,160.7,1,5,1,2024-07-01,446300,270300,716600,689000
66102,Kirkland,76351309893,,1000,0199,18.30,572.40,2,1986,R,164.2,1,2,1,2024-07-01,429300,304800,734100,705900
66102,Kirkland,76351325998,,1000,0199,19.00,593.60,2,1986,R,161.1,1,5,1,2024-07-01,445200,307800,753000,724000
66102,Kirkland,76351446125,,1000,0199,13.10,855.30,2,1985,R,226.7,1,5,1,2024-07-01,609400,225400,834800,802700
66102,Kirkland,76351458336,,1000,0199,12.07,1086.50,2,1985,R,267.7,1,5,1,2024-07-01,733400,518900,1252300,1204100
66102,Kirkland,76351441555,,1000,0199,18.14,615.60,2,1986,R,188.6,1,5,1,2024-07-01,461700,387900,849600,816900
66102,Kirkland,76351430707,,1000,0199,18.30,560.10,2,1985,R,226.7,1,5,1,2024-07-01,420100,305100,725200,697300
66102,Kirkland,76351421862,,1000,0199,19.00,580.60,2,1985,R,171.4,1,2,1,2024-07-01,435500,308100,743600,715000
66102,Kirkland,76351510029,,1000,0199,18.30,558.30,2,1986,R,211.0,1,5,1,2024-07-01,418700,448800,867500,834100
66102,Kirkland,76350599205,,1000,0199,15.18,664.80,2,1985,R,211.4,1,2,1,2024-07-01,498600,408800,907400,872500
66102,Kirkland,76350582409,,1000,0199,11.89,1217.70,2,1986,R,328.7,1,5,1,2024-07-01,821900,514200,1336100,1284700
66102,Kirkland,76350557294,,1000,0199,16.08,807.80,2,1986,R,121.4,1,1,1,2024-07-01,575600,242500,818100,786600
66102,Kirkland,76350541173,,1000,0199,18.30,620.80,2,1986,R,161.1,1,2,1,2024-07-01,465600,313400,779000,749000
66102,Kirkland,76350526067,,1000,0199,19.00,642.90,1,1986,R,113.6,1,1,1,2024-07-01,482200,243700,725900,698000
66102,Kirkland,76350410957,,1000,0199,18.32,621.30,2,1985,R,161.8,1,2,1,2024-07-01,466000,268300,734300,706100
66102,Kirkland,75359494855,,1000,0199,19.04,662.70,2,1985,R,203.4,1,5,1,2024-07-01,497000,320500,817500,786100
66102,Kirkland,75359480730,,1000,0199,18.34,657.30,2,1985,R,163.9,1,2,1,2024-07-01,493000,260000,753000,724000
66102,Kirkland,75359464627,,1000,0199,19.04,702.20,2,1985,R,239.2,1,5,1,2024-07-01,526700,427900,954600,917900
66102,Kirkland,75359448521,,1000,0199,18.34,695.40,2,1986,R,216.5,1,5,1,2024-07-01,521600,395500,917100,881800
66102,Kirkland,75359434414,,1000,0199,19.04,741.80,2,1985,R,167.1,1,2,1,2024-07-01,534100,177600,711700,684300
66102,Kirkland,75359419308,,1000,0199,18.34,733.40,2,1986,R,283.5,1,5,1,2024-07-01,528000,536500,1064500,1023600
66102,Kirkland,75359404185,,1000,0199,19.04,781.30,2,1986,R,176.8,1,5,1,2024-07-01,556700,269600,826300,794500
66102,Kirkland,75358488098,,1000,0199,18.33,769.30,2,1986,R,183.1,1,2,1,2024-07-01,548100,345200,893300,858900
66102,Kirkland,75358373985,,1000,0199,19.05,783.90,2,1986,R,169.2,1,5,1,2024-07-01,558500,301100,859600,826500
66102,Kirkland,75358357889,,1000,0199,18.35,728.30,2,1986,R,185.0,1,5,1,2024-07-01,529800,379300,909100,874100
66102,Kirkland,75358341784,,1000,0199,19.05,728.50,2,1986,R,168.3,1,5,1,2024-07-01,530000,299100,829100,797200
66102,Kirkland,75358325696,,1000,0199,18.35,674.90,2,1986,R,174.4,1,2,1,2024-07-01,506200,301900,808100,777000
66102,Kirkland,75358310581,,1000,0199,18.35,648.80,2,1986,R,186.9,1,5,1,2024-07-01,486600,307500,794100,763600
66102,Kirkland,75357394495,,1000,0199,19.05,645.90,2,1986,R,162.6,1,5,1,2024-07-01,484400,266900,751300,722400
66102,Kirkland,75357378399,,1000,0199,18.35,598.20,2,1986,R,208.4,1,5,1,2024-07-01,448700,381200,829900,798000
66102,Kirkland,75358315010,,1000,0199,19.05,735.50,2,1986,R,197.9,1,5,1,2024-07-01,529600,499600,1029200,989600
66102,Kirkland,75358332122,,1000,0199,19.05,710.10,2,1986,R,322.3,1,5,1,2024-07-01,532600,736500,1269100,1220300
66102,Kirkland,75358348227,,1000,0199,19.05,684.80,2,1986,R,137.4,1,5,1,2024-07-01,513600,446800,960400,923500
66102,Kirkland,75358363325,,1000,0199,18.95,656.00,2,1986,R,158.3,1,5,1,2024-07-01,492000,238800,730800,702700
66102,Kirkland,75358379420,,1000,0199,19.05,634.10,2,1986,R,176.8,1,5,1,2024-07-01,475600,306500,782100,752000
66102,Kirkland,75358396531,,1000,0199,19.05,608.70,2,1986,R,187.4,1,5,1,2024-07-01,456500,305300,761800,732500
66102,Kirkland,75359313626,,1000,0199,19.02,588.80,2,1986,R,167.1,1,5,1,2024-07-01,441600,333700,775300,745500
66102,Kirkland,75359328731,,1000,0199,19.04,603.30,2,1986,R,187.2,1,5,1,2024-07-01,452500,372400,824900,793200
66102,Kirkland,75359342856,,1000,0199,19.04,626.30,2,1985,R,171.7,1,5,1,2024-07-01,469700,377100,846800,814200
66102,Kirkland,75359358969,,1000,0199,19.04,649.30,2,1985,R,277.4,1,5,1,2024-07-01,487000,663200,1150200,1106000
66102,Kirkland,75359474071,,1000,0199,19.04,672.20,2,1985,R,224.8,1,5,1,2024-07-01,504200,324000,828200,796300
66102,Kirkland,75359490168,,1000,0199,19.04,695.20,2,1985,R,164.4,1,2,1,2024-07-01,521400,252400,773800,744000
66102,Kirkland,76350406286,,1000,0199,19.04,718.20,2,1985,R,203.4,1,5,1,2024-07-01,538700,326400,865100,831800
66102,Kirkland,76350421392,,1000,0199,19.04,741.10,2,1985,R,218.7,1,5,1,2024-07-01,533600,352700,886300,852200
66102,Kirkland,76350437513,,1000,0199,19.03,763.20,2,1985,R,162.6,1,2,1,2024-07-01,543800,223700,767500,738000
66102,Kirkland,76350453619,,1000,0199,19.00,770.10,2,1985,R,232.5,1,5,1,2024-07-01,548700,430400,979100,941400
66102,Kirkland,76350467833,,1000,0199,22.25,670.80,2,1985,R,247.1,1,5,1,2024-07-01,503100,415400,918500,883200
66102,Kirkland,76350479655,,1000,0199,18.29,557.80,2,1985,R,174.4,1,5,1,2024-07-01,418400,327900,746300,717600
66102,Kirkland,76350489514,,1000,0199,18.29,557.80,2,1986,R,165.8,1,5,1,2024-07-01,418400,326200,744600,716000
66102,Kirkland,76350498333,,1000,0199,22.25,670.80,2,1986,R,161.1,1,5,1,2024-07-01,503100,299300,802400,771500
66102,Kirkland,76350475281,,1000,0199,19.00,770.10,2,1980,R,165.4,1,5,1,2024-07-01,548700,314200,862900,829700
66102,Kirkland,76350459178,,1000,0199,19.00,770.10,2,1986,R,214.4,1,5,1,2024-07-01,548700,399600,948300,911800
66102,Kirkland,76350443065,,1000,0199,19.00,770.10,2,1985,R,166.4,1,2,1,2024-07-01,548700,280500,829200,797300
66102,Kirkland,76350328969,,1000,0199,19.00,770.10,2,1986,R,165.4,1,5,1,2024-07-01,548700,354100,902800,868100
66102,Kirkland,76350311858,,1000,0199,19.00,770.10,1,1986,R,168.2,1,2,1,2024-07-01,548700,240600,789300,758900
66102,Kirkland,75359395755,,1000,0199,19.00,770.10,2,1985,R,164.9,1,5,1,2024-07-01,548700,243600,792300,761800
66102,Kirkland,75359380658,,1000,0199,19.00,770.10,2,1986,R,228.6,1,5,1,2024-07-01,548700,452400,1001100,962600
66102,Kirkland,75359364546,,1000,0199,19.00,770.10,2,1985,R,274.4,1,5,1,2024-07-01,548700,430500,979200,941500
66102,Kirkland,75359349430,,1000,0199,19.00,770.10,2,1985,R,160.4,1,2,1,2024-07-01,548700,243100,791800,761300
66102,Kirkland,75359333327,,1000,0199,19.00,770.10,2,1985,R,218.7,1,5,1,2024-07-01,548700,464700,1013400,974400
66102,Kirkland,75359317213,,1000,0199,19.00,770.10,2,1985,R,272.8,1,5,1,2024-07-01,548700,336200,884900,850900
66102,Kirkland,75359300110,,1000,0199,19.00,770.10,2,1985,R,160.3,1,2,1,2024-07-01,548700,224300,773000,743300
66102,Kirkland,75358386003,,1000,0199,18.90,766.10,2,1985,R,362.8,1,5,1,2024-07-01,545800,717400,1263200,1214600
66102,Kirkland,75358269902,,1000,0199,19.00,770.10,2,1985,R,218.7,1,5,1,2024-07-01,548700,437200,985900,948000
66102,Kirkland,75358253799,,1000,0199,19.00,770.10,2,1985,R,172.7,1,2,1,2024-07-01,548700,318800,867500,834100
66102,Kirkland,75358237685,,1000,0199,19.00,770.10,2,1985,R,275.4,1,5,1,2024-07-01,548700,547800,1096500,1054300
66102,Kirkland,77330858869,,1000,0196,22.75,995.70,1,1966,R,130.9,1,1,1,2024-07-01,571300,241600,812900,732300
66102,Kirkland,77330841725,,1000,0196,22.62,779.50,2,1966,R,230.3,1,5,1,2024-07-01,526200,494100,1020300,919200
66102,Kirkland,77330822592,,1000,0196,22.24,665.70,2,1966,R,198.6,1,5,1,2024-07-01,449300,433700,883000,795500
66102,Kirkland,76339882276,,1000,0196,31.56,710.10,2,1966,R,269.3,1,2,1,2024-07-01,479300,563300,1042600,939300
66102,Kirkland,76339864142,,1000,0196,23.77,629.00,1,1966,R,196.2,1,4,1,2024-07-01,424600,527800,952400,858000
66102,Kirkland,76339844003,,1000,0196,23.77,629.20,2,1966,R,184.5,1,5,1,2024-07-01,424700,437400,862100,776700
66102,Kirkland,76339725863,,1000,0196,23.77,629.50,1,1966,R,219.6,1,4,1,2024-07-01,424900,549500,974400,877800
66102,Kirkland,76339706715,,1000,0196,23.77,629.80,2,1966,R,227.6,1,5,1,2024-07-01,425100,546000,971100,874900
66102,Kirkland,76338787583,,1000,0196,23.77,630.30,2,1966,R,281.7,1,5,1,2024-07-01,425500,593000,1018500,917600
66102,Kirkland,76338768443,,1000,0196,23.77,631.30,2,1966,R,231.1,1,5,1,2024-07-01,426100,505000,931100,838800
66102,Kirkland,76338749302,,1000,0196,23.77,634.80,2,1966,R,239.9,1,5,1,2024-07-01,428500,548700,977200,880400
66102,Kirkland,76338728165,,1000,0196,23.77,684.20,2,1966,R,213.8,1,5,1,2024-07-01,461800,424200,886000,798200
66092,L'Île-Dorval,85327637378,,1100,0097,30.48,1625.80,1,1945,R,135.7,1,4,1,2024-07-01,203200,251300,454500,441300
66092,L'Île-Dorval,85326698322,,1100,0097,14.02,3860.10,1,1945,R,187.9,1,4,1,2024-07-01,410100,165100,575200,558400
66092,L'Île-Dorval,85326664266,,1100,0097,5.53,2600.10,1,1945,R,85.8,1,1,1,2024-07-01,325000,149800,474800,461000
66092,L'Île-Dorval,85326640126,,1100,0097,,1378.90,1,1940,R,147.4,1,4,1,2024-07-01,172400,184800,357200,346800
66092,L'Île-Dorval,85326525913,,1100,0097,11.06,2229.80,1,1936,R,131.0,1,1,1,2024-07-01,278700,266300,545000,529100
66092,L'Île-Dorval,85326505675,,1100,0097,15.44,2079.50,1,1946,R,148.0,1,1,1,2024-07-01,259900,212400,472300,458500
66092,L'Île-Dorval,85325582493,,1100,0097,4.33,2854.40,1,1992,R,139.5,1,4,1,2024-07-01,356800,248600,605400,587800
66092,L'Île-Dorval,85325581248,,1100,0097,4.33,2724.20,1,1965,R,175.3,1,,1,2024-07-01,340500,286400,626900,608600
66092,L'Île-Dorval,85325488881,,1100,0097,8.10,4362.10,1,1930,R,94.0,1,,1,2024-07-01,463500,62200,525700,510400
66092,L'Île-Dorval,85326420701,,1100,0097,8.81,2217.20,1,1930,R,120.7,1,1,1,2024-07-01,277200,176900,454100,440900
66092,L'Île-Dorval,85326435576,,1100,0097,7.83,2523.70,1,1936,R,115.3,1,1,1,2024-07-01,315500,251000,566500,468600
66092,L'Île-Dorval,85326456515,,1100,0097,7.83,2392.80,1,1956,R,100.2,1,1,1,2024-07-01,299100,196300,495400,481000
66092,L'Île-Dorval,85326476323,,1100,0097,,2329.40,1,1940,R,137.4,1,4,1,2024-07-01,291200,221600,512800,497900
66092,L'Île-Dorval,85327409307,,1100,0097,,3097.20,1,1941,R,96.1,1,,1,2024-07-01,387200,66200,453400,440200
66092,L'Île-Dorval,85327443256,,1100,0097,67.06,1650.00,1,1950,R,169.6,1,4,1,2024-07-01,206300,257200,463500,450000
66092,L'Île-Dorval,85328421020,,1100,0097,51.21,1629.70,1,1930,R,173.7,1,1,1,2024-07-01,203700,286300,490000,452200
66092,L'Île-Dorval,85328439410,,1100,0096,28.80,1042.70,1,1950,R,98.8,1,,1,2024-07-01,104300,193400,297700,289000
66092,L'Île-Dorval,85328457065,,1100,0097,28.78,2622.60,1,1920,R,136.0,1,4,1,2024-07-01,327800,111100,438900,426100
66092,L'Île-Dorval,85328392965,,1100,0097,25.18,2128.90,1,1925,R,187.0,1,4,1,2024-07-01,266100,220600,486700,472500
66092,L'Île-Dorval,85329317870,,1100,0097,,2142.60,1,1920,R,66.0,1,1,1,2024-07-01,267800,42400,310200,301200
66092,L'Île-Dorval,85329352893,,1100,0096,,1244.60,1,1930,R,92.5,1,4,1,2024-07-01,124500,118900,243400,236300
66092,L'Île-Dorval,85329337522,,1100,0097,,735.80,1,1930,R,145.4,1,4,1,2024-07-01,115000,326900,441900,429000
66092,L'Île-Dorval,85329369632,,1100,0097,27.08,1659.30,1,1930,R,131.5,1,4,1,2024-07-01,207400,157300,364700,354100
66092,L'Île-Dorval,86320301475,,1100,0097,,1401.20,1,1933,R,154.1,1,4,1,2024-07-01,175200,216400,391600,380200
66092,L'Île-Dorval,86320325375,,1100,0097,33.53,671.50,1,1940,R,104.9,1,1,1,2024-07-01,104900,184700,289600,281200
66092,L'Île-Dorval,86320349581,,1100,0097,42.67,1192.90,1,1935,R,107.5,1,,1,2024-07-01,162500,231900,394400,382900
66092,L'Île-Dorval,86320308942,,1100,0096,,1552.10,1,1923,R,130.7,1,4,1,2024-07-01,155200,305600,460800,447400
66092,L'Île-Dorval,86320369746,,1100,0097,60.35,1417.90,2,2008,R,215.3,1,5,1,2024-07-01,177200,465900,643100,624400
66092,L'Île-Dorval,86320433070,,1100,0096,27.00,1101.00,1,1920,R,82.5,1,,1,2024-07-01,110100,179900,290000,182900
66092,L'Île-Dorval,86320392987,,1100,0097,57.30,1326.00,1,1940,R,108.3,1,,1,2024-07-01,165800,147200,313000,303900
66092,L'Île-Dorval,86320487373,,1100,0097,,2300.70,1,1957,R,119.0,1,1,1,2024-07-01,287600,190600,478200,464300
66092,L'Île-Dorval,86321431578,,1100,0097,42.06,1992.10,1,1936,R,154.0,1,4,1,2024-07-01,249000,336100,585100,568100
66092,L'Île-Dorval,86320490773,,1100,0096,25.16,1202.40,1,1940,R,83.6,1,,1,2024-07-01,120200,155600,275800,267800
66092,L'Île-Dorval,86322529800,,1100,0097,,1068.40,1,1946,R,67.8,1,,1,2024-07-01,153600,110300,263900,256200
66092,L'Île-Dorval,86322629246,,1100,0097,43.28,1748.80,1,1945,R,102.7,1,1,1,2024-07-01,218600,186900,405500,393700
66092,L'Île-Dorval,86321678228,,1100,0097,69.49,2485.00,1,1935,R,107.4,1,4,1,2024-07-01,310600,153900,464500,451000
66092,L'Île-Dorval,86320658361,,1100,0097,18.35,2577.40,2,1940,R,180.0,1,5,1,2024-07-01,322200,293300,615500,597600
66092,L'Île-Dorval,86320623332,,1100,0097,29.31,2743.50,1,1933,R,178.5,1,1,1,2024-07-01,342900,264600,607500,589800
66092,L'Île-Dorval,85329688494,,1100,0097,32.92,869.60,1,1930,R,97.6,1,1,1,2024-07-01,135900,183300,319200,309900
66092,L'Île-Dorval,85329690102,,1100,0096,27.44,1260.70,1,1929,R,106.6,1,1,1,2024-07-01,126100,104400,230500,223800
66092,L'Île-Dorval,85329661434,,1100,0097,30.48,911.40,1,1925,R,65.4,1,,1,2024-07-01,142400,55100,197500,191700
66092,L'Île-Dorval,85329626171,,1100,0097,,1995.00,1,1930,R,81.5,1,,1,2024-07-01,249400,68100,317500,308300
66092,L'Île-Dorval,85328698114,,1100,0097,,1910.30,1,1940,R,224.4,1,4,1,2024-07-01,238800,269100,507900,493100
66092,L'Île-Dorval,85328515029,,1100,0096,,1538.80,1,1930,R,99.6,1,1,1,2024-07-01,153900,159000,312900,303800
66092,L'Île-Dorval,85329420518,,1100,0096,39.93,963.60,1,1930,R,166.8,1,4,1,2024-07-01,96400,183200,279600,271500
66092,L'Île-Dorval,85329472550,,1100,0096,,3479.80,1,1930,R,97.3,1,,1,2024-07-01,278400,143600,422000,409700
66092,L'Île-Dorval,86320549123,,1100,0096,,1879.90,1,1916,R,71.5,1,,1,2024-07-01,188000,44100,232100,225300
66092,L'Île-Dorval,85329557533,,1100,0096,28.85,1566.30,1,1925,R,87.0,1,,1,2024-07-01,156600,152100,308700,299700
66092,L'Île-Dorval,85329563077,,1100,0096,87.32,2676.30,1,1920,R,85.7,1,,1,2024-07-01,227500,88800,316300,307100
66092,L'Île-Dorval,85328587390,,1100,0096,,1558.10,1,1912,R,107.9,1,4,1,2024-07-01,155800,147800,303600,294800
66092,L'Île-Dorval,85329514385,,1100,0096,28.31,1443.20,1,2015,R,54.1,1,1,1,2024-07-01,129900,127400,257300,249800
66092,L'Île-Dorval,86321620311,,1100,0097,45.11,1142.00,1,1955,R,97.8,1,,1,2024-07-01,157000,239400,396400,384900
66092,L'Île-Dorval,85328476834,,1100,0096,56.54,3104.70,1,1980,R,147.6,1,4,1,2024-07-01,248400,229000,477400,463500
66092,L'Île-Dorval,86321510991,,1100,0096,7.13,594.60,1,1963,R,59.6,1,,1,2024-07-01,80300,133300,213600,207400
66092,L'Île-Dorval,85327474327,,1100,0097,,1904.20,1,1914,R,197.2,1,4,1,2024-07-01,238000,232700,470700,457000
66092,L'Île-Dorval,85327497435,,1100,0097,,2389.90,2,1950,R,193.9,1,5,1,2024-07-01,298700,253100,551800,535700
66092,L'Île-Dorval,86320697476,,1100,0097,32.31,789.40,1,1925,R,239.7,1,,1,2024-07-01,123300,338300,461600,448200
66072,Mont-Royal,93406523550,,1000,0174,14.63,445.90,2,1930,R,344.9,,,3,2024-07-01,312100,731100,1043200,907100
66072,Mont-Royal,93405550927,,1000,0145,40.78,1345.90,1,1950,R,491.9,1,,4,2024-07-01,1837200,737600,2574800,2499800
66072,Mont-Royal,93405535662,,1000,0145,15.24,480.30,2,1943,R,239.6,2,5,1,2024-07-01,749300,820800,1570100,1467400
66072,Mont-Royal,93405527537,,1000,0145,15.48,466.20,2,1943,R,182.0,2,5,1,2024-07-01,727300,504900,1232200,1151600
66072,Mont-Royal,93405519401,,1000,0145,14.75,425.80,2,1942,R,102.4,2,5,1,2024-07-01,664200,394000,1058200,989000
66072,Mont-Royal,93405511291,,1000,0145,14.75,404.30,2,1942,R,175.0,2,5,1,2024-07-01,630700,670000,1300700,1215600
66072,Mont-Royal,93405502167,,1000,0145,14.75,382.90,2,1942,R,101.1,2,5,1,2024-07-01,597300,417300,1014600,948200
66072,Mont-Royal,93404595030,,1000,0145,14.75,361.50,2,1942,R,130.0,2,5,1,2024-07-01,563900,547400,1111300,1038600
66072,Mont-Royal,93404483898,,1000,0145,14.75,386.40,2,1960,R,275.2,1,5,1,2024-07-01,602800,1096400,1699200,1588000
66072,Mont-Royal,93404476777,,1000,0145,14.75,364.90,2,1947,R,167.2,2,5,1,2024-07-01,569200,590600,1159800,1083900
66072,Mont-Royal,93404467644,,1000,0145,14.81,343.30,2,1947,R,130.4,2,5,1,2024-07-01,535500,562600,1098100,1026300
66072,Mont-Royal,93406512934,,1000,0145,12.19,356.70,2,1958,R,255.8,1,5,4,2024-07-01,556500,448900,1005400,976100
66072,Mont-Royal,93406506829,,1000,0145,12.19,356.70,2,1953,R,255.8,1,5,4,2024-07-01,556500,448900,1005400,976100
66072,Mont-Royal,93405599726,,1000,0145,11.73,329.10,2,1953,R,270.0,2,5,2,2024-07-01,513400,666300,1179700,1145300
66072,Mont-Royal,93405592622,,1000,0145,11.73,329.10,2,1953,R,270.0,2,5,2,2024-07-01,513400,666300,1179700,1145300
66072,Mont-Royal,93405575353,,1000,0145,13.72,394.40,2,1953,R,255.8,1,5,4,2024-07-01,615300,423800,1039100,1008800
66072,Mont-Royal,93405568259,,1000,0145,8.14,248.30,2,1954,R,172.4,2,5,2,2024-07-01,387300,466100,853400,828500
66072,Mont-Royal,93405563193,,1000,0145,8.44,241.90,2,1953,R,172.4,2,5,2,2024-07-01,377400,397700,775100,752500
66072,Mont-Royal,93405558128,,1000,0145,8.26,239.60,2,1953,R,172.5,2,5,2,2024-07-01,373800,419100,792900,769800
66072,Mont-Royal,93405554051,,1000,0145,8.38,246.40,2,1953,R,171.7,2,5,2,2024-07-01,384400,404000,788400,765400
66072,Mont-Royal,93405449971,,1000,0145,8.38,249.70,2,1952,R,173.2,2,5,1,2024-07-01,389500,638700,1028200,960900
66072,Mont-Royal,93405444915,,1000,0145,8.38,253.10,2,1952,R,173.2,2,5,1,2024-07-01,394800,637600,1032400,964900
66072,Mont-Royal,93405437802,,1000,0145,16.46,506.60,2,1951,R,338.9,2,5,5,2024-07-01,790300,529400,1319700,1281300
66072,Mont-Royal,93405428678,,1000,0145,15.85,500.00,2,1951,R,338.9,2,5,4,2024-07-01,780000,533900,1313900,1275600
66072,Mont-Royal,93405414504,,1000,0145,31.12,877.00,2,1953,R,510.2,1,,9,2024-07-01,1368100,598800,1966900,1909600
66072,Mont-Royal,93405405312,,1000,0145,12.31,401.90,2,1957,R,265.6,2,5,2,2024-07-01,627000,616600,1243600,1207400
66072,Mont-Royal,93405401204,,1000,0145,12.31,401.90,2,1957,R,265.6,2,5,2,2024-07-01,627000,616600,1243600,1207400
66072,Mont-Royal,93405862157,,1000,0146,13.41,446.30,2,1930,R,214.5,2,5,1,2024-07-01,914900,647700,1562600,1562600
66072,Mont-Royal,93405856035,,1000,0146,13.41,442.70,2,1929,R,167.2,2,5,1,2024-07-01,907500,530700,1438200,1438200
66072,Mont-Royal,93405750915,,1000,0146,13.41,439.20,2,1935,R,173.7,2,5,1,2024-07-01,900400,560600,1461000,1461000
66072,Mont-Royal,93405744793,,1000,0146,13.41,435.70,2,1935,R,141.1,2,5,1,2024-07-01,893200,353600,1246800,1246800
66072,Mont-Royal,93405738662,,1000,0146,15.27,492.40,2,1930,R,147.7,2,5,1,2024-07-01,1009400,134200,1143600,1143600
66072,Mont-Royal,93405731527,,1000,0146,15.27,487.70,2,1930,R,193.9,2,5,1,2024-07-01,999800,511700,1511500,1511500
66072,Mont-Royal,93405725388,,1000,0146,15.27,483.10,2,1929,R,190.3,1,5,1,2024-07-01,990400,296600,1287000,1287000
66072,Mont-Royal,93405718250,,1000,0146,15.27,478.50,2,1950,R,197.9,1,5,1,2024-07-01,980900,917700,1898600,1898600
66072,Mont-Royal,93404675386,,1000,0145,15.24,448.40,2,1934,R,139.8,1,4,1,2024-07-01,874400,543600,1418000,1325200
66072,Mont-Royal,93404668241,,1000,0145,15.24,444.00,1,1932,R,158.2,1,4,1,2024-07-01,865800,699800,1565600,1463200
66072,Mont-Royal,93404661105,,1000,0145,15.24,439.30,1,1935,R,180.4,1,4,1,2024-07-01,856600,759000,1615600,1509900
66072,Mont-Royal,93404554961,,1000,0145,15.24,433.80,2,1931,R,126.7,1,5,1,2024-07-01,845900,516600,1362500,1273400
66072,Mont-Royal,93404548823,,1000,0145,15.24,429.90,1,1930,R,166.5,1,4,1,2024-07-01,838300,743200,1581500,1478000
66072,Mont-Royal,93404541695,,1000,0145,15.24,425.20,1,1931,R,118.8,1,4,1,2024-07-01,829100,569700,1398800,1307300
66072,Mont-Royal,93404534567,,1000,0145,14.48,400.00,1,1930,R,136.7,1,4,1,2024-07-01,780000,750100,1530100,1430000
66072,Mont-Royal,93404528437,,1000,0145,14.48,395.90,1,1931,R,129.7,1,4,1,2024-07-01,772000,409500,1181500,1104200
66072,Mont-Royal,93404521309,,1000,0145,14.48,391.60,1,1931,R,117.4,1,4,1,2024-07-01,763600,609600,1373200,1283400
66072,Mont-Royal,93404515178,,1000,0145,14.48,387.70,1,1932,R,120.7,1,4,1,2024-07-01,756000,652400,1408400,1316300
66072,Mont-Royal,93404507027,,1000,0145,18.29,484.00,1,1935,R,118.4,1,4,1,2024-07-01,943800,517400,1461200,1365600
66072,Mont-Royal,93404400876,,1000,0145,15.24,397.80,2,1947,R,121.9,1,5,1,2024-07-01,775700,774100,1549800,1448400
66072,Mont-Royal,93403494714,,1000,0145,10.85,521.70,2,1950,R,180.2,2,5,1,2024-07-01,864700,719200,1583900,1480300
66072,Mont-Royal,93403499549,,1000,0145,10.85,482.90,2,1950,R,180.2,2,5,1,2024-07-01,800400,683700,1484100,1387000
66072,Mont-Royal,93404420452,,1000,0145,15.39,368.80,2,1950,R,205.3,1,5,1,2024-07-01,719200,773200,1492400,1394800
66072,Mont-Royal,93405799953,,1000,0146,24.38,446.60,2,1930,R,167.1,1,4,1,2024-07-01,915500,353600,1269100,1269100
66072,Mont-Royal,93405795720,,1000,0146,19.96,585.10,2,1930,R,219.4,1,5,1,2024-07-01,1199500,535700,1735200,1735200
66072,Mont-Royal,93405792545,,1000,0146,15.27,593.70,2,1931,R,144.4,2,5,1,2024-07-01,1034500,348600,1383100,1383100
66072,Mont-Royal,93405789392,,1000,0146,15.27,719.70,2,1931,R,159.6,2,4,1,2024-07-01,1106500,444900,1551400,1551400
66072,Mont-Royal,93405786257,,1000,0146,15.30,845.90,2,1930,R,283.3,2,2,1,2024-07-01,1213900,969600,2183500,2183500
66072,Mont-Royal,93405783106,,1000,0146,15.27,969.90,2,1930,R,221.1,2,5,1,2024-07-01,1292400,724900,2017300,2017300
66072,Mont-Royal,93405661872,,1000,0146,14.00,512.10,2,1930,R,160.9,1,5,1,2024-07-01,1049800,499700,1549500,1549500
66072,Mont-Royal,93405618112,,1000,0145,25.18,853.20,2,1985,R,338.5,1,2,1,2024-07-01,1497400,1565000,3062400,2862100
66072,Mont-Royal,93405509923,,1000,0145,15.03,492.70,1,1931,R,125.6,1,4,1,2024-07-01,960800,311400,1272200,1189000
66072,Mont-Royal,93405502795,,1000,0145,15.03,480.30,2,1930,R,194.4,1,5,1,2024-07-01,936600,593000,1529600,1429500
66072,Mont-Royal,93404595667,,1000,0145,15.03,468.10,1,1934,R,173.2,1,4,1,2024-07-01,912800,590400,1503200,1404900
66072,Mont-Royal,93404588522,,1000,0145,14.39,437.10,1,1932,R,185.5,1,4,1,2024-07-01,852300,729700,1582000,1478500
66072,Mont-Royal,93404581402,,1000,0145,14.33,426.00,1,1931,R,180.7,1,4,1,2024-07-01,830700,400800,1231500,1150900
66072,Mont-Royal,93404574274,,1000,0145,14.39,414.90,2,1932,R,125.9,1,4,1,2024-07-01,809100,573600,1382700,1292200
66072,Mont-Royal,93404567146,,1000,0145,14.39,403.70,2,1931,R,151.1,1,4,1,2024-07-01,787200,642600,1429800,1336300
66072,Mont-Royal,93404459989,,1000,0145,14.39,391.40,1,1930,R,151.9,1,4,1,2024-07-01,763200,652800,1416000,1323400
66072,Mont-Royal,93404449790,,1000,0145,28.77,749.40,1,1931,R,177.0,1,4,1,2024-07-01,1169100,446500,1615600,1509900
66072,Mont-Royal,93404465275,,1000,0145,15.40,464.50,2,1951,R,198.3,2,5,1,2024-07-01,905800,496200,1402000,1310300
66072,Mont-Royal,93404458130,,1000,0145,15.40,464.50,2,1951,R,171.2,2,5,1,2024-07-01,905800,633700,1539500,1438800
66072,Mont-Royal,93404350998,,1000,0145,15.40,464.50,2,1950,R,182.0,2,5,1,2024-07-01,905800,383900,1289700,1205300
66072,Mont-Royal,93404343837,,1000,0145,10.66,479.20,2,1950,R,126.9,2,5,1,2024-07-01,934400,377400,1311800,1226000
66072,Mont-Royal,93404415254,,1000,0145,10.06,402.10,2,1950,R,181.8,2,5,1,2024-07-01,784100,678900,1463000,1367300
66072,Mont-Royal,93403499309,,1000,0145,15.24,417.50,2,1950,R,181.2,2,5,1,2024-07-01,814100,589700,1403800,1312000
66072,Mont-Royal,93403485357,,1000,0145,15.85,434.80,2,1950,R,205.5,1,5,1,2024-07-01,847900,1100200,1948100,1820700
66072,Mont-Royal,93404331758,,1000,0145,11.60,565.90,2,1950,R,144.8,2,5,1,2024-07-01,772500,407600,1180100,1102900
66072,Mont-Royal,93404326584,,1000,0150,30.24,445.50,2,1950,R,166.4,2,5,1,2024-07-01,690500,368000,1058500,1058500
66072,Mont-Royal,93404300845,,1000,0145,24.38,422.10,2,1950,R,115.9,2,5,1,2024-07-01,823100,431200,1254300,1172200
66072,Mont-Royal,93403398709,,1000,0150,31.01,472.50,2,1951,R,149.3,2,5,1,2024-07-01,732400,206700,939100,939100
66072,Mont-Royal,93403375947,,1000,0145,28.96,441.30,2,1950,R,151.4,2,5,1,2024-07-01,860500,401900,1262400,1179800
66072,Mont-Royal,93403370807,,1000,0150,28.96,441.30,2,1951,R,126.9,2,5,1,2024-07-01,684000,341000,1025000,1025000
66072,Mont-Royal,93403448058,,1000,0145,28.96,441.30,2,1950,R,117.8,2,5,1,2024-07-01,860500,317700,1178200,1101100
66072,Mont-Royal,93403343911,,1000,0150,28.96,441.30,2,1951,R,117.9,2,5,1,2024-07-01,684000,320700,1004700,1004700
66072,Mont-Royal,93403422160,,1000,0145,21.64,373.70,2,1950,R,175.3,2,5,1,2024-07-01,728700,531900,1260600,1178100
66072,Mont-Royal,93403416022,,1000,0150,28.56,451.30,2,1951,R,120.8,2,5,1,2024-07-01,699500,326500,1026000,1026000
66072,Mont-Royal,93402498260,,1000,0145,,547.60,2,1950,R,117.9,2,5,1,2024-07-01,854300,303000,1157300,1081600
66072,Mont-Royal,93402489145,,1000,0150,32.16,528.40,2,1951,R,117.8,2,5,1,2024-07-01,819000,191300,1010300,1010300
66072,Mont-Royal,93405935664,,1000,0147,39.62,570.40,2,1935,R,180.2,1,4,1,2024-07-01,912600,743400,1656000,1656000
66072,Mont-Royal,93405922514,,1000,0147,18.29,522.10,2,1938,R,241.8,1,5,1,2024-07-01,1044200,1198700,2242900,2242900
66072,Mont-Royal,93405913349,,1000,0147,18.29,602.70,2,1936,R,340.0,1,5,1,2024-07-01,1205400,1607600,2813000,2813000
66072,Mont-Royal,93405907176,,1000,0147,18.29,638.60,2,1938,R,242.8,1,5,1,2024-07-01,1277200,1113900,2391100,2391100
66072,Mont-Royal,93405800991,,1000,0147,18.29,642.10,2,1936,R,238.0,1,5,1,2024-07-01,1284200,812000,2096200,2096200
66072,Mont-Royal,93404872355,,1000,0146,15.25,521.20,2,1940,R,226.3,1,5,1,2024-07-01,1068500,871200,1939700,1939700
66072,Mont-Royal,93404866217,,1000,0146,15.25,511.90,2,1934,R,148.8,1,5,1,2024-07-01,1049400,794700,1844100,1844100
66072,Mont-Royal,93404860079,,1000,0146,13.73,452.70,2,1939,R,195.7,1,5,1,2024-07-01,928000,756800,1684800,1684800
66072,Mont-Royal,93404754959,,1000,0146,13.73,445.20,2,1931,R,176.0,2,5,1,2024-07-01,912700,503900,1416600,1416600
66072,Mont-Royal,93404748829,,1000,0146,14.63,466.90,2,1933,R,136.9,2,5,1,2024-07-01,957100,646200,1603300,1603300
66072,Mont-Royal,93404743697,,1000,0146,12.80,401.50,2,1934,R,160.3,2,5,1,2024-07-01,823100,421700,1244800,1244800
66072,Mont-Royal,93404737566,,1000,0146,15.25,471.70,2,1934,R,177.3,2,5,1,2024-07-01,967000,1206200,2173200,2173200
66072,Mont-Royal,93404616877,,1000,0145,29.11,398.50,2,1931,R,158.0,2,5,1,2024-07-01,777100,757300,1534400,1434000
66072,Mont-Royal,93404600715,,1000,0145,13.91,392.90,2,1935,R,196.4,2,4,1,2024-07-01,766200,892300,1658500,1550000
66072,Mont-Royal,93403694586,,1000,0145,13.91,391.60,2,1935,R,223.0,2,4,1,2024-07-01,763600,870700,1634300,1527400
66072,Mont-Royal,93403688455,,1000,0145,13.91,390.60,2,1937,R,203.9,2,4,1,2024-07-01,761700,880900,1642600,1535100
66072,Mont-Royal,93403682326,,1000,0145,13.91,389.40,2,1935,R,205.9,1,4,1,2024-07-01,759300,885400,1644700,1537100
66072,Mont-Royal,93403676195,,1000,0145,15.25,425.70,2,1933,R,233.5,1,5,1,2024-07-01,830100,746000,1576100,1473000
66072,Mont-Royal,93403669059,,1000,0145,15.25,424.30,2,1936,R,199.1,2,5,1,2024-07-01,827400,644700,1472100,1375800
66072,Mont-Royal,93403563914,,1000,0145,15.25,422.90,2,1935,R,215.2,2,5,1,2024-07-01,824700,797600,1622300,1516200
66072,Mont-Royal,93403557775,,1000,0145,15.25,421.50,2,1935,R,232.2,1,5,1,2024-07-01,821900,870000,1691900,1581200
66072,Mont-Royal,93403550630,,1000,0145,15.25,420.10,2,1935,R,149.7,1,5,1,2024-07-01,819200,727600,1546800,1445600
66072,Mont-Royal,93403544484,,1000,0145,16.17,438.00,2,1932,R,179.3,2,5,1,2024-07-01,854100,577500,1431600,1337900
66072,Mont-Royal,93403537348,,1000,0145,14.34,398.90,2,1935,R,176.6,2,5,1,2024-07-01,777900,739000,1516900,1417700
66072,Mont-Royal,93403530194,,1000,0145,19.83,541.00,2,1935,R,173.7,2,5,1,2024-07-01,1055000,617800,1672800,1563400
66072,Mont-Royal,93403521037,,1000,0145,15.54,487.70,2,1950,R,183.8,2,5,1,2024-07-01,951000,408800,1359800,1270800
66072,Mont-Royal,93403418879,,1000,0145,16.41,467.50,2,1950,R,182.0,2,5,1,2024-07-01,911600,406400,1318000,1231800
66072,Mont-Royal,93403417707,,1000,0145,16.41,453.10,2,1950,R,150.5,1,5,1,2024-07-01,883500,803400,1686900,1576500
66072,Mont-Royal,93403411569,,1000,0145,15.97,445.90,2,1951,R,176.9,2,5,1,2024-07-01,869500,437800,1307300,1221800
66072,Mont-Royal,93403401438,,1000,0145,12.50,505.40,2,1951,R,221.3,2,5,1,2024-07-01,788400,731100,1519500,1420100
66072,Mont-Royal,93405986998,,1000,0147,48.31,580.10,2,2001,R,296.6,1,5,1,2024-07-01,986200,1909600,2895800,2895800
66072,Mont-Royal,93405984753,,1000,0147,19.81,573.10,2,1940,R,243.2,1,5,1,2024-07-01,1146200,1024000,2170200,2170200
66072,Mont-Royal,93405983532,,1000,0147,19.51,752.70,2,1945,R,309.4,1,5,1,2024-07-01,1354900,1752600,3107500,3107500
66072,Mont-Royal,93405980330,,1000,0147,19.51,952.40,2,1944,R,262.0,1,4,1,2024-07-01,1333400,992600,2326000,2326000
66072,Mont-Royal,93405977138,,1000,0147,19.51,1141.80,2,1938,R,308.3,1,5,1,2024-07-01,1484300,1175800,2660100,2660100
66072,Mont-Royal,93405957007,,1000,0147,19.51,654.00,2,1938,R,242.1,1,5,1,2024-07-01,1308000,1409100,2717100,2717100
66072,Mont-Royal,93405850822,,1000,0147,19.81,664.30,2,1938,R,331.9,1,5,1,2024-07-01,1328600,1466300,2794900,2794900
66072,Mont-Royal,93405817078,,1000,0146,17.95,590.30,2,1931,R,201.5,1,5,1,2024-07-01,1210100,634300,1844400,1844400
66072,Mont-Royal,93405711933,,1000,0146,13.38,435.70,2,1931,R,180.4,2,5,1,2024-07-01,893200,596000,1489200,1489200
66072,Mont-Royal,93405706792,,1000,0146,15.24,492.40,2,1931,R,187.3,2,5,1,2024-07-01,1009400,633200,1642600,1642600
66072,Mont-Royal,93405700654,,1000,0146,15.24,487.70,2,1925,R,152.6,2,5,1,2024-07-01,999800,615400,1615200,1615200
66072,Mont-Royal,93404792512,,1000,0146,15.24,483.10,2,1925,R,192.9,2,5,1,2024-07-01,990400,683100,1673500,1673500
66072,Mont-Royal,93404785383,,1000,0146,11.28,368.70,2,1938,R,142.8,2,5,1,2024-07-01,755800,735700,1491500,1491500
66072,Mont-Royal,93404781291,,1000,0146,10.76,335.60,2,1938,R,148.3,2,5,1,2024-07-01,688000,624700,1312700,1312700
66072,Mont-Royal,93404776192,,1000,0146,10.06,311.60,2,1930,R,144.6,2,5,1,2024-07-01,638800,827400,1466200,1466200
66072,Mont-Royal,93404644515,,1000,0145,15.21,448.40,2,1931,R,158.4,2,4,1,2024-07-01,874400,558500,1432900,1339200
66072,Mont-Royal,93404637378,,1000,0145,15.21,444.00,2,1931,R,158.4,2,4,1,2024-07-01,865800,627100,1492900,1395200
66072,Mont-Royal,93404631231,,1000,0145,15.21,439.30,2,1931,R,200.7,2,5,1,2024-07-01,856600,900600,1757200,1642200
66072,Mont-Royal,93404624095,,1000,0145,15.21,433.80,2,1931,R,147.5,2,5,1,2024-07-01,845900,360400,1206300,1127400
66072,Mont-Royal,93404517950,,1000,0145,15.21,429.90,2,1940,R,243.2,2,4,1,2024-07-01,838300,915800,1754100,1639300
66072,Mont-Royal,93404511813,,1000,0145,15.21,425.20,2,1940,R,208.1,2,5,1,2024-07-01,829100,991100,1820200,1701100
66072,Mont-Royal,93404505682,,1000,0145,14.45,400.00,2,1931,R,152.3,2,5,1,2024-07-01,780000,591700,1371700,1282000
66072,Mont-Royal,93403599553,,1000,0145,14.45,395.80,2,1931,R,172.5,2,5,1,2024-07-01,771800,671100,1442900,1348500
66072,Mont-Royal,93403593424,,1000,0145,14.45,391.60,2,1935,R,167.0,2,5,1,2024-07-01,763600,645700,1409300,1317100
66072,Mont-Royal,93403586287,,1000,0145,14.45,387.70,2,1935,R,223.3,2,5,1,2024-07-01,756000,982800,1738800,1625000
66072,Mont-Royal,93403580157,,1000,0145,14.45,383.50,2,1934,R,189.7,1,5,1,2024-07-01,747800,917300,1665100,1556200
66072,Mont-Royal,93403573004,,1000,0145,19.02,498.40,2,1935,R,241.5,1,5,1,2024-07-01,971900,878700,1850600,1729500
66072,Mont-Royal,93403468833,,1000,0145,16.76,474.60,2,1950,R,182.7,2,5,1,2024-07-01,925500,512400,1437900,1343800
66072,Mont-Royal,93403467660,,1000,0145,16.56,482.40,2,1950,R,170.0,2,5,1,2024-07-01,940700,430600,1371300,1281600
66072,Mont-Royal,93403465516,,1000,0145,13.86,454.70,2,1950,R,166.8,2,5,1,2024-07-01,886700,584700,1471400,1375100
66072,Mont-Royal,93403461382,,1000,0145,,446.90,2,1950,R,192.4,2,5,1,2024-07-01,871500,752100,1623600,1517400
66072,Mont-Royal,93415296875,,1000,0154,34.90,1053.10,1,1930,R,337.8,1,4,1,2024-07-01,2000900,1030500,3031400,2859800
66072,Mont-Royal,93415241525,,1000,0147,23.07,912.90,2,1936,R,459.1,1,4,1,2024-07-01,1825800,2099200,3925000,3925000
66072,Mont-Royal,93415231278,,1000,0147,26.21,920.20,1,1936,R,270.8,1,4,1,2024-07-01,1840400,997000,2837400,2837400
66072,Mont-Royal,93415221022,,1000,0147,26.21,920.40,2,1936,R,414.7,1,5,1,2024-07-01,1840800,2279500,4120300,4120300
66072,Mont-Royal,93415111777,,1000,0147,26.21,920.40,2,1936,R,343.3,1,5,1,2024-07-01,1840800,1457700,3298500,3298500
66072,Mont-Royal,93415102560,,1000,0147,18.29,642.10,1,1930,R,146.6,1,4,1,2024-07-01,1284200,659100,1943300,1943300
66072,Mont-Royal,93414195391,,1000,0147,18.29,642.10,2,1937,R,334.9,1,5,1,2024-07-01,1284200,2204500,3488700,3488700
66072,Mont-Royal,93414188222,,1000,0147,18.29,642.10,2,1935,R,194.9,1,5,1,2024-07-01,1284200,1239100,2523300,2523300
66072,Mont-Royal,93414050281,,1000,0147,22.86,802.70,2,1937,R,462.9,1,5,1,2024-07-01,1605400,3672700,5278100,5278100
66072,Mont-Royal,93414041066,,1000,0147,22.86,802.70,2,1936,R,353.4,1,5,1,2024-07-01,1605400,1894200,3499600,3499600
66072,Mont-Royal,93404932860,,1000,0147,22.86,802.70,2,1937,R,201.5,1,5,1,2024-07-01,1605400,535800,2141200,2141200
66072,Mont-Royal,93404923646,,1000,0147,22.86,802.70,2,1937,R,232.3,1,5,1,2024-07-01,1605400,1019000,2624400,2624400
66072,Mont-Royal,93404914439,,1000,0147,22.86,802.70,2,1940,R,303.2,1,5,1,2024-07-01,1605400,1317800,2923200,2923200
66072,Mont-Royal,93404906229,,1000,0147,22.86,802.70,2,1936,R,394.9,1,4,1,2024-07-01,1605400,1893600,3499000,3499000
66072,Mont-Royal,93403872588,,1000,0146,22.86,705.90,1,1936,R,189.6,1,4,1,2024-07-01,1447100,753700,2200800,2200800
66072,Mont-Royal,93403858421,,1000,0146,22.86,705.90,2,1930,R,261.2,1,5,1,2024-07-01,1447100,1266600,2713700,2713700
66072,Mont-Royal,93403840296,,1000,0146,30.48,941.10,2,1935,R,318.2,1,5,1,2024-07-01,1929300,1295500,3224800,3224800
66072,Mont-Royal,93403820157,,1000,0146,21.34,655.50,2,1936,R,227.2,1,5,1,2024-07-01,1343800,953400,2297200,2297200
66072,Mont-Royal,93403805034,,1000,0146,33.38,517.20,2,1930,R,225.5,1,5,1,2024-07-01,901200,1484700,2385900,2385900
66072,Mont-Royal,93403611911,,1000,0145,18.29,642.30,2,1935,R,213.9,1,5,1,2024-07-01,1252500,850500,2103000,1965400
66072,Mont-Royal,93403605756,,1000,0145,15.24,535.40,2,1935,R,297.0,1,5,1,2024-07-01,1044000,1159900,2203900,2059700
66072,Mont-Royal,93403601631,,1000,0145,12.19,428.40,2,1930,R,177.2,2,5,1,2024-07-01,835400,680100,1515500,1416400
66072,Mont-Royal,93402696517,,1000,0145,12.19,428.50,2,1930,R,179.0,2,5,1,2024-07-01,835600,652100,1487700,1390400
66072,Mont-Royal,93402689397,,1000,0145,15.24,535.70,2,1932,R,234.0,2,5,1,2024-07-01,1044600,1086000,2130600,1991200
66072,Mont-Royal,93402683242,,1000,0145,15.24,535.90,2,1932,R,151.1,2,5,1,2024-07-01,1045000,605800,1650800,1542800
66072,Mont-Royal,93402677103,,1000,0145,15.06,538.20,2,1940,R,271.1,2,4,1,2024-07-01,1049500,942600,1992100,1861800
66072,Mont-Royal,93402571967,,1000,0145,15.18,534.00,2,1940,R,253.5,2,5,1,2024-07-01,1041300,1072000,2113300,1975000
66072,Mont-Royal,93402566827,,1000,0145,13.72,482.70,2,1945,R,241.4,2,5,1,2024-07-01,941300,997800,1939100,1812200
66072,Mont-Royal,93402561695,,1000,0145,12.95,456.00,2,1945,R,225.5,2,5,1,2024-07-01,889200,908300,1797500,1679900
66072,Mont-Royal,93402556588,,1000,0145,12.56,442.10,2,1946,R,192.4,2,5,1,2024-07-01,862100,572800,1434900,1341000
66072,Mont-Royal,93402551472,,1000,0145,12.56,442.20,1,1942,R,235.8,2,5,1,2024-07-01,862300,794900,1657200,1548800
66072,Mont-Royal,93415298418,,1000,0154,34.90,702.10,2,1937,R,222.9,1,5,1,2024-07-01,1334000,765200,2099200,1980400
66072,Mont-Royal,93415167969,,1000,0147,66.51,1098.70,2,1930,R,474.1,1,5,1,2024-07-01,1867800,1435900,3303700,3303700
66072,Mont-Royal,93415156145,,1000,0147,19.05,1097.40,2,1940,R,261.7,1,5,1,2024-07-01,1755800,1086700,2842500,2842500
66072,Mont-Royal,93415054126,,1000,0147,45.50,950.30,2,1937,R,335.7,1,5,1,2024-07-01,1520500,1526400,3046900,3046900
66072,Mont-Royal,93415033054,,1000,0147,19.20,604.60,2,1936,R,240.4,1,5,1,2024-07-01,1209200,931300,2140500,2140500
66072,Mont-Royal,93405919965,,1000,0147,19.20,604.60,2,1934,R,366.4,1,4,1,2024-07-01,1209200,1552400,2761600,2761600
66072,Mont-Royal,93405907820,,1000,0147,19.20,604.60,2,1938,R,241.1,1,5,1,2024-07-01,1209200,1425800,2635000,2635000
66072,Mont-Royal,93404994704,,1000,0147,19.20,604.60,2,1938,R,236.0,1,5,1,2024-07-01,1209200,1253200,2462400,2462400
66072,Mont-Royal,93404980521,,1000,0147,31.91,992.60,2,1940,R,406.3,1,5,1,2024-07-01,1985200,1397000,3382200,3657100
66072,Mont-Royal,93404967247,,1000,0147,33.31,1137.10,2,1934,R,279.7,1,5,1,2024-07-01,2274200,1424900,3699100,3699100
66072,Mont-Royal,93404836491,,1000,0146,15.24,535.10,2,1962,R,264.8,1,5,1,2024-07-01,1097000,1496600,2593600,2593600
66072,Mont-Royal,93404828290,,1000,0146,28.96,1016.70,2,1930,R,419.4,1,5,1,2024-07-01,2084200,1971900,4056100,4056100
66072,Mont-Royal,93404817038,,1000,0146,27.43,963.20,2,2013,R,562.7,1,5,1,2024-07-01,1974600,2987500,4962100,4962100
66072,Mont-Royal,93404706769,,1000,0146,28.96,1016.70,2,1988,R,499.4,1,5,1,2024-07-01,2084200,1882500,3966700,3966700
66072,Mont-Royal,93403767069,,1000,0145,28.83,505.50,2,1932,R,162.3,1,5,1,2024-07-01,985700,438600,1424300,1331100
66072,Mont-Royal,93403666816,,1000,0145,18.29,618.70,1,1939,R,274.0,1,4,1,2024-07-01,1206500,962000,2168500,2026600
66072,Mont-Royal,93403659654,,1000,0145,18.29,607.60,1,1937,R,98.8,1,4,1,2024-07-01,1184800,311900,1496700,1398800
66072,Mont-Royal,93403652485,,1000,0145,19.02,619.70,1,1935,R,168.7,1,4,1,2024-07-01,1208400,474700,1683100,1573000
66072,Mont-Royal,93403645323,,1000,0145,13.72,439.20,2,1939,R,193.1,2,5,1,2024-07-01,856400,734200,1590600,1486500
66072,Mont-Royal,93403640191,,1000,0145,13.72,432.70,2,1939,R,196.2,2,5,1,2024-07-01,843800,783300,1627100,1520700
66072,Mont-Royal,93403633055,,1000,0145,16.76,520.10,2,1942,R,128.9,1,5,1,2024-07-01,1014200,471400,1485600,1388400
66072,Mont-Royal,93403527919,,1000,0145,13.72,418.50,2,1940,R,186.7,2,5,1,2024-07-01,816100,966200,1782300,1665700
66023,Montréal,00405263294,REM19,1000,2038,15.95,598.40,4,1880,E,1726.0,,,8,2024-07-01,2154200,1213600,3367800,3061600
66023,Montréal,00405270141,REM19,1000,2038,13.23,378.20,5,1967,R,1497.1,2,,8,2024-07-01,1021100,2653900,3675000,3500000
66023,Montréal,99407434705,REM19,1000,2337,12.92,344.10,5,1925,R,1212.4,4,,8,2024-07-01,1410800,1398100,2808900,2808900
66023,Montréal,00396935751,REM19,1000,2038,33.83,1325.60,5,1875,R,2035.9,1,5,1,2024-07-01,4772200,10160200,14932400,14087200
66023,Montréal,00405249178,REM19,1000,2038,14.78,187.00,4,1832,E,557.1,4,5,3,2024-07-01,673200,1852400,2525600,2360400
66023,Montréal,99407593120,REM19,1000,2337,17.43,439.20,4,1900,E,1616.4,4,5,5,2024-07-01,1800700,180100,1980800,1899400
66023,Montréal,99401823424,REM21,1000,2483,36.00,1182.10,4,1925,R,2496.1,,,32,2024-07-01,3073500,4241500,7315000,6650000
66023,Montréal,99401800570,REM21,1000,2483,18.50,590.70,10,1958,R,5070.0,,,76,2024-07-01,1535800,12882500,14418300,13107500
66023,Montréal,00404290827,REM19,1000,2042,,49.89,1,1890,E,77.3,5,5,1,2024-07-01,214500,495700,710200,676400
66023,Montréal,99400878726,REM21,1000,2483,35.26,1186.30,11,1964,R,6590.3,,,161,2024-07-01,3084400,24065600,27150000,27000000
66023,Montréal,99400911196,REM21,1000,2483,24.38,911.40,5,1961,R,1974.0,,,55,2024-07-01,2369600,8756900,11126500,10115000
66023,Montréal,00404290827,REM19,1000,2042,,41.97,1,1890,E,129.8,5,5,1,2024-07-01,180500,414000,594500,594500
66023,Montréal,98409992322,REM21,1000,2483,,65.69,1,1870,E,80.2,5,5,1,2024-07-01,170800,326700,497500,452300
66023,Montréal,00404290827,REM19,1000,2042,,51.76,,1890,E,162.5,5,5,1,2024-07-01,222600,473000,695600,695600
66023,Montréal,00404290827,REM19,1000,2042,,41.50,1,1890,E,129.0,5,5,1,2024-07-01,178500,383900,562400,562400
66023,Montréal,98409992322,REM21,1000,2483,,79.71,1,1870,E,80.2,5,5,1,2024-07-01,207200,342600,549800,499800
66023,Montréal,00404290827,REM19,1000,2042,,51.76,,1890,E,162.5,5,5,1,2024-07-01,222600,473000,695600,695600
66023,Montréal,98409992322,REM21,1000,2483,,79.71,1,1870,E,79.4,5,5,1,2024-07-01,207200,420900,628100,571000
66023,Montréal,00404290827,REM19,1000,2042,,41.50,,1890,E,129.4,5,5,1,2024-07-01,178500,378900,557400,557400
66023,Montréal,98409992322,REM21,1000,2483,,75.08,1,1870,E,74.1,5,5,1,2024-07-01,195200,328400,523600,476000
66023,Montréal,00404290827,REM19,1000,2042,,74.60,1,1890,E,223.0,5,5,1,2024-07-01,320800,517600,838400,838400
66023,Montréal,98409992322,REM21,1000,2483,,75.08,1,1870,E,72.5,5,5,1,2024-07-01,195200,302300,497500,452300
66023,Montréal,98409992322,REM21,1000,2483,,84.47,1,1870,E,82.8,5,5,1,2024-07-01,219600,356500,576100,523700
66023,Montréal,98409942848,REM21,1000,2483,48.77,3291.00,4,1929,R,9159.9,,,94,2024-07-01,8556600,20706200,29262800,26602500
66023,Montréal,98409908880,REM21,1000,2483,13.72,501.70,3,1900,E,803.1,4,,6,2024-07-01,1304400,1080700,2385100,2385100
66023,Montréal,98408995979,REM21,1000,2483,16.61,604.80,3,1900,E,833.5,2,,15,2024-07-01,1572500,2611600,4184100,3803700
66023,Montréal,98418082057,REM21,1000,2483,15.24,557.60,8,1960,R,2949.3,,,44,2024-07-01,1449800,5400900,6850700,6227900
66023,Montréal,98418068155,REM21,1000,2483,19.13,702.30,4,1928,R,1942.4,4,,24,2024-07-01,1826000,3497600,5323600,4839600
66023,Montréal,98418057240,REM21,1000,2483,,44.30,2,1900,E,80.9,5,5,1,2024-07-01,115200,391800,507000,460900
66023,Montréal,98418057240,REM21,1000,2483,,79.38,5,1900,E,144.9,5,5,1,2024-07-01,206400,610700,817100,742800
66023,Montréal,00404261091,REM19,1000,2012,,9.52,,1909,R,71.0,5,5,1,2024-07-01,45700,392100,437800,425000
66023,Montréal,00404261091,REM19,1000,2012,,11.83,,1909,R,59.2,5,5,1,2024-07-01,56800,317400,374200,363300
66023,Montréal,98418057240,REM21,1000,2483,,37.68,1,1900,E,68.8,5,5,1,2024-07-01,98000,334200,432200,392900
66023,Montréal,00404261091,REM19,1000,2012,,18.06,,1909,R,109.1,5,5,1,2024-07-01,86700,529200,615900,598000
66023,Montréal,00404261091,REM19,1000,2012,,26.56,,1909,R,130.3,5,5,1,2024-07-01,127500,777100,904600,878300
66023,Montréal,98418041277,REM21,1000,2483,,33.15,,1900,E,70.2,5,5,1,2024-07-01,86200,434300,520500,473200
66023,Montréal,00404261091,REM19,1000,2012,,15.17,1,1909,R,80.8,5,5,1,2024-07-01,72800,408500,481300,467300
66023,Montréal,00404261091,REM19,1000,2012,,29.82,,1909,R,131.0,5,5,1,2024-07-01,143100,1040900,1184000,1149500
66023,Montréal,98418041277,REM21,1000,2483,,33.15,1,1900,E,67.5,5,5,1,2024-07-01,86200,399300,485500,441400
66023,Montréal,00404261091,REM19,1000,2012,,19.86,,1909,R,93.0,5,5,1,2024-07-01,95300,397000,492300,478000
66023,Montréal,98418041277,REM21,1000,2483,,33.15,1,1900,E,68.3,5,5,1,2024-07-01,86200,512000,598200,543800
66023,Montréal,98418041277,REM21,1000,2483,,33.15,1,1900,E,69.4,5,5,1,2024-07-01,86200,512000,598200,543800
66023,Montréal,98417076779,REM21,1000,2483,6.63,207.80,2,1900,E,194.3,4,5,2,2024-07-01,540300,1016200,1556500,1604600
66023,Montréal,00404261091,REM19,1000,2012,,9.52,,1909,R,60.5,5,5,1,2024-07-01,45700,277000,322700,313300
66023,Montréal,98417071812,REM21,1000,2483,7.66,250.70,2,1900,E,235.0,4,5,3,2024-07-01,651800,868700,1520500,1567500
66023,Montréal,00404261091,REM19,1000,2012,,18.06,,1909,R,110.2,5,5,1,2024-07-01,86700,534200,620900,602800
66023,Montréal,98417064858,REM21,1000,2483,7.44,220.30,2,1900,E,211.3,4,5,1,2024-07-01,572800,1397300,1970100,1527200
66023,Montréal,00404261091,REM19,1000,2012,,26.79,,1909,R,129.9,5,5,1,2024-07-01,128600,774100,902700,876400
66023,Montréal,98417058892,REM21,1000,2483,7.25,235.50,2,1890,R,249.0,3,5,2,2024-07-01,612300,1472900,2085200,1616400
66023,Montréal,98417043944,REM21,1000,2483,24.23,688.50,2,1870,E,430.8,1,5,4,2024-07-01,1521600,1266900,2788500,2788500
66023,Montréal,00404261091,REM19,1000,2012,,29.82,1,1909,R,130.6,5,5,1,2024-07-01,143100,915300,1058400,1027600
66023,Montréal,98417128091,REM21,1000,2483,15.42,549.60,4,1927,R,1233.8,2,,16,2024-07-01,1429000,5553000,6982000,6347300
66023,Montréal,98417115155,REM21,1000,2483,13.08,475.30,4,1927,R,1218.6,4,,16,2024-07-01,1235800,5938300,7174100,6521900
66023,Montréal,00404261091,REM19,1000,2012,,22.17,,1909,R,91.3,5,5,1,2024-07-01,106400,455500,561900,545500
66023,Montréal,98417102245,REM21,1000,2483,17.59,635.00,4,1927,R,1571.2,2,,18,2024-07-01,1651000,9877700,11528700,10480600
66023,Montréal,99401846706,REM21,1000,2483,14.33,441.90,4,1905,R,1503.2,1,,28,2024-07-01,1148900,6705100,7854000,7140000
66023,Montréal,99401834801,REM21,1000,2483,7.92,205.30,2,1900,E,254.9,2,5,7,2024-07-01,533800,1278000,1811800,1811800
66023,Montréal,99401827854,REM21,1000,2483,7.92,205.30,2,1900,E,202.1,4,5,1,2024-07-01,533800,1218500,1752300,1358400
66023,Montréal,00404261091,REM19,1000,2012,,17.55,1,1909,R,111.1,5,5,1,2024-07-01,84200,414800,499000,484500
66023,Montréal,99401821899,REM21,1000,2483,7.01,181.60,3,1900,E,288.0,4,5,5,2024-07-01,472200,1688000,2160200,2160200
66023,Montréal,00404261091,REM19,1000,2012,,28.64,1,1909,R,130.7,5,5,1,2024-07-01,137500,844700,982200,953600
66023,Montréal,99401815933,REM21,1000,2483,7.01,181.60,3,1900,E,205.5,4,5,1,2024-07-01,472200,1011700,1483900,1150300
66023,Montréal,00404261091,REM19,1000,2012,,17.48,,1909,R,81.8,5,5,1,2024-07-01,83900,469200,553100,537000
66023,Montréal,99401810975,REM21,1000,2483,7.01,181.60,2,1910,R,204.8,4,5,1,2024-07-01,472200,984000,1456200,1128800
66023,Montréal,00404261091,REM19,1000,2012,,29.82,,1909,R,131.0,5,5,1,2024-07-01,143100,764300,907400,881000
66023,Montréal,99401904018,REM21,1000,2483,7.01,181.60,2,1900,E,249.9,4,5,2,2024-07-01,472200,903500,1375700,1418200
66023,Montréal,99400992097,REM21,1000,2483,21.03,544.90,10,1963,R,2779.7,,,69,2024-07-01,1416700,17096300,18513000,16830000
66023,Montréal,00404261091,REM19,1000,2012,,21.09,,1909,R,83.6,5,5,1,2024-07-01,101200,479700,580900,564000
66023,Montréal,99400975209,REM21,1532,2483,21.03,544.90,7,1962,R,3011.9,,,77,2024-07-01,1416700,13636500,15053200,13684700
66023,Montréal,00404261091,REM19,1000,2012,,22.17,,1909,R,92.1,5,5,1,2024-07-01,106400,459600,566000,549500
66023,Montréal,99400963288,REM21,1000,2483,7.01,181.60,2,1900,E,214.6,4,5,1,2024-07-01,472200,1028200,1500400,1163100
66023,Montréal,99400951366,REM21,1000,2483,21.03,544.90,14,1965,R,4866.4,,,76,2024-07-01,1416700,13317900,14734600,13395100
66023,Montréal,99400940443,REM21,1000,2483,7.01,181.60,3,1900,E,323.8,4,5,4,2024-07-01,472200,1213700,1685900,1669200
66023,Montréal,00404261091,REM19,1000,2012,,10.39,,1909,R,60.5,5,5,1,2024-07-01,49900,298100,348000,337900
66023,Montréal,99400934487,REM21,1000,2483,7.01,181.60,3,1900,E,243.7,4,5,4,2024-07-01,472200,1482200,1954400,1935000
66023,Montréal,00404261091,REM19,1000,2012,,19.70,1,1909,R,110.9,5,5,1,2024-07-01,94600,530900,625500,607300
66023,Montréal,99400922565,REM21,1000,2483,21.95,568.60,4,1963,R,1828.0,,,53,2024-07-01,1478400,7205600,8684000,7894500
66023,Montréal,99400909646,REM21,1000,2483,7.32,189.50,2,1895,E,229.6,4,5,6,2024-07-01,492700,829400,1322100,1322100
66023,Montréal,99400903680,REM21,1000,2483,7.32,189.50,4,1961,R,684.1,2,,17,2024-07-01,492700,2058000,2550700,2318800
66023,Montréal,00404261091,REM19,1000,2012,,31.90,,1909,R,132.8,5,5,1,2024-07-01,153100,873200,1026300,996400
66023,Montréal,98419031178,REM21,1000,2483,7.62,190.50,2,1895,E,227.8,4,5,1,2024-07-01,495300,1090900,1586200,1229600
66023,Montréal,98419024215,REM21,1000,2483,7.62,190.50,2,1900,E,269.9,4,5,1,2024-07-01,495300,1272800,1768100,1370600
66023,Montréal,98419012293,REM21,1000,2483,7.47,186.60,3,1898,E,340.7,4,5,6,2024-07-01,485200,1809000,2294200,2294200
66023,Montréal,98419005347,REM21,1000,2483,7.47,186.60,2,1900,E,240.5,4,5,2,2024-07-01,485200,1455600,1940800,1504500
66023,Montréal,00404261091,REM19,1000,2012,,12.87,,1909,R,60.8,5,5,1,2024-07-01,61800,293200,355000,344700
66023,Montréal,98418099382,REM21,1000,2483,7.32,182.80,2,1895,E,222.1,4,5,1,2024-07-01,475300,1139300,1614600,1251600
66023,Montréal,98418093427,REM21,1000,2483,7.32,182.80,2,1900,E,230.7,4,5,4,2024-07-01,475300,1071600,1546900,1546900
66023,Montréal,00404261091,REM19,1000,2012,,32.34,1,1909,R,132.9,5,5,1,2024-07-01,155200,962100,1117300,1084800
66023,Montréal,98418087460,REM21,1000,2483,7.32,182.80,2,1900,E,224.9,4,5,1,2024-07-01,475300,1148800,1624100,1259000
66023,Montréal,98418081505,REM21,1000,2483,7.32,182.80,3,1895,E,248.3,4,5,4,2024-07-01,475300,1423900,1899200,1880400
66023,Montréal,98418075549,REM21,1000,2483,7.32,182.80,3,1900,E,271.7,2,5,2,2024-07-01,475300,1303700,1779000,1834000
66023,Montréal,98418064618,REM21,1511,2483,9.14,228.70,3,1900,R,544.2,2,,5,2024-07-01,594600,2054600,2649200,2430500
66023,Montréal,98417188103,REM21,1000,2483,15.24,418.10,3,1953,R,932.8,2,,21,2024-07-01,1087100,3323600,4410700,4009700
66023,Montréal,98417175191,REM21,1000,2483,15.24,418.10,3,1953,R,932.8,2,,21,2024-07-01,1087100,3316400,4403500,4003200
66023,Montréal,00404261091,REM19,1000,2012,,23.40,1,1909,R,94.6,5,5,1,2024-07-01,112300,504800,617100,519100
66023,Montréal,98417158221,REM21,1000,2483,18.29,738.30,3,1900,E,582.2,1,,8,2024-07-01,1631600,1206400,2838000,2838000
66023,Montréal,98417148362,REM21,1000,2483,6.28,172.20,2,1895,E,165.8,2,5,1,2024-07-01,447700,1023000,1470700,1140100
66023,Montréal,98417143405,REM21,1000,2483,6.10,167.20,2,1913,R,165.5,4,5,1,2024-07-01,434700,1163700,1598400,1239100
66023,Montréal,98417138439,REM21,1000,2483,6.10,167.20,2,1895,E,157.9,4,5,1,2024-07-01,434700,870100,1304800,1011500
66023,Montréal,98417133471,REM21,1000,2483,6.10,167.20,2,1895,E,157.9,4,5,1,2024-07-01,434700,764400,1199100,929500
66023,Montréal,98417123522,REM21,1000,2483,17.22,507.10,4,1928,R,1402.1,1,,18,2024-07-01,1318500,7244200,8562700,7784200
66023,Montréal,00404121469,REM19,1000,2042,16.97,339.20,3,1938,R,1025.9,,,6,2024-07-01,1458600,3512200,4970800,4518900
66023,Montréal,00404117251,REM19,1000,2042,9.85,340.80,4,1880,E,1425.9,,,3,2024-07-01,1465400,1821000,3286400,2987600
66023,Montréal,00403088792,REM19,1000,2042,36.96,1302.10,5,1870,E,3558.6,,,21,2024-07-01,5599000,3657400,9256400,8415000
66023,Montréal,98419007822,REM21,1000,2529,5.79,158.00,3,2004,R,263.6,2,4,1,2024-07-01,379200,1444300,1823500,1413600
66023,Montréal,00403051972,REM19,1000,1994,,27.99,1,1908,R,118.7,5,5,1,2024-07-01,114800,484200,599000,565100
66023,Montréal,00403051972,REM19,1000,1994,,23.16,1,1908,R,98.3,5,5,1,2024-07-01,95000,400800,495800,467700
66023,Montréal,00403051972,REM19,1000,1994,,17.53,1,1908,R,74.4,5,5,1,2024-07-01,71900,360200,432100,407600
66023,Montréal,00403051972,REM19,1000,1994,,20.24,1,1908,R,85.8,5,5,1,2024-07-01,83000,415300,498300,470100
66023,Montréal,00403051972,REM19,1000,1994,,28.18,1,1908,R,119.6,5,5,1,2024-07-01,115500,487700,603200,569100
66023,Montréal,00403051972,REM19,1000,1994,,22.85,1,1908,R,97.0,5,5,1,2024-07-01,93700,395800,489500,461800
66023,Montréal,00403051972,REM19,1000,1994,,17.49,1,1908,R,74.1,5,5,1,2024-07-01,71700,359800,431500,407100
66023,Montréal,00403051972,REM19,1000,1994,,20.38,1,1908,R,86.5,5,5,1,2024-07-01,83600,419500,503100,474600
66023,Montréal,00403051972,REM19,1000,1994,,28.75,1,1908,R,122.0,5,5,1,2024-07-01,117900,497500,615400,580600
66023,Montréal,00403051972,REM19,1000,1994,,24.41,1,1908,R,103.6,5,5,1,2024-07-01,100100,422500,522600,493000
66023,Montréal,00403051972,REM19,1000,1994,,17.67,1,1908,R,75.0,5,5,1,2024-07-01,72400,363400,435800,411100
66023,Montréal,99410017042,REM21,1000,2483,7.62,144.70,3,1900,E,298.4,2,5,2,2024-07-01,376200,1124100,1500300,1546700
66023,Montréal,00403051972,REM19,1000,1994,,20.19,1,1908,R,85.7,5,5,1,2024-07-01,82800,415500,498300,470100
66023,Montréal,99400932994,REM21,1000,2483,7.62,206.70,3,1900,E,458.8,4,,8,2024-07-01,537400,1825400,2362800,2362800
66023,Montréal,00403051972,REM19,1000,1994,,27.52,1,1908,R,116.8,5,5,1,2024-07-01,112800,476600,589400,556000
66023,Montréal,99400938959,REM21,1511,2483,7.62,206.70,4,1900,E,516.3,4,5,1,2024-07-01,537400,1549300,2086700,1914400
66023,Montréal,00403051972,REM19,1000,1994,,23.28,1,1908,R,98.8,5,5,1,2024-07-01,95400,402400,497800,469600
66023,Montréal,99400944916,REM21,1000,2483,7.62,206.70,4,1900,E,466.4,4,5,3,2024-07-01,537400,1486000,2023400,2003400
66023,Montréal,00403051972,REM19,1000,1994,,17.84,1,1908,R,75.6,5,5,1,2024-07-01,73100,388200,461300,435200
66023,Montréal,99400951879,REM21,1000,2483,7.62,206.70,4,1900,E,307.9,4,5,4,2024-07-01,537400,1586700,2124100,2124100
66023,Montréal,99400957827,REM21,1000,2483,7.62,206.70,3,1900,E,345.6,4,5,2,2024-07-01,537400,863100,1400500,1443800
66023,Montréal,00403051972,REM19,1000,1994,,20.29,1,1908,R,86.0,5,5,1,2024-07-01,83200,470700,553900,522500
66023,Montréal,99400969749,REM21,1000,2483,22.13,600.30,14,1966,R,4636.9,,,79,2024-07-01,1560800,14189200,15750000,15750000
66023,Montréal,00403051972,REM19,1000,1994,,55.14,1,1908,R,216.3,5,5,1,2024-07-01,226100,1192400,1418500,1338200
66023,Montréal,00403051972,REM19,1000,1994,,49.63,1,1908,R,192.7,5,5,1,2024-07-01,203500,1209700,1413200,1333200
66023,Montréal,99400985646,REM21,1000,2483,14.63,396.90,6,1960,R,1613.7,,,43,2024-07-01,1031900,6186900,7218800,6562500
66023,Montréal,99400994580,REM21,1000,2483,7.32,198.40,3,1890,E,411.2,4,1,5,2024-07-01,515800,2073700,2589500,2563900
66023,Montréal,99401908480,REM21,1000,2483,26.37,715.20,12,1961,R,5204.1,,,106,2024-07-01,1859500,17254300,19113800,17376200
66023,Montréal,00403164197,REM19,1000,2042,,53.29,1,1877,E,166.8,5,5,1,2024-07-01,229100,605800,834900,834900
66023,Montréal,00403164197,REM19,1990,2042,,2.98,,1877,E,,,,,2024-07-01,1,1,2,2
66023,Montréal,00403164197,REM19,1000,2042,,61.99,1,1877,E,193.9,5,5,1,2024-07-01,266600,502600,769200,769200
66023,Montréal,00403164197,REM19,1000,2042,,60.91,1,1877,E,190.5,5,5,1,2024-07-01,261900,892000,1153900,1153900
66023,Montréal,00403164197,REM19,1000,2042,,65.07,,1877,E,203.6,5,5,1,2024-07-01,279800,591700,871500,871500
66023,Montréal,99401951209,REM21,1000,2483,7.93,215.00,3,1900,E,428.1,4,,6,2024-07-01,559000,1448100,2007100,2007100
66023,Montréal,99401969060,REM21,1000,2483,14.23,333.70,3,,,,,,7,2024-07-01,867600,1762400,2630000,2604000
66023,Montréal,00403183452,REM19,1000,2042,16.06,369.90,4,1875,E,1210.2,,,4,2024-07-01,1590600,857700,2448300,2225700
66023,Montréal,00404247769,REM19,1000,2042,7.22,148.60,4,1900,E,588.3,,,3,2024-07-01,639000,1181800,1820800,1655300
66023,Montréal,00404244691,REM19,1000,2042,7.42,146.80,4,1862,E,614.7,,,2,2024-07-01,631200,534500,1165700,1059700
66023,Montréal,00404250839,REM19,1000,2042,7.32,153.60,4,1900,E,561.5,,,3,2024-07-01,660500,403300,1063800,967100
66023,Montréal,99409416254,REM19,1000,2078,29.87,1823.79,,,,29948.0,,,314,2024-07-01,22979800,126220200,149200000,146457900
66023,Montréal,00404256935,REM19,1000,2042,7.18,110.60,4,1900,E,418.4,,,4,2024-07-01,475600,526200,1001800,910700
66023,Montréal,00404362063,REM19,1000,2042,7.38,127.60,3,1901,R,378.5,,,3,2024-07-01,548700,371000,919700,836100
66023,Montréal,00404365157,REM19,1000,2042,7.15,114.80,3,1840,E,359.8,,,2,2024-07-01,493600,810500,1304100,1185500
66023,Montréal,00403157647,REM19,1000,2042,10.97,212.20,,1870,E,1254.2,,,5,2024-07-01,912500,3118800,4031300,3664800
66023,Montréal,00403147507,REM19,1000,2042,8.05,156.90,,1908,R,472.7,,,1,2024-07-01,674700,937900,1612600,1466000
66023,Montréal,00403143431,REM19,1000,2042,8.69,168.20,4,1917,R,677.8,,,3,2024-07-01,723300,943200,1666500,1515000
66023,Montréal,00403127111,REM19,1000,2042,8.63,239.30,4,1860,E,915.2,2,,7,2024-07-01,1029000,2184600,3213600,3060600
66023,Montréal,00404309197,REM19,1000,2042,,220.60,4,1880,E,593.0,,,4,2024-07-01,948600,2568900,3517500,3287400
66023,Montréal,00403375694,REM19,1000,1995,,16.54,1,1904,R,84.7,5,5,1,2024-07-01,79400,482600,562000,545600
66023,Montréal,99402983326,REM19,1000,3851,7.32,209.00,3,1885,E,349.1,,,6,2024-07-01,1191300,193300,1384600,1258700
66023,Montréal,00403375694,REM19,1000,1995,,8.16,1,1904,R,41.7,5,5,1,2024-07-01,39200,254200,293400,284900
66023,Montréal,00403375694,REM19,1000,1995,,15.21,1,1904,R,77.9,5,5,1,2024-07-01,73000,443400,516400,501400
66023,Montréal,99402989281,REM19,1000,3851,7.32,209.40,3,1915,R,301.0,,,1,2024-07-01,1114000,150500,1264500,1149500
66023,Montréal,00403375694,REM19,1000,1995,,14.11,1,1904,R,72.3,5,5,1,2024-07-01,67700,414100,481800,467800
66023,Montréal,99402995247,REM19,1000,3851,7.32,209.70,3,1900,E,301.0,,,1,2024-07-01,1115600,166100,1281700,1165200
66023,Montréal,00403375694,REM19,1000,1995,,17.03,1,1904,R,87.1,5,5,1,2024-07-01,81700,496500,578200,561400
66023,Montréal,99403901202,REM19,1000,3851,7.32,210.00,3,1870,E,301.0,,,1,2024-07-01,1117200,131400,1248600,1135100
66023,Montréal,00403375694,REM19,1000,1995,,8.30,1,1904,R,42.5,5,5,1,2024-07-01,39800,259900,299700,291000
66023,Montréal,99403910146,REM19,1000,3851,14.66,425.10,3,1910,R,878.5,,,4,2024-07-01,2261500,458900,2720400,2473100
66023,Montréal,00403375694,REM19,1000,1995,,9.97,1,1904,R,51.1,5,5,1,2024-07-01,47900,326500,374400,363500
66023,Montréal,00403375694,REM19,1000,1995,,13.39,1,1904,R,68.6,5,5,1,2024-07-01,64300,391500,455800,442500
66023,Montréal,00403375694,REM19,1000,1995,,14.86,1,1904,R,76.1,5,5,1,2024-07-01,71300,433400,504700,490000
66023,Montréal,00403375694,REM19,1000,1995,,16.95,1,1904,R,86.8,5,5,1,2024-07-01,81400,494800,576200,559400
66023,Montréal,00403375694,REM19,1000,1995,,8.86,1,1904,R,45.3,5,5,1,2024-07-01,42500,276800,319300,310000
66023,Montréal,00403375694,REM19,1000,1995,,9.48,1,1904,R,48.6,5,5,1,2024-07-01,45500,296700,342200,332200
66023,Montréal,00403375694,REM19,1000,1995,,14.24,1,1904,R,72.9,5,5,1,2024-07-01,68400,415900,484300,470200
66023,Montréal,00403375694,REM19,1000,1995,,16.11,1,1904,R,82.5,5,5,1,2024-07-01,77300,472000,549300,533300
66023,Montréal,00403375694,REM19,1000,1995,,17.40,1,1904,R,89.1,5,5,1,2024-07-01,83500,508500,592000,574800
66023,Montréal,00403375694,REM19,1000,1995,,8.77,1,1904,R,44.9,5,5,1,2024-07-01,42100,273500,315600,306400
66023,Montréal,00403375694,REM19,1000,1995,,9.49,1,1904,R,48.6,5,5,1,2024-07-01,45600,296600,342200,332200
66023,Montréal,00403375694,REM19,1000,1995,,14.20,1,1904,R,72.7,5,5,1,2024-07-01,68200,415300,483500,469400
66023,Montréal,00403375694,REM19,1000,1995,,16.02,1,1904,R,82.0,5,5,1,2024-07-01,76900,468000,544900,529000
66023,Montréal,00403375694,REM19,1000,1995,,17.46,1,1904,R,89.4,5,5,1,2024-07-01,83800,510300,594100,576800
66023,Montréal,00403375694,REM19,1000,1995,,8.82,1,1904,R,45.2,5,5,1,2024-07-01,42300,276400,318700,309400
66023,Montréal,00403375694,REM19,1000,1995,,9.47,1,1904,R,48.5,5,5,1,2024-07-01,45500,295400,340900,331000
66023,Montréal,00403375694,REM19,1000,1995,,14.24,1,1904,R,72.9,5,5,1,2024-07-01,68400,415100,483500,469400
66023,Montréal,00403375694,REM19,1000,1995,,16.11,1,1904,R,82.5,5,5,1,2024-07-01,77300,469700,547000,531100
66023,Montréal,00403375694,REM19,1000,1995,,17.55,1,1904,R,89.8,5,5,1,2024-07-01,84200,514400,598600,581200
66023,Montréal,00403375694,REM19,1000,1995,,8.57,1,1904,R,43.9,5,5,1,2024-07-01,41100,321700,362800,352200
66023,Montréal,00403375694,REM19,1000,1995,,8.52,1,1904,R,43.6,5,5,1,2024-07-01,40900,265700,306600,297700
66023,Montréal,00403375694,REM19,1000,1995,,15.17,1,1904,R,77.7,5,5,1,2024-07-01,72800,535200,608000,590300
66023,Montréal,00403375694,REM19,1000,1995,,16.35,1,1904,R,83.7,5,5,1,2024-07-01,78500,477800,556300,540100
66023,Montréal,00403375694,REM19,1000,1995,,17.95,1,1904,R,92.0,5,5,1,2024-07-01,86200,684500,770700,748300
66023,Montréal,99408580258,REM19,1000,2337,8.36,213.00,3,1870,E,358.1,4,,2,2024-07-01,873300,822800,1696100,1541900
66023,Montréal,00403375694,REM19,1000,1995,,8.99,1,1904,R,46.0,5,5,1,2024-07-01,43200,338400,381600,370500
66023,Montréal,00403375694,REM19,1000,1995,,10.87,1,1904,R,55.7,5,5,1,2024-07-01,52200,410200,462400,448900
66023,Montréal,00403375694,REM19,1000,1995,,14.85,1,1904,R,76.0,5,5,1,2024-07-01,71300,546900,618200,600200
66023,Montréal,00403375694,REM19,1000,1995,,16.99,1,1904,R,87.0,5,5,1,2024-07-01,81600,602100,683700,663800
66023,Montréal,00404347148,REM19,1000,2042,9.21,278.50,5,1870,E,1289.0,,,8,2024-07-01,1197600,1337600,2535200,2304700
66023,Montréal,99409452796,REM19,1000,2078,7.57,233.60,,,,,,,1,2024-07-01,2452800,354100,2806900,2648000
66023,Montréal,00404303554,REM19,1000,2042,,85.96,1,1865,E,187.4,5,5,1,2024-07-01,369600,737400,1107000,1107000
66023,Montréal,00404303554,REM19,1000,2042,,85.96,,1865,E,199.0,5,5,1,2024-07-01,369600,811100,1180700,1180700
66023,Montréal,99401960556,REM21,1000,2529,7.92,255.80,4,2012,R,887.2,3,,6,2024-07-01,613900,2925800,3539700,3105000
66023,Montréal,99401901956,REM21,1000,2529,6.78,211.40,3,1875,E,311.5,,,2,2024-07-01,507400,918100,1425500,1295900
66023,Montréal,99410065181,REM21,1000,2529,7.92,251.20,3,1900,E,661.6,3,,2,2024-07-01,602900,1305100,1908000,1735000
66007,Montréal-Est,04520362601,,1000,1735,10.23,112.12,2,1954,R,280.6,1,5,3,2024-07-01,89700,157600,247300,180500
66007,Montréal-Est,04520338643,,1000,1735,15.24,167.20,3,1969,R,501.7,1,,6,2024-07-01,133800,722500,856300,625000
66007,Montréal-Est,03529323937,,1000,1735,7.62,83.60,2,1953,R,209.8,4,5,3,2024-07-01,66900,176200,243100,211400
66007,Montréal-Est,03529315941,,1000,1735,7.62,83.60,1,1947,R,106.6,4,1,1,2024-07-01,66900,108300,175200,148500
66007,Montréal-Est,03529308961,,1000,1735,7.62,83.60,2,1937,R,192.2,,,1,2024-07-01,66900,187900,254800,227500
66007,Montréal-Est,03528396991,,1000,1735,7.62,83.60,2,1946,R,155.6,1,5,2,2024-07-01,66900,208300,275200,233200
66007,Montréal-Est,03528410214,,1000,1735,15.48,164.70,3,1925,R,423.6,2,,6,2024-07-01,151500,564300,715800,522500
66007,Montréal-Est,03527495240,,1000,1735,14.02,153.80,3,1925,R,410.3,2,,6,2024-07-01,141500,574300,715800,522500
66007,Montréal-Est,03527477297,,1000,1735,13.66,149.80,2,1957,R,225.7,2,5,2,2024-07-01,119800,471900,591700,501400
66007,Montréal-Est,03527465326,,1000,1735,12.50,137.10,2,1957,R,205.7,4,5,2,2024-07-01,109700,387800,497500,421600
66007,Montréal-Est,03527453355,,1000,1735,12.50,137.10,2,1957,R,205.7,4,5,2,2024-07-01,109700,380400,490100,415300
66007,Montréal-Est,03527442374,,1000,1735,9.75,107.00,2,1957,R,154.6,4,5,2,2024-07-01,85600,279100,364700,309100
66007,Montréal-Est,03527432409,,1000,1735,9.69,106.40,2,1956,R,154.6,4,5,2,2024-07-01,85100,344900,430000,322800
66007,Montréal-Est,03527422426,,1000,1735,11.89,133.00,2,1956,R,191.4,2,5,2,2024-07-01,106400,294600,401000,339800
66007,Montréal-Est,03526438639,,1000,1735,8.84,103.40,1,1951,R,75.6,1,4,1,2024-07-01,103400,74200,177600,150500
66007,Montréal-Est,03526424662,,1000,1735,9.45,105.90,2,1910,R,227.2,1,5,2,2024-07-01,84700,188500,273200,231500
66007,Montréal-Est,03525464818,,1000,1735,17.24,205.88,2,2010,R,467.7,2,5,4,2024-07-01,140000,259200,399200,347100
66007,Montréal-Est,03527447787,,1000,1735,20.36,651.60,2,1987,R,402.8,1,5,6,2024-07-01,521300,570000,1091300,796600
66007,Montréal-Est,03527468734,,1000,1735,22.86,759.50,1,1972,R,113.2,1,1,1,2024-07-01,516500,109600,626100,530600
66007,Montréal-Est,03527488682,,1000,1735,17.53,582.30,2,1947,R,230.2,1,5,3,2024-07-01,396000,334100,730100,634900
66007,Montréal-Est,03528414620,,1000,1735,33.41,1158.00,1,1984,R,131.5,1,1,1,2024-07-01,602200,67800,670000,567800
66007,Montréal-Est,03529505236,,1000,1735,14.02,394.20,2,1934,R,215.5,1,5,2,2024-07-01,315400,192000,507400,430000
66007,Montréal-Est,03529518205,,1000,1735,12.65,399.00,2,1934,R,311.7,1,5,3,2024-07-01,319200,518300,837500,728300
66007,Montréal-Est,03529528170,,1000,1735,7.47,235.60,2,1965,R,227.6,2,5,3,2024-07-01,188500,506800,695300,589200
66007,Montréal-Est,03529535159,,1000,1735,6.71,211.50,2,1900,E,117.0,4,5,2,2024-07-01,169200,218800,388000,328800
66007,Montréal-Est,03529541140,,1000,1735,6.71,211.50,2,1900,E,149.1,4,5,2,2024-07-01,169200,197800,367000,311000
66007,Montréal-Est,03529548111,,1000,1735,6.71,211.50,2,1900,E,163.6,4,5,2,2024-07-01,169200,445900,615100,521300
66007,Montréal-Est,03529554101,,1000,1735,6.71,211.50,2,1900,E,169.1,4,5,2,2024-07-01,169200,252800,422000,357600
66007,Montréal-Est,03529561098,,1000,1735,6.71,211.50,2,1928,R,163.5,4,5,2,2024-07-01,169200,235300,404500,342800
66007,Montréal-Est,03529567087,,1000,1735,6.71,211.50,2,1900,E,163.5,4,5,2,2024-07-01,169200,283400,452600,383600
66007,Montréal-Est,03529574059,,1000,1735,6.71,211.50,2,1900,E,182.5,3,5,2,2024-07-01,169200,338800,508000,430500
66007,Montréal-Est,04546046808,,1000,1743,18.29,407.90,2,1952,R,357.3,1,5,3,2024-07-01,122400,490100,612500,532600
66007,Montréal-Est,04547047565,,1000,1743,22.56,540.60,2,1900,E,166.1,1,5,1,2024-07-01,162200,177200,339400,244200
66007,Montréal-Est,04547069502,,1000,1743,22.86,553.20,2,1915,R,109.1,1,5,1,2024-07-01,166000,177500,343500,247100
66007,Montréal-Est,04547089450,,1000,1743,18.29,444.80,1,1968,R,123.9,1,1,1,2024-07-01,133400,287500,420900,302800
66007,Montréal-Est,04548011404,,1000,1743,27.43,671.40,2,1910,R,220.5,1,5,2,2024-07-01,201400,240500,441900,387600
66007,Montréal-Est,04548045345,,1000,1743,44.38,1096.90,1,2001,R,98.5,1,1,1,2024-07-01,246800,336700,583500,419800
66007,Montréal-Est,04548133679,,1000,1736,15.24,418.10,1,1945,R,99.2,1,1,1,2024-07-01,188100,234000,422100,291100
66007,Montréal-Est,04548148644,,1000,1736,15.24,418.10,1,1950,R,82.0,1,1,1,2024-07-01,188100,379900,568000,273900
66007,Montréal-Est,04548163601,,1000,1736,15.24,418.10,1,1945,R,135.7,1,1,1,2024-07-01,188100,333200,521300,359500
66007,Montréal-Est,04548178567,,1000,1736,15.24,418.10,1,1945,R,112.2,1,1,1,2024-07-01,188100,346700,534800,368800
66007,Montréal-Est,04548199530,,1000,1736,17.92,682.30,2,1946,R,245.0,1,5,1,2024-07-01,307000,347000,654000,451000
66007,Montréal-Est,04549125781,,1000,1736,22.89,437.10,1,1932,R,124.6,1,4,2,2024-07-01,196700,253300,450000,310600
66007,Montréal-Est,04549107789,,1000,1736,15.24,418.10,2,1956,R,142.0,1,5,1,2024-07-01,188100,277100,465200,320800
66007,Montréal-Est,04548192824,,1000,1736,15.24,418.10,2,1930,R,156.6,1,5,2,2024-07-01,188100,214900,403000,356600
66007,Montréal-Est,04548177858,,1000,1736,15.24,418.10,2,1910,R,141.4,1,5,2,2024-07-01,188100,471700,659800,455000
66007,Montréal-Est,04548159906,,1000,1736,22.86,627.10,2,1956,R,140.7,1,5,1,2024-07-01,282200,306400,588600,405900
66007,Montréal-Est,04542418282,,1000,1739,12.95,325.70,1,1945,R,154.3,1,4,1,2024-07-01,131900,320400,452300,367700
66007,Montréal-Est,04542431244,,1000,1739,12.80,337.50,1,1945,R,101.0,1,4,1,2024-07-01,136700,143400,280100,227700
66007,Montréal-Est,04542444213,,1000,1739,12.80,337.60,1,1945,R,102.3,1,4,1,2024-07-01,136700,170400,307100,249700
66007,Montréal-Est,04542456183,,1000,1739,12.80,337.50,1,1945,R,115.6,1,4,1,2024-07-01,136700,218900,355600,289100
66007,Montréal-Est,04542468154,,1000,1739,12.80,337.50,1,1945,R,110.9,1,4,1,2024-07-01,136700,214600,351300,285600
66007,Montréal-Est,04542480126,,1000,1739,12.80,337.50,2,1945,R,119.0,1,5,1,2024-07-01,136700,253000,389700,316800
66007,Montréal-Est,04542492097,,1000,1739,12.80,337.50,2,1945,R,131.2,1,5,1,2024-07-01,136700,307100,443800,360800
66007,Montréal-Est,04543406070,,1000,1739,12.80,337.60,2,1945,R,133.8,1,5,1,2024-07-01,136700,370400,507100,412300
66007,Montréal-Est,04543419040,,1000,1739,12.80,337.60,2,1945,R,144.2,1,5,1,2024-07-01,136700,367500,504200,409900
66007,Montréal-Est,04543431003,,1000,1739,12.80,337.50,1,1945,R,98.0,1,4,1,2024-07-01,136700,193600,330300,268500
66007,Montréal-Est,04543343984,,1000,1739,12.80,337.50,1,1945,R,96.5,1,4,1,2024-07-01,136700,155800,292500,237800
66007,Montréal-Est,04543356952,,1000,1739,12.80,337.50,1,1945,R,93.3,1,4,1,2024-07-01,136700,233900,370600,301300
66007,Montréal-Est,04543368924,,1000,1739,12.80,337.50,1,1945,R,156.1,1,5,1,2024-07-01,136700,436100,572800,465700
66007,Montréal-Est,04543381893,,1000,1739,12.80,337.60,1,1945,R,108.5,1,4,1,2024-07-01,136700,232800,369500,300400
66007,Montréal-Est,04543395869,,1000,1739,12.95,408.20,1,1945,R,125.9,1,4,2,2024-07-01,165300,263800,429100,348900
66007,Montréal-Est,04545326821,,1000,1739,6.10,160.70,2,2017,R,141.0,2,5,2,2024-07-01,72300,422700,495000,434200
66007,Montréal-Est,04545309876,,1000,1739,15.24,401.80,1,1945,R,96.5,1,4,1,2024-07-01,180800,270400,451200,366800
66007,Montréal-Est,04544394903,,1000,1739,15.24,401.80,1,1945,R,77.1,1,1,1,2024-07-01,180800,120700,301500,245100
66007,Montréal-Est,04544380944,,1000,1739,15.24,401.80,1,1945,R,112.5,1,4,1,2024-07-01,180800,208000,388800,316100
66007,Montréal-Est,04543472189,,1000,1739,15.24,401.80,1,1945,R,92.9,1,4,1,2024-07-01,180800,152000,332800,270600
66007,Montréal-Est,04543458212,,1000,1739,12.95,341.50,1,1945,R,96.2,1,4,1,2024-07-01,153700,170200,323900,263300
66007,Montréal-Est,04543446241,,1000,1739,12.95,341.50,1,1955,R,120.8,1,4,1,2024-07-01,153700,226700,380400,309300
66007,Montréal-Est,04543433280,,1000,1739,12.95,341.50,1,1945,R,79.0,1,1,1,2024-07-01,153700,212600,366300,297800
66007,Montréal-Est,04543420303,,1000,1739,12.95,341.50,1,1945,R,114.5,1,1,1,2024-07-01,153700,276300,430000,349600
66007,Montréal-Est,04543408332,,1000,1739,12.95,341.50,1,1945,R,70.2,1,1,1,2024-07-01,153700,191400,345100,280600
66007,Montréal-Est,04542495371,,1000,1739,12.95,341.50,1,1945,R,131.7,1,4,1,2024-07-01,153700,322300,476000,387000
66007,Montréal-Est,04542482395,,1000,1739,12.95,341.50,1,1945,R,100.3,1,4,1,2024-07-01,153700,200200,353900,287700
66007,Montréal-Est,04542470424,,1000,1739,12.95,341.50,1,1945,R,95.2,1,4,2,2024-07-01,153700,187200,340900,256800
66007,Montréal-Est,04542456464,,1000,1739,15.24,401.80,1,1945,R,101.3,1,4,1,2024-07-01,180800,146700,327500,266300
66007,Montréal-Est,04542474848,,1000,1739,12.95,341.50,1,1945,R,127.7,1,4,1,2024-07-01,153700,266800,420500,341900
66007,Montréal-Est,04542486818,,1000,1739,12.95,341.50,1,1945,R,96.2,1,4,1,2024-07-01,153700,266300,420000,302700
66007,Montréal-Est,04542499787,,1000,1739,12.95,341.50,1,1945,R,79.4,1,4,1,2024-07-01,153700,183100,336800,273800
66007,Montréal-Est,04543412755,,1000,1739,12.95,341.50,1,1945,R,116.3,1,1,1,2024-07-01,153700,261300,415000,266200
66007,Montréal-Est,04543425724,,1000,1739,12.95,341.50,1,1945,R,88.8,1,1,1,2024-07-01,153700,122400,276100,224500
66007,Montréal-Est,04543437695,,1000,1739,12.95,341.50,1,1945,R,100.0,1,4,1,2024-07-01,153700,307300,461000,300800
66007,Montréal-Est,04543450664,,1000,1739,12.95,341.50,1,1945,R,106.8,1,4,1,2024-07-01,153700,234200,387900,315400
66007,Montréal-Est,04543463634,,1000,1739,12.95,341.50,2,2019,R,249.0,1,5,3,2024-07-01,153700,783400,937100,822000
66007,Montréal-Est,04543475604,,1000,1739,12.95,341.50,1,1945,R,94.1,1,4,1,2024-07-01,153700,157500,311200,253000
66007,Montréal-Est,04543488573,,1000,1739,12.95,341.50,1,1945,R,109.1,1,4,1,2024-07-01,153700,243300,397000,322800
66007,Montréal-Est,04544481353,,1000,1739,15.24,361.20,1,1945,R,111.1,1,4,1,2024-07-01,162500,231100,393600,320000
66007,Montréal-Est,04544498324,,1000,1739,15.24,371.60,1,1945,R,90.6,1,4,1,2024-07-01,167200,121900,289100,235000
66007,Montréal-Est,04545407282,,1000,1738,7.62,185.80,2,1900,E,141.2,2,5,1,2024-07-01,83600,331100,414700,348500
66007,Montréal-Est,04545414262,,1000,1738,7.62,185.80,2,1900,E,141.2,2,5,1,2024-07-01,83600,352400,436000,366400
66007,Montréal-Est,04545425243,,1000,1738,15.24,371.60,1,1945,R,104.7,1,4,1,2024-07-01,167200,172600,339800,245600
66007,Montréal-Est,04545437214,,1000,1738,7.62,185.80,2,1900,E,184.4,2,5,2,2024-07-01,83600,464700,548300,503000
66007,Montréal-Est,04545444194,,1000,1738,7.62,185.80,2,1900,E,154.8,2,5,2,2024-07-01,83600,256900,340500,312400
66007,Montréal-Est,04545455166,,1000,1738,15.24,371.60,1,1945,R,110.2,1,4,1,2024-07-01,167200,143600,310800,261200
66007,Montréal-Est,04545466148,,1000,1738,7.62,185.80,2,1900,E,178.4,2,5,2,2024-07-01,83600,302700,386300,354400
66007,Montréal-Est,04545474126,,1000,1738,7.62,185.80,2,1900,E,178.4,2,5,2,2024-07-01,83600,376400,460000,324900
66007,Montréal-Est,04545485098,,1000,1738,15.24,371.60,1,1945,R,111.3,1,4,1,2024-07-01,167200,222900,390100,327800
66007,Montréal-Est,04546400062,,1000,1738,15.24,371.60,1,1945,R,126.6,1,5,1,2024-07-01,167200,255800,423000,355500
66007,Montréal-Est,04546411036,,1000,1738,7.62,185.80,2,1900,E,141.2,2,5,2,2024-07-01,83600,303700,387300,355300
66007,Montréal-Est,04546418023,,1000,1738,7.62,185.80,2,1900,E,160.3,2,5,2,2024-07-01,83600,284900,368500,338100
66007,Montréal-Est,04546329998,,1000,1738,15.24,371.60,1,1945,R,116.4,1,4,1,2024-07-01,167200,227200,394400,331400
66007,Montréal-Est,04546343957,,1000,1738,15.24,361.20,1,1945,R,90.1,1,4,1,2024-07-01,162500,193000,355500,298700
66007,Montréal-Est,04549390393,,1000,1736,15.24,470.90,2,1948,R,312.0,1,5,5,2024-07-01,211900,301800,513700,450600
66007,Montréal-Est,04546458227,,1000,1738,15.24,354.90,1,1959,R,103.0,1,4,1,2024-07-01,159700,236200,395900,332700
66007,Montréal-Est,04546443252,,1000,1738,15.24,371.60,2,1900,E,168.3,2,5,2,2024-07-01,167200,260300,427500,392200
66007,Montréal-Est,04546428295,,1000,1738,15.24,371.60,2,1900,E,150.3,2,5,2,2024-07-01,167200,150900,318100,291800
66007,Montréal-Est,04546413321,,1000,1738,15.24,371.60,2,1900,E,150.3,2,5,2,2024-07-01,167200,248600,415800,381500
66007,Montréal-Est,04545499362,,1000,1738,15.24,371.60,2,1900,E,144.7,2,5,2,2024-07-01,167200,187900,355100,325800
66007,Montréal-Est,04545484398,,1000,1738,15.24,371.60,1,1942,R,86.6,1,1,1,2024-07-01,167200,182700,349900,294000
66007,Montréal-Est,04545469423,,1000,1738,15.24,371.60,2,1900,E,200.9,2,5,2,2024-07-01,167200,401000,568200,521300
66007,Montréal-Est,04545458459,,1000,1738,7.62,185.80,2,1900,R,196.8,2,5,3,2024-07-01,83600,264900,348500,303000
66007,Montréal-Est,04545447486,,1000,1738,15.24,371.60,2,1975,R,136.9,1,5,1,2024-07-01,167200,382300,549500,461800
66007,Montréal-Est,04545435507,,1000,1738,7.62,185.80,2,1900,E,150.2,2,5,2,2024-07-01,83600,260400,344000,315600
66007,Montréal-Est,04545428528,,1000,1738,7.62,185.80,2,1900,E,139.4,2,5,2,2024-07-01,83600,264200,347800,319100
66007,Montréal-Est,04545416556,,1000,1738,15.24,371.60,1,1953,R,144.9,4,1,2,2024-07-01,167200,265200,432400,363400
66007,Montréal-Est,04545406573,,1000,1738,7.62,185.80,2,1900,E,140.1,2,5,2,2024-07-01,83600,257400,341000,312800
66007,Montréal-Est,04544498597,,1000,1738,7.62,185.80,2,1900,E,140.1,2,5,1,2024-07-01,83600,331100,414700,348500
66007,Montréal-Est,04544488622,,1000,1738,15.24,361.20,2,1956,R,189.5,1,5,2,2024-07-01,162500,466400,628900,577000
66007,Montréal-Est,04543494837,,1000,1739,12.95,341.50,1,1947,R,92.9,1,4,1,2024-07-01,153700,168400,322100,261900
66007,Montréal-Est,04543481867,,1000,1739,12.95,341.50,1,1947,R,92.9,1,4,1,2024-07-01,153700,132500,286200,232700
66007,Montréal-Est,04543468898,,1000,1739,12.95,341.50,1,1947,R,111.5,1,4,1,2024-07-01,153700,201300,355000,288600
66007,Montréal-Est,04543456927,,1000,1739,12.95,341.50,1,1947,R,103.7,1,4,1,2024-07-01,153700,195300,349000,283700
66007,Montréal-Est,04543443958,,1000,1739,12.95,341.50,1,1947,R,65.0,1,1,1,2024-07-01,153700,185300,339000,275600
66007,Montréal-Est,04543431979,,1000,1739,12.95,341.50,1,1947,R,77.9,1,1,1,2024-07-01,153700,158800,312500,254100
66007,Montréal-Est,04543518007,,1000,1739,12.95,341.50,2,1947,R,155.9,1,5,1,2024-07-01,153700,136600,290300,236000
66007,Montréal-Est,04543505038,,1000,1739,12.95,341.50,1,1947,R,70.2,1,1,1,2024-07-01,153700,112000,265700,216000
66007,Montréal-Est,04542592060,,1000,1739,12.95,341.50,1,1947,R,109.9,1,4,1,2024-07-01,153700,296400,450100,365900
66007,Montréal-Est,04542580099,,1000,1739,12.95,341.50,1,1947,R,110.2,1,4,1,2024-07-01,153700,191300,345000,280500
66007,Montréal-Est,03545797148,,1000,1739,13.41,327.00,1,1948,R,122.4,1,4,1,2024-07-01,147200,195500,342700,278600
66007,Montréal-Est,03546710116,,1000,1739,13.59,331.50,1,1948,R,95.6,1,4,1,2024-07-01,149200,156600,305800,248600
66007,Montréal-Est,03546723085,,1000,1739,13.53,330.00,1,1948,R,105.5,1,4,1,2024-07-01,148500,199100,347600,282600
66007,Montréal-Est,03546736053,,1000,1739,13.41,327.00,1,1948,R,108.7,1,4,1,2024-07-01,147200,239100,386300,314100
66007,Montréal-Est,03546749023,,1000,1739,13.53,330.00,1,1948,R,69.7,1,1,1,2024-07-01,148500,233400,381900,310500
66007,Montréal-Est,03546663984,,1000,1739,13.66,333.00,1,1948,R,55.7,1,1,1,2024-07-01,149900,101000,250900,204000
66007,Montréal-Est,03546677950,,1000,1739,14.45,352.30,1,1948,R,87.8,1,4,1,2024-07-01,158500,142000,300500,244300
66007,Montréal-Est,03546690920,,1000,1739,13.41,327.00,2,1948,R,201.8,1,5,1,2024-07-01,147200,295700,442900,360100
66007,Montréal-Est,03547603898,,1000,1739,13.41,327.00,1,1948,R,104.6,1,4,1,2024-07-01,147200,200500,347700,282700
66007,Montréal-Est,03547617872,,1000,1739,13.41,327.00,1,1946,R,109.4,1,4,1,2024-07-01,147200,235800,383000,311400
66007,Montréal-Est,03547630834,,1000,1739,13.93,339.70,1,1948,R,114.5,1,4,1,2024-07-01,152900,205000,357900,291000
66007,Montréal-Est,03547643803,,1000,1739,13.41,327.00,1,1948,R,120.7,1,4,1,2024-07-01,147200,276900,424100,344800
66007,Montréal-Est,03547656763,,1000,1739,13.78,335.90,1,1948,R,83.6,1,4,1,2024-07-01,151200,139300,290500,236200
66007,Montréal-Est,03548651565,,1000,1739,15.16,397.40,1,1948,R,106.1,1,4,1,2024-07-01,178800,250500,429300,349000
66007,Montréal-Est,03548666522,,1000,1739,14.78,387.50,1,1948,R,154.7,1,4,2,2024-07-01,174400,300700,475100,386300
66007,Montréal-Est,03548680499,,1000,1739,14.78,387.50,1,1948,R,123.7,1,4,1,2024-07-01,174400,233500,407900,331600
66007,Montréal-Est,03548696453,,1000,1739,14.78,387.50,2,1948,R,188.8,1,5,1,2024-07-01,174400,320900,495300,402700
66007,Montréal-Est,03549609422,,1000,1739,14.78,387.50,1,1948,R,112.7,1,4,1,2024-07-01,174400,183900,358300,291300
66007,Montréal-Est,03549624397,,1000,1739,14.78,387.50,1,1948,R,105.8,1,4,1,2024-07-01,174400,263600,438000,356100
66007,Montréal-Est,03549638355,,1000,1739,14.78,387.50,1,1948,R,84.8,1,4,1,2024-07-01,174400,139400,313800,255100
66007,Montréal-Est,03549652323,,1000,1739,14.78,387.50,1,1948,R,110.3,1,4,1,2024-07-01,174400,232600,407000,330900
66007,Montréal-Est,03549667297,,1000,1739,14.78,387.50,1,1948,R,109.1,1,4,1,2024-07-01,174400,205200,379600,308600
66007,Montréal-Est,03549681256,,1000,1739,14.78,387.50,1,1948,R,116.2,1,4,1,2024-07-01,174400,267400,441800,359200
66007,Montréal-Est,03549696221,,1000,1739,15.16,397.40,1,1948,R,99.7,1,4,1,2024-07-01,178800,172000,350800,285200
66007,Montréal-Est,04540687003,,1000,1739,15.16,397.40,1,1945,R,116.2,1,4,1,2024-07-01,178800,219000,397800,323400
66007,Montréal-Est,04541501971,,1000,1739,14.48,379.50,1,1948,R,112.8,1,4,1,2024-07-01,170800,246500,417300,339300
66007,Montréal-Est,04541515930,,1000,1739,14.48,379.50,1,1948,R,91.8,1,4,1,2024-07-01,170800,209600,380400,309300
66007,Montréal-Est,04541529907,,1000,1739,14.48,379.50,1,1948,R,102.2,1,4,1,2024-07-01,170800,219600,390400,317400
66007,Montréal-Est,04541544872,,1000,1739,14.48,379.50,1,1948,R,94.8,1,4,1,2024-07-01,170800,172100,342900,278800
66007,Montréal-Est,04541558849,,1000,1739,14.48,379.50,1,1985,R,88.3,1,1,1,2024-07-01,170800,119700,290500,236200
66007,Montréal-Est,04541572808,,1000,1739,14.48,379.50,1,1948,R,109.1,1,4,1,2024-07-01,170800,149100,319900,260100
66007,Montréal-Est,04541586774,,1000,1739,14.48,379.50,1,1948,R,112.2,1,4,1,2024-07-01,170800,191100,361900,294200
66007,Montréal-Est,04542500741,,1000,1739,15.24,399.50,1,1948,R,135.9,1,4,1,2024-07-01,179800,304500,484300,393700
66007,Montréal-Est,04542595519,,1000,1739,12.19,297.30,1,1948,R,94.1,1,4,1,2024-07-01,133800,228900,362700,294900
66007,Montréal-Est,04543507489,,1000,1739,12.19,297.30,1,1948,R,99.7,1,4,1,2024-07-01,133800,225500,359300,292100
66007,Montréal-Est,04543519450,,1000,1739,12.19,297.30,1,1948,R,94.1,1,4,1,2024-07-01,133800,224700,358500,291500
66007,Montréal-Est,04543531422,,1000,1739,12.19,297.30,1,1948,R,69.2,1,1,1,2024-07-01,133800,191000,324800,264100
66007,Montréal-Est,04543543393,,1000,1739,13.26,323.30,1,1948,R,79.0,1,1,1,2024-07-01,145500,227300,372800,303100
66007,Montréal-Est,04543556361,,1000,1739,13.26,323.30,1,1948,R,95.1,1,4,1,2024-07-01,145500,167300,312800,254300
66007,Montréal-Est,04543569331,,1000,1739,12.19,297.30,1,1948,R,93.4,1,4,1,2024-07-01,133800,230000,363800,295800
66007,Montréal-Est,04543581302,,1000,1739,12.19,297.30,1,1948,R,128.0,1,4,1,2024-07-01,133800,253000,386800,314500
66007,Montréal-Est,04543593281,,1000,1739,12.19,297.30,1,1948,R,97.8,1,4,1,2024-07-01,133800,175500,309300,251500
66007,Montréal-Est,04544505250,,1000,1739,12.19,297.30,1,1948,R,89.3,1,4,1,2024-07-01,133800,209600,343400,279200
66007,Montréal-Est,04545504039,,1000,1738,7.41,194.10,1,1954,R,105.6,2,1,1,2024-07-01,87300,178700,266000,223500
66007,Montréal-Est,04545511018,,1000,1738,7.83,205.30,2,1962,R,158.4,2,5,2,2024-07-01,92400,333800,426200,391000
66007,Montréal-Est,04545426985,,1000,1738,22.86,599.20,3,1955,R,394.3,3,5,3,2024-07-01,269600,684700,954300,829800
66007,Montréal-Est,04545445936,,1000,1738,15.24,399.50,1,1948,R,110.6,1,4,1,2024-07-01,179800,202900,382700,321600
66007,Montréal-Est,04545460901,,1000,1738,15.24,399.50,1,1948,R,93.4,1,4,1,2024-07-01,179800,237200,417000,350400
66007,Montréal-Est,04545475867,,1000,1738,15.54,407.50,1,1948,R,109.1,1,4,1,2024-07-01,183400,216200,399600,335800
66007,Montréal-Est,04545489835,,1000,1738,15.24,399.50,1,1948,R,128.0,1,4,1,2024-07-01,179800,222200,402000,337800
66007,Montréal-Est,04546404809,,1000,1738,15.24,399.50,2,1948,R,143.3,1,5,1,2024-07-01,179800,244800,424600,356800
66007,Montréal-Est,04546419765,,1000,1738,15.24,399.50,1,1948,R,111.5,1,4,2,2024-07-01,179800,300200,480000,403400
66007,Montréal-Est,04546433733,,1000,1738,15.88,416.30,1,1941,R,148.7,1,4,1,2024-07-01,187300,202400,389700,327500
66007,Montréal-Est,04546448699,,1000,1738,13.31,348.90,1,2008,R,86.1,1,1,1,2024-07-01,157000,350700,507700,426600
66007,Montréal-Est,04546461668,,1000,1738,14.12,370.20,1,1938,R,78.1,1,1,1,2024-07-01,166600,187400,354000,297500
66007,Montréal-Est,04548440223,,1000,1741,22.86,557.40,2,1961,R,273.5,1,5,3,2024-07-01,250800,432900,683700,599700
66007,Montréal-Est,04548461179,,1000,1741,19.05,464.50,2,1949,R,129.5,2,5,1,2024-07-01,209000,263300,472300,339800
66007,Montréal-Est,04548479148,,1000,1741,19.05,464.50,2,1949,R,129.5,2,5,1,2024-07-01,209000,332100,541100,326200
66007,Montréal-Est,04549402073,,1000,1741,27.13,661.50,2,1951,R,173.4,1,5,1,2024-07-01,297700,313100,610800,439400
66007,Montréal-Est,05540310710,,1000,1736,11.43,351.80,2,1946,R,296.9,1,5,2,2024-07-01,158300,453300,611600,541200
66007,Montréal-Est,04549399741,,1000,1736,11.43,351.80,2,1946,R,202.1,1,5,3,2024-07-01,158300,426600,584900,517600
66007,Montréal-Est,05540411237,,1000,1736,43.28,1169.40,1,1962,R,211.8,1,1,2,2024-07-01,526200,376300,902500,622400
66007,Montréal-Est,05540444147,,1000,1736,27.43,585.30,2,1993,R,237.6,1,5,1,2024-07-01,263400,555000,818400,564400
66007,Montréal-Est,05541415088,,1000,1736,20.92,1200.90,2,1980,R,217.1,1,2,1,2024-07-01,540400,310900,851300,587100
66007,Montréal-Est,04549435362,,1000,1741,10.36,101.11,1,1946,R,103.6,1,4,1,2024-07-01,45500,292300,337800,243000
66007,Montréal-Est,04549417337,,1000,1741,15.24,361.20,2,2005,R,329.1,1,5,6,2024-07-01,162500,1067800,1230300,866400
66007,Montréal-Est,04548448507,,1000,1741,11.43,278.70,2,1910,R,119.1,2,5,1,2024-07-01,125400,234700,360100,259100
66007,Montréal-Est,04548436536,,1000,1741,15.24,371.60,3,1959,R,487.7,1,,8,2024-07-01,167200,1082400,1249600,880000
66007,Montréal-Est,04546454952,,1000,1738,14.02,367.50,2,1954,R,123.0,1,5,2,2024-07-01,165400,284600,450000,345900
66007,Montréal-Est,04546532005,,1000,1738,30.48,799.00,1,1955,R,167.2,1,1,1,2024-07-01,359600,243300,602900,506600
66007,Montréal-Est,04546510050,,1000,1738,15.48,405.90,2,1956,R,241.5,1,5,4,2024-07-01,182700,514300,697000,606100
66007,Montréal-Est,04545596092,,1000,1738,15.24,399.50,1,1955,R,85.5,1,1,1,2024-07-01,179800,211900,391700,329200
66047,Montréal-Ouest,93344499996,,1000,0921,18.29,561.80,2,1914,R,253.7,1,4,1,2024-07-01,730300,468000,1198300,1261400
66047,Montréal-Ouest,93344472555,,1000,0921,12.41,453.70,2,1900,E,159.7,2,5,1,2024-07-01,589800,309900,899700,947000
66047,Montréal-Ouest,93344467456,,1000,0921,10.45,382.40,2,1896,E,184.6,2,5,1,2024-07-01,497100,354000,851100,895900
66047,Montréal-Ouest,93344463331,,1000,0921,14.48,441.40,2,1930,R,218.9,1,4,1,2024-07-01,573800,821200,1395000,1119200
66047,Montréal-Ouest,93344453134,,1000,0921,30.48,929.00,2,1892,E,293.3,1,4,1,2024-07-01,966200,637900,1604100,1688500
66047,Montréal-Ouest,93345411214,,1000,0921,18.29,653.50,2,1900,E,300.5,1,4,1,2024-07-01,764600,675100,1439700,1515500
66047,Montréal-Ouest,93345413392,,1000,0921,15.24,371.60,2,1964,R,184.3,1,5,1,2024-07-01,483100,522600,1005700,1058600
66047,Montréal-Ouest,93345419522,,1000,0921,15.24,371.60,2,1964,R,149.9,1,5,1,2024-07-01,483100,560700,1043800,1098700
66047,Montréal-Ouest,93345441880,,1000,0921,16.37,448.90,2,1954,R,202.0,1,5,1,2024-07-01,583600,504100,1087700,1144900
66047,Montréal-Ouest,93348748331,,1000,0923,27.94,644.00,3,1932,R,975.8,,,14,2024-07-01,739000,1103600,1842600,1660000
66047,Montréal-Ouest,93348718102,,1000,0923,14.63,428.00,2,1928,R,300.1,1,5,2,2024-07-01,545700,520600,1066300,1015500
66047,Montréal-Ouest,93348707014,,1000,0923,13.70,371.60,2,1928,R,300.0,1,5,2,2024-07-01,473800,599600,1073400,1022300
66047,Montréal-Ouest,93347695947,,1000,0923,13.74,371.60,2,1928,R,300.0,1,5,2,2024-07-01,473800,720200,1194000,1137100
66047,Montréal-Ouest,93347682853,,1000,0923,16.45,444.00,2,1928,R,293.3,1,5,2,2024-07-01,566100,560300,1126400,1072800
66047,Montréal-Ouest,93347646643,,1000,0923,20.89,973.90,3,1925,R,1451.2,,,18,2024-07-01,931300,1452200,2383500,2147300
66047,Montréal-Ouest,93347659117,,1000,0923,21.60,661.30,2,1928,R,448.7,1,5,2,2024-07-01,590200,653600,1243800,1184600
66047,Montréal-Ouest,93347673233,,1000,0923,18.07,538.00,2,1933,R,454.3,1,5,2,2024-07-01,686000,574600,1260600,1200600
66047,Montréal-Ouest,93348608469,,1000,0923,,443.30,2,1928,R,415.1,1,5,2,2024-07-01,565200,770300,1335500,1271900
66047,Montréal-Ouest,93348618559,,1000,0923,13.70,381.60,2,1928,R,383.5,1,5,2,2024-07-01,486500,731500,1218000,1160000
66047,Montréal-Ouest,93348630620,,1000,0923,14.64,407.50,2,1928,R,289.1,1,5,3,2024-07-01,519600,391600,911200,867800
66047,Montréal-Ouest,93348641700,,1000,0923,13.68,380.50,2,1928,R,276.2,1,5,2,2024-07-01,485100,370500,855600,814900
66047,Montréal-Ouest,93348654794,,1000,0923,17.10,475.80,2,1934,R,292.4,1,5,2,2024-07-01,606600,492600,1099200,1046900
66047,Montréal-Ouest,93348686994,,1553,0923,29.57,518.30,2,1928,R,479.3,1,5,3,2024-07-01,660800,818800,1479600,1409100
66047,Montréal-Ouest,93349701115,,1000,0923,19.30,578.50,2,1928,R,435.2,1,5,2,2024-07-01,737600,549400,1287000,1225700
66047,Montréal-Ouest,93345867126,,1000,0919,20.96,723.80,2,1960,R,210.0,1,2,1,2024-07-01,814300,400300,1214600,1074900
66047,Montréal-Ouest,93345850197,,1000,0919,9.14,245.10,2,1890,E,183.7,2,4,1,2024-07-01,367700,506500,874200,773600
66047,Montréal-Ouest,93345840263,,1000,0919,15.24,408.80,2,1890,E,180.9,2,4,1,2024-07-01,613200,408900,1022100,904500
66047,Montréal-Ouest,93345827336,,1000,0919,15.24,408.80,1,1910,R,140.4,1,4,1,2024-07-01,613200,413200,1026400,908300
66047,Montréal-Ouest,93345814417,,1000,0919,15.24,408.80,2,1960,R,186.6,1,2,1,2024-07-01,613200,312300,925500,819000
66047,Montréal-Ouest,93345801489,,1000,0919,15.24,408.80,2,1910,R,201.5,1,5,1,2024-07-01,613200,449600,1062800,940500
66047,Montréal-Ouest,93344859694,,1000,0919,15.24,408.80,2,1928,R,173.1,2,4,1,2024-07-01,613200,648600,1261800,1116600
66047,Montréal-Ouest,93344840801,,1000,0919,30.48,817.50,2,1906,R,334.6,1,4,1,2024-07-01,1042300,1168900,2211200,1956800
66047,Montréal-Ouest,93344820910,,1000,0919,15.24,408.80,2,1889,R,154.8,1,5,1,2024-07-01,613200,567700,1180900,1045000
66047,Montréal-Ouest,93344806992,,1000,0919,15.24,408.80,2,1888,E,159.3,1,5,1,2024-07-01,613200,508700,1121900,992800
66047,Montréal-Ouest,93343993064,,1000,0919,15.24,408.80,2,1912,R,205.6,1,5,1,2024-07-01,613200,521000,1134200,1003700
66047,Montréal-Ouest,93343980145,,1000,0919,15.24,408.80,2,1920,R,312.2,1,4,1,2024-07-01,613200,1161400,1774600,1570400
66047,Montréal-Ouest,93343967225,,1000,0919,15.24,408.80,2,1892,E,172.1,1,4,1,2024-07-01,613200,483100,1096300,970200
66047,Montréal-Ouest,93343954298,,1000,0919,15.24,408.80,2,1961,R,174.6,1,5,1,2024-07-01,613200,669900,1283100,1135500
66047,Montréal-Ouest,93343939380,,1000,0919,20.42,547.80,2,1906,R,306.7,1,4,1,2024-07-01,821700,478800,1300500,1150900
66047,Montréal-Ouest,93343903584,,1000,0919,24.99,678.60,2,1910,R,274.6,1,5,1,2024-07-01,865200,443500,1308700,1158100
66047,Montréal-Ouest,93342983694,,1000,0919,20.73,555.90,2,1930,R,237.7,1,4,1,2024-07-01,833900,1036600,1870500,1655300
66047,Montréal-Ouest,93342967788,,1000,0919,15.24,408.80,2,1923,R,211.0,1,4,1,2024-07-01,613200,878200,1491400,1319800
66047,Montréal-Ouest,93342954851,,1000,0919,15.24,408.80,2,1930,R,185.6,1,5,1,2024-07-01,613200,832400,1445600,1279300
66047,Montréal-Ouest,93342941932,,1000,0919,15.24,408.80,2,1920,R,192.4,1,4,1,2024-07-01,613200,867300,1480500,1310200
66047,Montréal-Ouest,93352025022,,1000,0919,22.86,613.20,1,1923,R,244.2,1,4,1,2024-07-01,873800,826200,1700000,1338600
66047,Montréal-Ouest,93352010115,,1000,0919,11.77,311.50,2,1911,R,181.7,2,4,1,2024-07-01,467300,827500,1294800,1145800
66047,Montréal-Ouest,93351099168,,1000,0919,11.28,306.60,2,1911,R,211.4,2,4,1,2024-07-01,459900,866500,1326400,1173800
66047,Montréal-Ouest,93351088237,,1000,0919,15.24,408.80,2,1915,R,306.3,1,4,1,2024-07-01,613200,1279300,1892500,1674800
66047,Montréal-Ouest,93351075317,,1000,0919,15.24,408.80,2,1912,R,167.4,1,5,1,2024-07-01,613200,535300,1148500,1016400
66047,Montréal-Ouest,93351062380,,1000,0919,15.24,408.80,2,1962,R,197.9,1,5,1,2024-07-01,613200,512300,1125500,996000
66047,Montréal-Ouest,93351049460,,1000,0919,15.24,408.80,2,1910,R,225.4,1,4,1,2024-07-01,613200,912300,1525500,1350000
66047,Montréal-Ouest,93351029579,,1000,0919,30.48,817.60,2,1925,R,311.3,1,4,1,2024-07-01,1042400,1556600,2599000,2300000
66047,Montréal-Ouest,93350079781,,1000,0919,15.24,408.80,2,1915,R,260.3,1,4,1,2024-07-01,613200,1122500,1735700,1536000
66047,Montréal-Ouest,93350066861,,1000,0919,15.24,408.80,2,1981,R,313.0,1,5,1,2024-07-01,613200,1000100,1613300,1427700
66047,Montréal-Ouest,93350051947,,1000,0919,19.51,523.30,2,1916,R,256.0,1,4,1,2024-07-01,785000,967400,1752400,1550800
66047,Montréal-Ouest,93350131061,,1000,0919,26.21,703.00,2,1913,R,301.5,1,4,1,2024-07-01,949100,871100,1820200,1610800
66047,Montréal-Ouest,93350113168,,1000,0919,15.24,408.80,2,1952,R,276.9,1,5,1,2024-07-01,613200,1386900,2000100,1770000
66047,Montréal-Ouest,93350100231,,1000,0919,15.24,408.80,2,1951,R,206.2,1,5,1,2024-07-01,613200,666300,1279500,1132300
66047,Montréal-Ouest,92359173397,,1000,0919,15.24,408.80,2,1936,R,261.3,1,4,1,2024-07-01,613200,1232900,1846100,1633700
66047,Montréal-Ouest,92359160469,,1000,0919,15.24,408.80,2,1935,R,225.4,1,4,1,2024-07-01,613200,952800,1566000,1385800
66047,Montréal-Ouest,92359147540,,1000,0919,15.24,408.80,2,1921,R,191.8,1,5,1,2024-07-01,613200,661700,1274900,1128200
66047,Montréal-Ouest,92359133623,,1000,0919,15.24,408.80,2,1930,R,221.8,1,4,1,2024-07-01,613200,815200,1428400,1264100
66047,Montréal-Ouest,92359120695,,1000,0919,15.24,408.80,2,1936,R,229.8,1,4,1,2024-07-01,613200,930400,1543600,1366000
66047,Montréal-Ouest,92359107767,,1000,0919,15.24,408.80,1,1948,R,138.7,1,4,1,2024-07-01,613200,344700,957900,847700
66047,Montréal-Ouest,92358252036,,1000,0919,15.24,408.80,2,1925,R,186.2,1,4,1,2024-07-01,613200,736200,1349400,1194200
66047,Montréal-Ouest,92358239108,,1000,0919,15.24,408.80,2,1920,R,238.9,1,4,1,2024-07-01,613200,686300,1299500,1150000
66047,Montréal-Ouest,92358225180,,1000,0919,15.24,408.80,2,1920,R,186.1,1,4,1,2024-07-01,613200,740900,1354100,1198300
66047,Montréal-Ouest,92358212253,,1000,0919,15.24,408.80,2,1930,R,215.7,1,4,1,2024-07-01,613200,754300,1367500,1210200
66047,Montréal-Ouest,92357299327,,1000,0919,15.24,408.80,2,1929,R,158.2,1,5,1,2024-07-01,613200,675000,1288200,1140000
66047,Montréal-Ouest,92357286407,,1000,0919,15.24,408.80,2,1930,R,198.2,1,4,1,2024-07-01,613200,815500,1428700,1264300
66047,Montréal-Ouest,92357273488,,1000,0919,15.24,408.80,2,1929,R,191.1,1,4,1,2024-07-01,613200,750800,1364000,1207100
66047,Montréal-Ouest,92357259552,,1000,0919,15.24,408.80,1,1933,R,138.4,1,4,1,2024-07-01,613200,480300,1093500,967700
66047,Montréal-Ouest,92357246633,,1000,0919,15.24,408.80,2,1929,R,156.1,1,5,1,2024-07-01,613200,708100,1321300,1169300
66047,Montréal-Ouest,92357233706,,1000,0919,15.24,408.80,2,1932,R,221.4,1,4,1,2024-07-01,613200,1153800,1767000,1563700
66047,Montréal-Ouest,92357218798,,1000,0919,19.20,514.90,2,1925,R,245.7,1,5,1,2024-07-01,772400,823200,1595600,1412000
66047,Montréal-Ouest,92357205860,,1000,0919,11.28,302.50,2,1926,R,187.3,1,4,1,2024-07-01,453800,643300,1097100,970900
66047,Montréal-Ouest,92356293933,,1000,0919,15.24,408.80,2,1958,R,193.8,1,5,1,2024-07-01,613200,752900,1366100,1208900
66047,Montréal-Ouest,92356377025,,1000,0919,18.32,698.20,2,1953,R,147.1,1,5,1,2024-07-01,837800,314300,1152100,1019600
66047,Montréal-Ouest,92355343739,,1000,0918,16.46,250.20,1,1963,R,127.6,1,1,1,2024-07-01,287700,305600,593300,570500
66047,Montréal-Ouest,92355325793,,1000,0918,24.69,428.90,1,1959,R,138.4,1,1,1,2024-07-01,493200,313600,806800,775800
66047,Montréal-Ouest,92354470145,,1000,0918,15.24,394.80,2,1952,R,130.0,1,5,1,2024-07-01,454000,426400,880400,846500
66047,Montréal-Ouest,92354456219,,1000,0918,15.24,394.80,2,1973,R,205.9,1,2,1,2024-07-01,454000,493400,947400,911000
66047,Montréal-Ouest,92354442292,,1000,0918,15.24,394.80,2,1967,R,140.4,1,5,1,2024-07-01,454000,334300,788300,758000
66047,Montréal-Ouest,92354429364,,1000,0918,15.24,394.80,2,1977,R,231.7,1,2,1,2024-07-01,454000,399200,853200,820400
66047,Montréal-Ouest,92354410463,,1000,0918,30.48,675.20,2,1988,R,325.2,1,2,1,2024-07-01,698800,547400,1246200,1198300
66047,Montréal-Ouest,92353494559,,1000,0918,11.58,298.70,2,1966,R,189.1,1,5,1,2024-07-01,343500,630500,974000,778700
66047,Montréal-Ouest,92353462226,,1000,0918,10.36,252.20,2,1966,R,193.8,1,5,1,2024-07-01,290000,484200,774200,744400
66047,Montréal-Ouest,92353471144,,1000,0918,11.37,348.70,2,1966,R,226.3,1,5,1,2024-07-01,401000,576000,977000,939400
66047,Montréal-Ouest,92353488114,,1000,0918,20.57,344.80,2,1959,R,166.4,1,2,1,2024-07-01,396500,355400,751900,723000
66047,Montréal-Ouest,92354406016,,1000,0918,20.57,347.20,2,1959,R,244.8,1,2,1,2024-07-01,399300,518200,917500,882200
66047,Montréal-Ouest,92354321918,,1000,0918,15.24,327.20,2,1959,R,188.3,1,2,1,2024-07-01,376300,387700,764000,734600
66047,Montréal-Ouest,92354335835,,1000,0918,15.24,328.60,2,1962,R,185.6,1,2,1,2024-07-01,377900,374200,752100,723200
66047,Montréal-Ouest,92354349760,,1000,0918,15.54,355.80,2,1960,R,184.6,1,2,1,2024-07-01,409200,458300,867500,834100
66047,Montréal-Ouest,92355325322,,1000,0918,15.24,394.80,2,1959,R,189.2,1,2,1,2024-07-01,454000,381200,835200,803100
66047,Montréal-Ouest,92355338267,,1000,0918,15.24,394.80,2,1959,R,192.0,1,2,1,2024-07-01,454000,257300,711300,683900
66047,Montréal-Ouest,92356274560,,1000,0919,26.00,496.00,2,1960,R,197.0,1,5,1,2024-07-01,669600,598300,1267900,1122000
66047,Montréal-Ouest,92356287497,,1000,0919,15.24,408.80,2,1960,R,227.6,1,5,1,2024-07-01,613200,708200,1321400,1169400
66047,Montréal-Ouest,92357200416,,1000,0919,15.24,408.80,2,1910,R,233.1,1,5,1,2024-07-01,613200,626500,1239700,1097100
66047,Montréal-Ouest,92357213344,,1000,0919,15.24,408.80,2,1910,R,211.4,1,5,1,2024-07-01,613200,1161000,1774200,1570100
66047,Montréal-Ouest,92357227260,,1000,0919,15.24,408.80,2,1931,R,175.8,1,4,1,2024-07-01,613200,741300,1354500,1198700
66047,Montréal-Ouest,92357239190,,1000,0919,12.95,347.50,1,1900,E,179.4,1,4,1,2024-07-01,521300,820300,1341600,1187300
66047,Montréal-Ouest,92357249140,,1000,0919,9.91,265.70,2,1910,R,188.1,2,4,1,2024-07-01,398600,826300,1224900,1084000
66047,Montréal-Ouest,92357256095,,1000,0919,7.62,204.40,2,1912,R,185.6,2,4,1,2024-07-01,306600,655400,962000,851300
66047,Montréal-Ouest,92357265039,,1000,0919,13.72,367.90,2,1932,R,159.6,1,5,1,2024-07-01,551900,592500,1144400,1012700
66047,Montréal-Ouest,92357175998,,1000,0919,9.14,240.20,2,1916,R,210.1,2,4,1,2024-07-01,360300,848100,1208400,1069400
66047,Montréal-Ouest,92357182945,,1000,0919,7.62,209.50,2,1916,R,217.3,2,4,1,2024-07-01,314300,942300,1256600,1112000
66047,Montréal-Ouest,92357193892,,1000,0919,15.24,408.80,2,1937,R,244.5,1,5,1,2024-07-01,613200,784200,1397400,1236600
66047,Montréal-Ouest,92358106810,,1000,0919,15.24,408.80,2,1896,E,190.5,1,4,1,2024-07-01,613200,778100,1391300,1231200
66047,Montréal-Ouest,92358119730,,1000,0919,15.24,408.80,2,1918,R,214.8,1,4,1,2024-07-01,613200,640400,1253600,1109400
66047,Montréal-Ouest,92358132667,,1000,0919,15.24,408.80,2,1948,R,179.5,1,5,1,2024-07-01,613200,542600,1155800,1022800
66047,Montréal-Ouest,92358177472,,1000,0919,15.24,408.80,2,1955,R,206.8,1,5,1,2024-07-01,613200,623100,1236300,1094100
66047,Montréal-Ouest,92358190400,,1000,0919,15.24,408.80,2,1941,R,130.0,1,5,1,2024-07-01,613200,398300,1011500,895100
66047,Montréal-Ouest,92359103329,,1000,0919,15.24,408.80,2,1900,E,184.4,1,5,1,2024-07-01,613200,568000,1181200,1045300
66047,Montréal-Ouest,92359117246,,1000,0919,15.24,408.80,2,1975,R,196.9,1,5,1,2024-07-01,613200,762500,1375700,1217400
66047,Montréal-Ouest,92359130173,,1000,0919,15.24,408.80,2,1940,R,192.9,1,5,1,2024-07-01,613200,503500,1116700,988200
66047,Montréal-Ouest,92359143093,,1000,0919,15.24,408.80,1,1948,R,220.5,1,4,1,2024-07-01,613200,606000,1219200,1078900
66047,Montréal-Ouest,92359156020,,1000,0919,15.24,408.80,2,1890,E,260.6,1,4,1,2024-07-01,613200,1099900,1713100,1516000
66047,Montréal-Ouest,92359070940,,1000,0919,15.24,408.80,2,1948,R,127.6,1,5,1,2024-07-01,613200,298600,911800,806900
66047,Montréal-Ouest,92359083877,,1000,0919,15.24,408.80,2,1956,R,181.2,1,5,1,2024-07-01,613200,485400,1098600,972200
66047,Montréal-Ouest,92359096796,,1000,0919,15.24,408.80,2,1945,R,157.4,1,5,1,2024-07-01,613200,448700,1061900,939700
66047,Montréal-Ouest,93350009721,,1000,0919,15.24,408.80,2,1948,R,242.9,1,5,1,2024-07-01,613200,598300,1211500,1072100
66047,Montréal-Ouest,93350022641,,1000,0919,15.24,412.70,2,1892,E,229.8,1,4,1,2024-07-01,619100,724800,1343900,1189300
66047,Montréal-Ouest,93350035593,,1000,0919,15.24,408.80,2,1948,R,130.2,1,5,1,2024-07-01,613200,399100,1012300,895800
66047,Montréal-Ouest,93350049495,,1000,0919,15.24,408.80,2,1910,R,170.6,1,5,1,2024-07-01,613200,503200,1116400,988000
66047,Montréal-Ouest,93350064452,,1000,0919,15.24,270.10,2,1928,R,172.3,1,4,1,2024-07-01,405200,950500,1355700,1199700
66047,Montréal-Ouest,93351019141,,1000,0919,14.17,387.60,2,1921,R,224.2,1,4,1,2024-07-01,581400,814500,1395900,1235300
66047,Montréal-Ouest,93351032086,,1000,0919,15.24,408.80,2,1917,R,218.5,1,4,1,2024-07-01,613200,974700,1587900,1405200
66047,Montréal-Ouest,93351045005,,1000,0919,15.24,408.80,2,1920,R,200.2,2,4,1,2024-07-01,613200,813300,1426500,1262400
66047,Montréal-Ouest,93341958937,,1000,0919,15.24,408.80,2,1926,R,204.0,1,4,1,2024-07-01,613200,1052900,1666100,1474400
66047,Montréal-Ouest,93341971856,,1000,0919,15.24,408.80,2,1926,R,251.1,1,4,1,2024-07-01,613200,1061200,1674400,1481800
66047,Montréal-Ouest,93341984784,,1000,0919,15.24,408.80,2,1918,R,297.5,1,4,1,2024-07-01,613200,1236400,1849600,1636800
66047,Montréal-Ouest,93341999691,,1000,0919,19.05,513.30,2,1928,R,255.3,1,4,1,2024-07-01,770000,1100500,1870500,1655300
66047,Montréal-Ouest,93342916603,,1000,0919,18.75,508.90,2,1920,R,229.1,1,4,1,2024-07-01,763400,838900,1602300,1418000
66047,Montréal-Ouest,93342929531,,1000,0919,11.73,308.70,2,1915,R,243.0,2,4,1,2024-07-01,463100,870500,1333600,1180200
66047,Montréal-Ouest,93342938474,,1000,0919,11.43,306.60,2,1915,R,236.5,2,4,1,2024-07-01,459900,772400,1232300,1090500
66047,Montréal-Ouest,93342950404,,1000,0919,15.24,408.80,2,1890,E,179.5,1,4,1,2024-07-01,613200,554500,1167700,1033400
66047,Montréal-Ouest,93342964330,,1000,0919,15.24,408.80,2,1973,R,220.7,1,5,1,2024-07-01,613200,999000,1612200,1426700
66047,Montréal-Ouest,93342977258,,1000,0919,15.24,408.80,1,1920,R,167.6,1,4,1,2024-07-01,613200,503900,1117100,988600
66047,Montréal-Ouest,93343863762,,1000,0919,15.59,439.30,2,1941,R,189.6,1,5,1,2024-07-01,659000,617900,1276900,1130000
66047,Montréal-Ouest,93343876681,,1000,0919,15.24,387.90,2,1967,R,221.5,1,5,1,2024-07-01,581900,753500,1335400,1181800
66047,Montréal-Ouest,93343888611,,1000,0919,15.24,408.80,2,1920,R,236.5,1,4,1,2024-07-01,613200,1035200,1648400,1458800
66047,Montréal-Ouest,93344802538,,1000,0919,15.24,408.80,2,1954,R,267.5,1,5,1,2024-07-01,613200,803600,1416800,1253800
66047,Montréal-Ouest,93344818443,,1000,0919,22.86,613.10,2,1955,R,176.9,1,2,1,2024-07-01,873700,507600,1381300,1222400
66047,Montréal-Ouest,93344838334,,1000,0919,22.86,613.10,2,1954,R,191.8,1,2,1,2024-07-01,781700,409000,1190700,1053700
66047,Montréal-Ouest,93344854232,,1000,0919,15.24,408.80,2,1891,E,163.3,2,4,1,2024-07-01,613200,581900,1195100,1057600
66047,Montréal-Ouest,93344867168,,1000,0919,15.24,408.80,2,1891,E,200.1,2,4,1,2024-07-01,613200,537500,1150700,1018300
66047,Montréal-Ouest,93344881086,,1000,0919,15.24,408.80,2,1934,R,194.0,1,4,1,2024-07-01,613200,953700,1566900,1386600
66047,Montréal-Ouest,93345700970,,1000,0919,30.48,820.00,2,1931,R,377.6,1,5,1,2024-07-01,1045500,1028100,2073600,1835000
66047,Montréal-Ouest,93349575576,,1000,0923,26.82,1057.40,2,1890,E,425.6,1,4,3,2024-07-01,1011100,1114500,2125600,2104600
66047,Montréal-Ouest,93349541826,,1000,0923,15.24,511.00,2,1908,R,232.7,1,5,1,2024-07-01,651500,531000,1182500,1170800
66047,Montréal-Ouest,93349527890,,1000,0923,15.24,511.00,2,1900,E,145.5,1,5,1,2024-07-01,651500,438700,1090200,1079400
66047,Montréal-Ouest,93349514963,,1000,0923,15.24,511.00,2,1890,E,194.8,1,4,1,2024-07-01,651500,574400,1225900,1213800
66047,Montréal-Ouest,93349601042,,1000,0923,15.24,511.00,2,1846,E,172.2,1,5,1,2024-07-01,651500,432000,1083500,1072800
66047,Montréal-Ouest,93348687117,,1000,0923,15.24,511.00,1,1951,R,167.6,1,4,1,2024-07-01,651500,397000,1048500,1038100
66047,Montréal-Ouest,93348675195,,1000,0923,15.24,511.00,2,1949,R,131.2,1,5,1,2024-07-01,651500,456500,1108000,1097000
66047,Montréal-Ouest,93348662276,,1000,0923,15.24,511.00,2,1894,E,222.7,1,4,1,2024-07-01,651500,626900,1278400,1265700
66047,Montréal-Ouest,93348649349,,1000,0923,15.24,511.00,2,1982,R,213.2,1,5,1,2024-07-01,651500,866100,1517600,1502600
66047,Montréal-Ouest,93348633376,,1000,0923,20.42,396.50,2,1924,R,163.8,1,5,1,2024-07-01,505500,462000,967500,957900
66047,Montréal-Ouest,93347763067,,1000,0923,21.34,762.70,2,1941,R,225.9,1,4,1,2024-07-01,778000,529200,1307200,1294300
66047,Montréal-Ouest,93347741162,,1000,0923,15.24,408.80,2,1942,R,124.7,1,5,1,2024-07-01,521200,360500,881700,873000
66047,Montréal-Ouest,93347728243,,1000,0923,15.24,408.80,2,1905,R,205.1,1,5,1,2024-07-01,521200,471800,993000,983200
66047,Montréal-Ouest,93347714326,,1000,0923,15.24,408.80,2,1940,R,121.9,1,5,1,2024-07-01,521200,435900,957100,947600
66047,Montréal-Ouest,93347701398,,1000,0923,15.24,408.80,2,1940,R,159.6,1,4,1,2024-07-01,521200,300600,821800,813700
66047,Montréal-Ouest,93346788479,,1000,0923,15.24,408.80,2,1940,R,143.7,1,5,1,2024-07-01,521200,658900,1180100,1168400
66047,Montréal-Ouest,93346775542,,1000,0923,15.24,408.80,1,1941,R,104.6,1,4,1,2024-07-01,521200,437200,958400,948900
66047,Montréal-Ouest,93346762623,,1000,0923,15.24,408.80,2,1950,R,126.0,1,5,1,2024-07-01,521200,446400,967600,958000
66047,Montréal-Ouest,93346742708,,1000,0923,30.49,650.00,1,1950,R,132.2,1,4,1,2024-07-01,663000,588400,1251400,1239000
66047,Montréal-Ouest,93346728293,,1000,0923,15.24,408.80,2,1880,E,187.2,2,4,1,2024-07-01,521200,442400,963600,954100
66047,Montréal-Ouest,93346743227,,1000,0923,15.24,408.80,2,1880,E,198.4,2,4,1,2024-07-01,521200,472200,993400,983600
66047,Montréal-Ouest,93346756153,,1000,0923,15.24,408.80,2,1900,E,231.1,2,4,1,2024-07-01,521200,476700,997900,988000
66047,Montréal-Ouest,93346769073,,1000,0923,15.24,408.80,2,1900,E,215.4,2,4,1,2024-07-01,521200,533000,1054200,1043800
66047,Montréal-Ouest,93346782001,,1000,0923,15.24,408.80,2,1900,E,154.3,1,5,1,2024-07-01,521200,417400,938600,929300
66047,Montréal-Ouest,93346696920,,1000,0923,15.24,408.80,2,1915,R,161.3,1,4,1,2024-07-01,521200,399300,920500,911400
66047,Montréal-Ouest,93347609849,,1000,0923,15.24,408.80,2,1900,R,188.3,1,5,1,2024-07-01,521200,689100,1210300,1198300
66047,Montréal-Ouest,93347622776,,1000,0923,15.24,408.70,1,1940,R,172.5,1,4,1,2024-07-01,521100,643900,1165000,1098400
66047,Montréal-Ouest,93347591971,,1000,0923,14.63,785.60,1,1960,R,304.7,1,4,1,2024-07-01,801300,960600,1761900,1744500
66047,Montréal-Ouest,93348511929,,1000,0923,19.81,739.50,2,1966,R,268.9,1,5,1,2024-07-01,848600,553300,1401900,1388000
66047,Montréal-Ouest,93348531794,,1000,0923,25.91,971.60,2,1910,R,515.1,1,4,1,2024-07-01,929100,524900,1454000,1439600
66047,Montréal-Ouest,93348548707,,1000,0923,15.24,573.90,2,1910,R,280.9,1,5,1,2024-07-01,731700,380400,1112100,1101100
66047,Montréal-Ouest,93348560637,,1000,0923,13.72,518.10,2,1910,R,258.4,1,4,1,2024-07-01,660600,937600,1598200,1582400
66047,Montréal-Ouest,93348573556,,1000,0923,16.76,633.90,2,1890,E,267.4,1,4,1,2024-07-01,767800,743100,1510900,1495900
66047,Montréal-Ouest,93348587473,,1000,0923,15.24,580.00,2,1940,R,125.8,1,5,1,2024-07-01,739500,298400,1037900,1027600
66047,Montréal-Ouest,93349500418,,1000,0923,15.24,580.80,1,1949,R,236.8,1,4,1,2024-07-01,740500,723000,1463500,1449000
66047,Montréal-Ouest,93349514344,,1000,0923,15.24,582.50,2,1900,E,324.9,1,4,1,2024-07-01,742700,812100,1554800,1539400
66047,Montréal-Ouest,93349528278,,1000,0923,15.44,591.90,2,1893,E,257.1,1,4,1,2024-07-01,754700,576900,1331600,1318400
66047,Montréal-Ouest,93349588017,,1000,0923,34.20,1257.90,2,1915,R,188.0,1,5,1,2024-07-01,721700,221300,943000,933700
66047,Montréal-Ouest,92342960199,,1000,3725,17.37,529.40,2,1956,R,212.8,1,2,1,2024-07-01,635300,361300,996600,949100
66047,Montréal-Ouest,92342970339,,1000,3725,17.37,529.40,2,1956,R,212.8,1,2,1,2024-07-01,635300,359200,994500,947100
66047,Montréal-Ouest,92342980486,,1000,3725,17.07,590.30,2,1956,R,212.8,1,2,1,2024-07-01,672900,367000,1039900,990400
66047,Montréal-Ouest,92342991665,,1000,3725,9.14,719.40,2,1956,R,234.4,1,2,1,2024-07-01,733800,502300,1236100,1177200
66047,Montréal-Ouest,92342982821,,1000,3725,11.77,525.80,2,1956,R,217.4,1,2,1,2024-07-01,567900,384300,952200,906900
66047,Montréal-Ouest,92342961924,,1000,3725,16.76,451.50,2,1956,R,209.3,1,2,1,2024-07-01,541800,483800,1025600,976800
66047,Montréal-Ouest,92352046012,,1000,3725,17.07,432.10,2,1956,R,212.8,1,2,1,2024-07-01,518500,475500,994000,946700
66047,Montréal-Ouest,92352032087,,1000,3725,16.76,424.20,2,1958,R,220.7,1,2,1,2024-07-01,509000,448600,957600,912000
66047,Montréal-Ouest,92352017179,,1000,3725,17.07,425.00,2,1956,R,212.8,1,2,1,2024-07-01,510000,493000,1003000,955200
66047,Montréal-Ouest,92352002254,,1000,3725,16.76,416.70,2,1958,R,220.8,1,2,1,2024-07-01,500000,537100,1037100,987700
66047,Montréal-Ouest,92351087330,,1000,3725,17.07,426.20,2,1956,R,212.8,1,2,1,2024-07-01,511400,500900,1012300,964100
66047,Montréal-Ouest,92351072415,,1000,3725,16.46,408.10,1,1956,R,183.0,1,2,1,2024-07-01,489700,462400,952100,906800
66047,Montréal-Ouest,92351058497,,1000,3725,16.76,421.10,2,1956,R,212.8,1,2,1,2024-07-01,505300,416400,921700,877800
66047,Montréal-Ouest,92351043580,,1000,3725,16.76,427.70,2,1956,R,212.8,1,2,1,2024-07-01,513200,474000,987200,940200
66097,Pointe-Claire,78328226192,,1000,0631,23.15,691.60,2,1933,R,139.2,1,5,1,2024-07-01,328500,645700,974200,945800
66097,Pointe-Claire,78328151671,,1000,0631,12.10,549.80,2,2019,R,231.3,1,5,1,2024-07-01,412400,847600,1260000,1200000
66097,Pointe-Claire,78328141615,,1000,0631,9.01,349.10,2,1875,E,134.7,2,5,1,2024-07-01,301100,248200,549300,523100
66097,Pointe-Claire,78328131640,,1000,0631,9.24,453.90,2,1875,E,148.8,2,5,1,2024-07-01,289400,163300,452700,431100
66097,Pointe-Claire,78328132978,,1000,0631,23.16,716.70,1,1954,R,123.2,1,1,1,2024-07-01,340400,605700,946100,901000
66097,Pointe-Claire,78328219445,,1000,0631,28.65,862.00,1,1952,R,179.6,1,4,1,2024-07-01,409500,562500,972000,943700
66097,Pointe-Claire,78328172263,,1000,0654,14.63,388.50,2,1930,R,197.1,1,5,1,2024-07-01,932400,852500,1784900,1652700
66097,Pointe-Claire,78328192303,,1000,0654,23.93,721.90,2,1938,R,219.5,1,4,1,2024-07-01,1212800,947200,2160000,2000000
66097,Pointe-Claire,78328151226,,1000,0654,25.91,639.70,1,1961,R,185.2,1,1,1,2024-07-01,882800,810300,1693100,1567700
66097,Pointe-Claire,79320110699,,1000,0631,6.81,375.10,2,1910,R,153.1,1,5,1,2024-07-01,309500,383400,692900,659900
66097,Pointe-Claire,78328165697,,1000,0631,16.66,663.70,2,1939,R,169.6,1,5,2,2024-07-01,497800,208400,706200,666200
66097,Pointe-Claire,78328180738,,1000,0631,15.93,653.50,2,1940,R,199.3,1,5,1,2024-07-01,490100,601700,1091800,1039800
66097,Pointe-Claire,78328165986,,1000,0631,13.72,436.90,1,1924,R,175.5,1,4,1,2024-07-01,376800,462000,838800,798900
66097,Pointe-Claire,78328260134,,1000,0631,18.78,598.30,2,1938,R,210.2,1,5,1,2024-07-01,448700,443800,892500,850000
66097,Pointe-Claire,78328255308,,1000,0631,16.40,522.30,2,1918,R,153.3,1,5,1,2024-07-01,391700,327900,719600,685300
66097,Pointe-Claire,78328250507,,1000,0631,24.38,782.00,1,1940,R,235.0,1,4,1,2024-07-01,527900,642300,1170200,1114500
66097,Pointe-Claire,78328244674,,1000,0631,12.19,397.50,2,1938,R,176.5,1,5,1,2024-07-01,357800,434100,791900,754200
66097,Pointe-Claire,78328241795,,1000,0631,12.19,398.00,2,1963,R,202.5,2,5,3,2024-07-01,298500,380000,678500,640100
66097,Pointe-Claire,78328238916,,1000,0631,12.19,397.70,2,1934,R,152.8,2,5,2,2024-07-01,298300,281600,579900,547100
66097,Pointe-Claire,78328333089,,1000,0631,24.38,794.00,1,1934,R,168.2,1,4,2,2024-07-01,536000,308700,844700,796900
66097,Pointe-Claire,78328329269,,1000,0631,12.19,396.60,2,1955,R,189.1,1,5,1,2024-07-01,356900,589200,946100,901000
66097,Pointe-Claire,78328325382,,1000,0631,12.19,396.20,2,1950,R,149.2,1,5,2,2024-07-01,297200,377800,675000,580200
66097,Pointe-Claire,78328322504,,1000,0631,12.19,395.90,2,1948,R,133.6,1,5,1,2024-07-01,356300,365800,722100,687700
66097,Pointe-Claire,78328317686,,1000,0631,24.44,792.70,1,1938,R,195.1,1,4,1,2024-07-01,535100,420600,955700,910200
66097,Pointe-Claire,78328311853,,1000,0631,12.19,394.80,1,1934,R,193.7,1,5,1,2024-07-01,370100,599900,970000,923800
66097,Pointe-Claire,78328407024,,1000,0631,24.38,788.60,2,1948,R,221.2,1,5,1,2024-07-01,532300,598600,1130900,1077000
66097,Pointe-Claire,78328401225,,1000,0631,15.24,492.20,1,1955,R,126.6,1,1,1,2024-07-01,406100,418000,824100,784900
66097,Pointe-Claire,78327497364,,1000,0631,15.30,493.60,1,1944,R,136.3,1,4,1,2024-07-01,407200,321100,728300,693600
66097,Pointe-Claire,78327493520,,1000,0631,18.29,589.20,2,1941,R,196.9,1,5,1,2024-07-01,441900,350400,792300,754600
66097,Pointe-Claire,78327488694,,1000,0631,16.92,529.70,1,1947,R,121.8,1,4,1,2024-07-01,397300,399700,797000,759000
66097,Pointe-Claire,78327483869,,1000,0631,19.81,619.10,1,1948,R,165.6,1,5,1,2024-07-01,464300,273500,737800,702700
66097,Pointe-Claire,78327577082,,1000,0631,24.38,761.60,2,1939,R,158.0,1,5,1,2024-07-01,542600,189400,732000,697100
66097,Pointe-Claire,78327572257,,1000,0631,12.59,393.30,2,1950,R,113.9,2,5,1,2024-07-01,368700,394500,763200,726900
66097,Pointe-Claire,78327568388,,1000,0631,11.80,368.50,2,1950,R,123.6,2,5,1,2024-07-01,345500,393400,738900,703700
66097,Pointe-Claire,78327565491,,1000,0631,12.19,380.90,2,1938,R,120.7,1,5,1,2024-07-01,357100,210200,567300,540300
66097,Pointe-Claire,78327562605,,1000,0631,12.19,380.90,2,1931,R,137.7,1,5,1,2024-07-01,357100,118000,475100,452500
66097,Pointe-Claire,78327559726,,1000,0631,12.19,380.90,1,1935,R,109.7,1,4,1,2024-07-01,357100,307100,664200,632600
66097,Pointe-Claire,78327555849,,1000,0631,12.19,380.80,1,1950,R,118.8,1,4,1,2024-07-01,357000,343600,700600,667200
66097,Pointe-Claire,78327649071,,1000,0631,12.19,380.90,1,1950,R,106.3,1,4,1,2024-07-01,357100,173400,530500,505200
66097,Pointe-Claire,78327644221,,1000,0631,18.29,571.40,1,1945,R,139.7,1,4,1,2024-07-01,428600,299900,728500,693800
66097,Pointe-Claire,78327639403,,1000,0631,18.41,575.20,2,1946,R,141.7,1,5,1,2024-07-01,431400,380600,812000,773300
66097,Pointe-Claire,78327632663,,1000,0631,36.58,1142.70,1,1939,R,148.5,1,4,1,2024-07-01,608500,253800,862300,821200
66097,Pointe-Claire,78327624926,,1000,0631,18.50,578.00,1,1948,R,89.9,1,4,1,2024-07-01,433500,183500,617000,587600
66097,Pointe-Claire,78327719106,,1000,0631,18.47,577.10,2,1935,R,119.1,1,5,1,2024-07-01,432800,148200,581000,553300
66097,Pointe-Claire,78327714289,,1000,0631,18.29,571.40,1,1948,R,193.3,1,4,1,2024-07-01,428600,338300,766900,730400
66097,Pointe-Claire,78327709461,,1000,0631,18.29,571.40,2,1944,R,149.5,1,5,1,2024-07-01,428600,378700,807300,768900
66097,Pointe-Claire,78327703662,,1000,0631,24.38,763.20,2,1933,R,269.8,1,5,1,2024-07-01,543800,379400,923200,879200
66097,Pointe-Claire,78326798846,,1000,0631,12.19,385.00,1,1936,R,101.9,1,4,1,2024-07-01,360900,267400,628300,598400
66097,Pointe-Claire,78326794969,,1000,0631,12.19,386.50,2,1954,R,115.9,1,5,1,2024-07-01,362300,387800,750100,714400
66097,Pointe-Claire,78326891088,,1000,0631,12.19,386.50,2,1933,R,90.9,1,5,1,2024-07-01,362300,92400,454700,433000
66097,Pointe-Claire,78326887193,,1000,0631,12.19,386.50,1,1940,R,101.7,1,4,1,2024-07-01,362300,193600,555900,529400
66097,Pointe-Claire,78326885312,,1000,0631,12.19,386.50,1,1929,R,98.6,1,4,1,2024-07-01,362300,181500,543800,517900
66097,Pointe-Claire,78326881451,,1000,0631,18.29,579.70,1,1933,R,140.4,1,4,1,2024-07-01,434800,320200,755000,719000
66097,Pointe-Claire,78326871775,,1000,0631,13.07,414.30,2,2019,R,183.1,1,5,1,2024-07-01,357300,800200,1157500,1102400
66097,Pointe-Claire,78326965015,,1000,0631,36.58,1159.40,1,1932,R,164.0,1,4,1,2024-07-01,695600,269100,964700,918800
66097,Pointe-Claire,78329224089,,1000,0631,28.96,1382.00,2,1931,R,277.0,1,5,1,2024-07-01,725600,1074400,1800000,1336000
66097,Pointe-Claire,78329264010,,1000,0631,17.37,270.90,1,1949,R,127.3,1,4,1,2024-07-01,304800,297900,602700,574000
66097,Pointe-Claire,78329257196,,1000,0631,27.43,643.80,2,1950,R,155.4,1,2,1,2024-07-01,482900,295400,778300,741200
66097,Pointe-Claire,78329212605,,1000,0631,16.76,613.20,2,1919,R,133.8,1,5,1,2024-07-01,459900,223300,683200,650700
66097,Pointe-Claire,78328295841,,1000,0631,18.29,641.00,2,1941,R,215.2,1,5,1,2024-07-01,480800,473100,953900,908500
66097,Pointe-Claire,78328391020,,1000,0631,18.29,641.00,2,1941,R,155.5,1,5,1,2024-07-01,480800,249100,729900,695100
66097,Pointe-Claire,78328386178,,1000,0631,12.19,427.40,1,1938,R,143.3,1,4,1,2024-07-01,384700,347200,731900,697000
66097,Pointe-Claire,78328383290,,1000,0631,12.19,427.40,1,1940,R,172.3,2,4,1,2024-07-01,384700,193600,578300,550800
66097,Pointe-Claire,78328380411,,1000,0631,12.19,427.40,1,1940,R,106.6,2,4,1,2024-07-01,384700,143900,528600,503400
66097,Pointe-Claire,78328378522,,1000,0631,12.19,427.40,2,2016,R,152.3,1,5,1,2024-07-01,384700,723600,1108300,1055500
66097,Pointe-Claire,78328373671,,1000,0631,18.29,641.00,2,1947,R,135.3,1,5,1,2024-07-01,480800,239300,720100,685800
66097,Pointe-Claire,78328369844,,1000,0631,16.15,566.20,2,1951,R,180.8,1,5,1,2024-07-01,424700,872100,1296800,1235000
66097,Pointe-Claire,78328363995,,1000,0631,15.24,534.20,1,1948,R,123.7,1,4,1,2024-07-01,400700,255300,656000,624800
66097,Pointe-Claire,78328459157,,1000,0631,17.37,609.00,2,1947,R,123.2,1,5,1,2024-07-01,456800,329200,786000,748600
66097,Pointe-Claire,78328454315,,1000,0631,18.29,641.00,2,1946,R,126.7,1,5,1,2024-07-01,480800,327500,808300,769800
66097,Pointe-Claire,78328450461,,1000,0631,12.19,427.40,2,1938,R,150.3,1,5,1,2024-07-01,384700,283000,667700,635900
66097,Pointe-Claire,78328447582,,1000,0631,12.19,427.40,2,1945,R,104.2,1,5,1,2024-07-01,384700,218400,603100,574400
66097,Pointe-Claire,78328444696,,1000,0631,12.19,427.40,1,1945,R,168.7,1,4,1,2024-07-01,384700,373800,758500,722400
66097,Pointe-Claire,78328440819,,1000,0631,12.19,427.40,2,1961,R,118.5,1,5,1,2024-07-01,384700,381000,765700,729200
66097,Pointe-Claire,78328437930,,1000,0631,12.19,427.40,2,1945,R,169.3,1,5,1,2024-07-01,384700,269300,654000,622900
66097,Pointe-Claire,78328530056,,1000,0631,15.24,432.00,2,1948,R,121.7,1,5,1,2024-07-01,372600,360200,732800,697900
66097,Pointe-Claire,78328525213,,1000,0631,17.37,492.50,2,1950,R,179.3,1,5,1,2024-07-01,369400,549400,918800,875000
66097,Pointe-Claire,78328550203,,1000,0631,18.29,596.40,1,1952,R,168.3,1,4,1,2024-07-01,447300,470300,917600,873900
66097,Pointe-Claire,78328514738,,1000,0631,16.31,571.60,1,1949,R,109.3,1,4,1,2024-07-01,428700,223200,651900,620900
66097,Pointe-Claire,78328518572,,1000,0631,16.31,571.60,1,1947,R,156.1,1,4,1,2024-07-01,428700,398900,827600,788200
66097,Pointe-Claire,78328508920,,1000,0631,24.38,854.70,2,2018,R,265.4,1,5,1,2024-07-01,576900,1066700,1643600,1565300
66097,Pointe-Claire,78328602160,,1000,0631,24.38,854.70,1,1958,R,108.5,1,4,1,2024-07-01,576900,69700,646600,615800
66097,Pointe-Claire,78327695413,,1000,0631,24.38,854.70,1,1945,R,145.3,1,4,1,2024-07-01,576900,373900,950800,905500
66097,Pointe-Claire,78327690570,,1000,0631,12.19,427.40,1,1942,R,151.0,1,1,1,2024-07-01,384700,217000,601700,573000
66097,Pointe-Claire,78327687691,,1000,0631,12.19,427.40,2,1948,R,210.1,1,5,1,2024-07-01,384700,517700,902400,859400
66097,Pointe-Claire,78327682858,,1000,0631,21.34,747.90,2,1942,R,288.8,1,4,1,2024-07-01,532900,833500,1366400,1301300
66097,Pointe-Claire,78327777021,,1000,0631,15.24,534.20,2,1951,R,126.3,1,5,1,2024-07-01,400700,347500,748200,712600
66097,Pointe-Claire,78327771222,,1000,0631,24.38,854.70,2,1942,R,135.4,1,5,1,2024-07-01,576900,244800,821700,782600
66097,Pointe-Claire,78327765448,,1000,0631,21.34,814.80,2,1942,R,290.0,1,5,3,2024-07-01,550000,297100,847100,806800
66097,Pointe-Claire,78327759615,,1000,0631,15.24,534.20,2,1951,R,115.9,1,5,1,2024-07-01,400700,268400,669100,637200
66097,Pointe-Claire,78327755753,,1000,0631,12.19,427.40,2,1933,R,193.6,1,5,1,2024-07-01,384700,442200,826900,787500
66097,Pointe-Claire,78327749988,,1000,0631,12.19,427.30,1,1920,R,118.1,1,4,1,2024-07-01,368500,353300,721800,687400
66097,Pointe-Claire,78327837171,,1000,0631,32.61,765.40,2,2019,R,324.3,1,5,1,2024-07-01,545300,878100,1423400,1355600
66097,Pointe-Claire,78327860249,,1000,0631,23.16,755.50,2,2020,R,358.9,1,5,1,2024-07-01,538300,1412900,1951200,1858300
66097,Pointe-Claire,78327826612,,1000,0631,17.37,407.80,2,1947,R,122.2,1,5,1,2024-07-01,367000,349200,716200,682100
66097,Pointe-Claire,78327821779,,1000,0631,15.24,357.70,2,1947,R,129.5,1,5,1,2024-07-01,348800,447000,795800,757900
66097,Pointe-Claire,78327846792,,1000,0631,23.16,896.70,1,1947,R,171.8,1,4,1,2024-07-01,571600,273000,844600,804400
66097,Pointe-Claire,78327822934,,1000,0631,15.46,542.00,2,1949,R,157.7,1,5,1,2024-07-01,406500,347000,753500,717600
66097,Pointe-Claire,78327950263,,1000,0631,37.25,1305.50,1,1951,R,226.4,1,1,1,2024-07-01,636400,281200,917600,873900
66097,Pointe-Claire,78327866873,,1000,0631,44.81,1051.60,2,1947,R,186.2,1,5,1,2024-07-01,631000,240200,871200,829700
66097,Pointe-Claire,78327885238,,1000,0631,16.15,386.30,2,1950,R,157.3,1,5,1,2024-07-01,362200,445800,808000,769500
66097,Pointe-Claire,78327880395,,1000,0631,16.46,379.10,2,1951,R,123.4,1,5,1,2024-07-01,355400,287400,642800,612200
66097,Pointe-Claire,78327885022,,1000,0631,24.38,854.70,1,1945,R,168.1,1,4,1,2024-07-01,576900,308600,885500,843300
66097,Pointe-Claire,78327792780,,1000,0631,24.38,854.70,2,1946,R,170.9,1,5,1,2024-07-01,576900,238500,815400,776600
66097,Pointe-Claire,78327799553,,1000,0631,24.38,787.80,1,1946,R,172.0,1,4,1,2024-07-01,531800,282800,814600,775800
66097,Pointe-Claire,78328712076,,1000,0631,24.38,854.70,2,1947,R,147.8,1,5,1,2024-07-01,576900,282500,859400,818500
66097,Pointe-Claire,78328618836,,1000,0631,24.38,854.70,2,2022,R,370.2,1,5,1,2024-07-01,576900,1466400,2043300,1946000
66097,Pointe-Claire,78328623687,,1000,0631,12.19,427.40,2,1947,R,121.0,1,5,1,2024-07-01,384700,253000,637700,607300
66097,Pointe-Claire,78328627563,,1000,0631,12.19,427.40,2,1946,R,97.9,1,5,1,2024-07-01,384700,152000,536700,511100
66097,Pointe-Claire,78328630443,,1000,0631,12.19,427.40,2,1946,R,133.3,1,5,1,2024-07-01,384700,265900,650600,619600
66097,Pointe-Claire,78328634288,,1000,0631,18.29,641.00,1,1947,R,126.0,1,4,1,2024-07-01,480800,134800,615600,586300
66097,Pointe-Claire,78328639105,,1000,0631,18.29,641.00,2,1946,R,143.0,1,5,1,2024-07-01,480800,242800,723600,689100
66097,Pointe-Claire,78328544941,,1000,0631,14.94,523.50,1,1948,R,104.6,1,4,1,2024-07-01,412300,226600,638900,608500
66097,Pointe-Claire,78328552654,,1000,0631,14.94,523.50,2,1950,R,196.1,1,5,1,2024-07-01,412300,587800,1000100,952500
66097,Pointe-Claire,78328549809,,1000,0631,14.94,523.50,2,1948,R,146.0,1,5,1,2024-07-01,392600,378400,771000,734300
66097,Pointe-Claire,78328570037,,1000,0631,12.19,427.40,2,1946,R,199.2,1,5,1,2024-07-01,384700,637400,1022100,973400
66097,Pointe-Claire,78328473919,,1000,0631,12.19,427.40,1,1938,R,121.4,1,4,1,2024-07-01,320600,265000,585600,557700
66097,Pointe-Claire,78328481631,,1000,0631,8.53,299.10,2,1946,R,107.7,2,5,1,2024-07-01,314100,195500,509600,485300
66097,Pointe-Claire,78328484551,,1000,0631,9.75,341.90,2,1946,R,108.0,2,5,1,2024-07-01,333400,179100,512500,488100
66097,Pointe-Claire,78328487414,,1000,0631,18.29,641.00,2,1944,R,137.9,1,5,1,2024-07-01,480800,299200,780000,742900
66097,Pointe-Claire,78328493248,,1000,0631,18.29,641.00,2,1940,R,222.8,1,5,1,2024-07-01,480800,621000,1101800,1049300
66097,Pointe-Claire,78328499013,,1000,0631,30.48,1068.40,1,1945,R,173.9,1,4,1,2024-07-01,641000,411200,1052200,1002100
66097,Pointe-Claire,78329307777,,1000,0631,18.29,641.00,2,1943,R,119.7,1,5,1,2024-07-01,480800,315100,795900,758000
66097,Pointe-Claire,78329313569,,1000,0631,24.38,854.70,2,1945,R,173.5,1,5,1,2024-07-01,576900,389300,966200,920200
66097,Pointe-Claire,78329318386,,1000,0631,12.19,427.40,1,1947,R,131.5,1,4,1,2024-07-01,384700,231700,616400,587000
66097,Pointe-Claire,78329321273,,1000,0631,12.19,427.40,2,1942,R,155.2,1,5,1,2024-07-01,384700,302800,687500,654800
66097,Pointe-Claire,78329326132,,1000,0631,17.00,595.10,2,1943,R,156.3,1,5,1,2024-07-01,446300,367800,814100,775300
66097,Pointe-Claire,78329230953,,1000,0631,19.60,687.00,2,1938,R,166.1,1,5,2,2024-07-01,515300,230000,745300,703100
66097,Pointe-Claire,78329226647,,1000,0631,11.58,423.60,2,1946,R,133.8,1,5,1,2024-07-01,317700,400200,717900,683700
66097,Pointe-Claire,78329240788,,1000,0631,17.86,419.20,1,1929,R,169.7,1,4,1,2024-07-01,377300,297200,674500,642400
66097,Pointe-Claire,79320114964,,1000,0631,15.85,690.50,2,1935,R,215.4,1,4,1,2024-07-01,492000,623200,1115200,1062100
66097,Pointe-Claire,79320207198,,1000,0631,24.38,806.40,2,1939,R,166.6,1,5,1,2024-07-01,544300,440000,984300,937400
66097,Pointe-Claire,79320201357,,1000,0631,12.19,399.30,2,1935,R,195.5,1,5,1,2024-07-01,359400,596200,955600,910100
66097,Pointe-Claire,79320200474,,1000,0631,12.19,395.60,2,1932,R,141.2,1,5,1,2024-07-01,356000,340900,696900,663700
66097,Pointe-Claire,78329297598,,1000,0631,12.19,395.90,2,1924,R,138.0,1,5,1,2024-07-01,356300,340600,696900,663700
66097,Pointe-Claire,78329294710,,1000,0631,12.33,398.50,1,1933,R,108.8,1,4,1,2024-07-01,358700,147700,506400,482300
66097,Pointe-Claire,78329290833,,1000,0631,12.27,400.50,1,1929,R,175.9,1,4,1,2024-07-01,300400,262500,562900,536100
66097,Pointe-Claire,78329287953,,1000,0631,12.19,394.50,2,1917,R,115.0,1,5,1,2024-07-01,355100,205300,560400,533700
66097,Pointe-Claire,78329383067,,1000,0631,12.19,396.90,2,1933,R,183.9,1,5,1,2024-07-01,357200,456100,813300,774600
66097,Pointe-Claire,78329377291,,1000,0631,36.57,1216.60,2,1941,R,219.2,1,5,1,2024-07-01,629600,69400,699000,665700
66097,Pointe-Claire,78329369561,,1000,0631,19.81,661.20,2,1933,R,287.2,1,5,2,2024-07-01,495900,381300,877200,827500
66097,Pointe-Claire,78329362806,,1000,0631,29.26,976.50,1,1953,R,127.5,1,1,1,2024-07-01,622500,195300,817800,778900
66097,Pointe-Claire,78329456004,,1000,0631,12.19,405.60,2,1940,R,245.3,2,5,1,2024-07-01,365000,385600,750600,714900
66097,Pointe-Claire,78329453126,,1000,0631,12.19,403.80,2,1948,R,134.8,2,4,1,2024-07-01,363400,233100,596500,568100
66097,Pointe-Claire,78329448266,,1000,0631,17.37,575.10,1,1948,R,136.9,1,4,1,2024-07-01,431300,285600,716900,682800
66097,Pointe-Claire,78329445411,,1000,0631,13.11,434.90,1,1959,R,103.1,1,1,1,2024-07-01,391400,313400,704800,671200
66097,Pointe-Claire,78329441535,,1000,0631,12.19,405.50,2,1946,R,145.7,1,5,2,2024-07-01,304100,337100,641200,604900
66097,Pointe-Claire,78329437665,,1000,0631,15.24,507.80,2,1942,R,159.2,2,4,1,2024-07-01,418900,232600,651500,620500
66097,Pointe-Claire,78329433813,,1000,0631,15.24,508.40,2,1942,R,144.8,2,4,1,2024-07-01,419400,191400,610800,581700
66097,Pointe-Claire,78329526053,,1000,0631,12.19,400.70,2,1935,R,115.5,2,5,1,2024-07-01,360600,248000,608600,579600
66097,Pointe-Claire,78329429936,,1000,0631,12.19,403.80,2,1935,R,128.4,2,5,1,2024-07-01,363400,280000,643400,612800
66097,Pointe-Claire,78329521229,,1000,0631,24.38,801.40,1,1965,R,130.7,1,1,1,2024-07-01,601100,214300,815400,776600
66097,Pointe-Claire,78329514448,,1000,0631,20.42,671.10,2,1950,R,159.7,1,5,1,2024-07-01,503300,280500,783800,746500
66097,Pointe-Claire,78329509646,,1000,0631,20.12,649.40,2,1951,R,133.3,1,5,1,2024-07-01,487100,251400,738500,703300
66097,Pointe-Claire,78329503847,,1000,0631,20.42,653.60,2,1949,R,115.9,1,5,1,2024-07-01,490200,211200,701400,668000
66097,Pointe-Claire,78328695123,,1000,0631,36.58,1183.50,1,1939,R,139.6,1,4,1,2024-07-01,665700,142600,808300,769800
66097,Pointe-Claire,78328679663,,1000,0631,18.43,610.70,1,1946,R,150.3,1,4,1,2024-07-01,458000,329100,787100,749600
66097,Pointe-Claire,78328674854,,1000,0631,20.12,671.40,1,1949,R,112.8,1,4,1,2024-07-01,503600,282400,786000,748600
66097,Pointe-Claire,78328768045,,1000,0631,19.51,651.10,2,1950,R,211.7,1,5,1,2024-07-01,488300,626700,1115000,1061900
66097,Pointe-Claire,78328763210,,1000,0631,16.89,563.80,1,1953,R,253.1,1,5,1,2024-07-01,422900,863400,1286300,1225000
66097,Pointe-Claire,78328758384,,1000,0631,16.76,559.50,2,1949,R,278.9,1,5,1,2024-07-01,419600,790900,1210500,1152900
66097,Pointe-Claire,78328753575,,1000,0631,24.38,813.80,2,1946,R,97.7,1,5,1,2024-07-01,579800,245000,824800,785500
66097,Pointe-Claire,78328747825,,1000,0631,24.38,813.80,2,1950,R,165.8,1,5,1,2024-07-01,549300,290200,839500,799500
66097,Pointe-Claire,78328832304,,1000,0631,24.38,813.80,2,1946,R,162.8,1,5,1,2024-07-01,549300,278300,827600,788200
66097,Pointe-Claire,78328824616,,1000,0631,40.54,1351.00,2,1945,R,144.4,1,5,1,2024-07-01,759900,256900,1016800,968400
66097,Pointe-Claire,78328815903,,1000,0631,20.42,678.80,1,1948,R,159.8,1,4,1,2024-07-01,509100,446900,956000,910500
66097,Pointe-Claire,78328910076,,1000,0631,15.24,502.80,1,1945,R,168.5,1,4,1,2024-07-01,414800,293700,708500,674800
66097,Pointe-Claire,78328905258,,1000,0631,21.34,707.10,2,1940,R,157.8,1,5,1,2024-07-01,503800,309500,813300,774600
66097,Pointe-Claire,78326956311,,1000,0631,24.38,773.00,1,1968,R,137.7,1,1,1,2024-07-01,521800,173200,695000,873900
66097,Pointe-Claire,78326947609,,1000,0631,25.30,801.90,2,1966,R,203.0,1,2,1,2024-07-01,541300,462500,1003800,956000
66097,Pointe-Claire,78326942816,,1000,0631,18.29,579.70,2,1965,R,253.1,1,5,1,2024-07-01,434800,539500,974300,927900
66097,Pointe-Claire,78326937980,,1000,0631,18.29,579.70,2,1965,R,155.8,1,5,1,2024-07-01,434800,374900,809700,771100
66097,Pointe-Claire,78336032160,,1000,0631,18.29,579.70,1,1965,R,103.8,1,1,1,2024-07-01,434800,250500,685300,652700
66097,Pointe-Claire,78336027335,,1000,0631,18.29,579.70,2,1965,R,128.2,1,5,1,2024-07-01,434800,394300,829100,789600
66097,Pointe-Claire,78336022518,,1000,0631,18.29,579.70,1,1966,R,158.2,1,4,1,2024-07-01,434800,401400,836200,796400
66097,Pointe-Claire,78336016734,,1000,0631,9.14,289.90,2,1976,R,110.5,2,5,1,2024-07-01,315300,298800,614100,584900
66097,Pointe-Claire,78336019647,,1000,0631,9.14,289.90,2,1976,R,121.1,2,5,1,2024-07-01,304400,313900,618300,588900
66097,Pointe-Claire,78336009994,,1000,0631,46.02,1420.30,2,1964,R,284.4,1,5,3,2024-07-01,639100,332800,971900,916900
66097,Pointe-Claire,78327903551,,1000,0631,20.33,644.20,2,1981,R,189.7,1,5,1,2024-07-01,483200,518500,1001700,954000
66097,Pointe-Claire,78326991961,,1000,0631,21.34,676.30,2,1966,R,243.2,1,5,1,2024-07-01,507200,372500,879700,837800
66097,Pointe-Claire,78336086166,,1000,0631,21.34,676.30,2,1966,R,154.0,1,5,1,2024-07-01,431100,319500,750600,714900
66097,Pointe-Claire,78336079385,,1000,0631,22.86,724.60,2,1992,R,217.9,1,5,1,2024-07-01,543500,668200,1211700,1154000
66097,Pointe-Claire,78336071572,,1000,0631,19.81,483.10,2,1969,R,174.7,2,5,1,2024-07-01,398600,293000,691600,658700
66097,Pointe-Claire,78336067711,,1000,0631,8.69,211.80,2,1970,R,174.7,4,5,1,2024-07-01,262100,261500,523600,498700
66097,Pointe-Claire,78336064809,,1000,0631,8.69,211.80,2,1970,R,174.7,4,5,1,2024-07-01,262100,199900,462000,440000
66097,Pointe-Claire,78336062878,,1000,0631,8.69,211.80,2,1970,R,174.7,4,5,1,2024-07-01,262100,420400,682500,650000
66097,Pointe-Claire,78336060963,,1000,0631,8.69,211.80,2,1970,R,174.7,4,5,1,2024-07-01,262100,434400,696500,663300
66097,Pointe-Claire,78336157041,,1000,0631,8.69,211.80,2,1970,R,174.7,1,5,1,2024-07-01,262100,351400,613500,584300
66097,Pointe-Claire,78336152224,,1000,0631,28.19,706.10,2,1970,R,174.7,2,5,1,2024-07-01,503100,376500,879600,837700
66097,Pointe-Claire,78329141820,,1000,0631,10.45,413.50,2,1938,R,117.6,1,5,1,2024-07-01,325600,374400,700000,564300
66097,Pointe-Claire,78329154799,,1000,0631,13.84,387.80,1,1835,R,100.5,1,4,1,2024-07-01,319900,469500,789400,751800
66097,Pointe-Claire,78329122770,,1000,0631,25.40,795.80,1,1880,E,146.1,1,4,1,2024-07-01,537200,182500,719700,685400
66097,Pointe-Claire,78329166785,,1000,0631,10.67,441.00,1,1936,R,101.2,1,4,1,2024-07-01,330800,254100,584900,557000
66097,Pointe-Claire,78329188235,,1000,0654,,1078.70,2,1933,R,329.5,1,5,1,2024-07-01,1423900,847400,2271300,2103100
66097,Pointe-Claire,78329180752,,1000,0631,17.62,467.30,2,1933,R,181.3,1,5,1,2024-07-01,350500,290300,640800,610300
66097,Pointe-Claire,79320121613,,1000,0631,13.55,333.00,2,1973,R,114.8,1,5,1,2024-07-01,287200,392700,679900,647500
66097,Pointe-Claire,79320135563,,1000,0631,17.38,475.10,1,1934,R,128.4,1,4,1,2024-07-01,356300,211000,567300,540300
66097,Pointe-Claire,79320120185,,1000,0654,,1065.60,2,1890,E,247.1,1,4,1,2024-07-01,1419400,580100,1999500,1851400
66097,Pointe-Claire,79321116000,,1000,0654,11.25,499.00,,1926,R,431.9,,,2,2024-07-01,598800,1401200,2000000,1472000
66097,Pointe-Claire,79320313723,,1000,0631,22.86,1393.50,1,1951,R,238.9,1,4,1,2024-07-01,1045100,337000,1382100,1316300
66117,Sainte-Anne-de-Bellevue,69297759651,,1000,0460,13.94,422.30,2,1959,R,190.4,1,2,1,2024-07-01,190000,459000,649000,606500
66117,Sainte-Anne-de-Bellevue,69297745635,,1000,0460,15.24,464.30,2,1957,R,240.6,1,5,2,2024-07-01,208900,510900,719800,660400
66117,Sainte-Anne-de-Bellevue,69297771136,,1000,0460,15.24,696.80,2,1931,R,178.0,1,5,2,2024-07-01,313600,289100,602700,552900
66117,Sainte-Anne-de-Bellevue,69297756111,,1000,0460,15.24,696.80,2,1933,R,188.9,1,5,2,2024-07-01,313600,313700,627300,575500
66117,Sainte-Anne-de-Bellevue,69297740198,,1000,0460,13.87,385.90,2,1936,R,298.1,1,5,3,2024-07-01,173700,526000,699700,619200
66117,Sainte-Anne-de-Bellevue,69298882650,,1000,0460,24.28,1072.07,3,1959,R,678.4,1,,8,2024-07-01,482400,1071400,1553800,1375000
66117,Sainte-Anne-de-Bellevue,69298854642,,1000,0460,31.06,923.20,2,1936,R,138.2,1,5,1,2024-07-01,415400,207000,622400,581700
66117,Sainte-Anne-de-Bellevue,69297853280,,1000,0460,13.93,485.30,2,1957,R,174.8,1,5,2,2024-07-01,152900,379700,532600,488600
66117,Sainte-Anne-de-Bellevue,69297840253,,1000,0460,13.87,448.70,2,1928,R,228.4,1,4,1,2024-07-01,201900,373900,575800,538100
66117,Sainte-Anne-de-Bellevue,69298355400,,1000,0460,18.29,388.80,2,1930,R,165.8,1,5,1,2024-07-01,175000,346300,521300,487200
66117,Sainte-Anne-de-Bellevue,69298354585,,1000,0460,18.29,386.00,2,1935,R,156.2,1,4,1,2024-07-01,173700,361300,535000,500000
66117,Sainte-Anne-de-Bellevue,69298363784,,1000,0460,69.68,771.10,2,1931,R,190.3,1,5,1,2024-07-01,347000,616400,963400,806900
66117,Sainte-Anne-de-Bellevue,69298313557,,1000,0460,19.20,688.30,2,1923,R,326.4,,,1,2024-07-01,309700,499200,808900,703400
66117,Sainte-Anne-de-Bellevue,69298314761,,1000,0460,27.78,880.20,1,1926,R,140.3,1,4,1,2024-07-01,396100,266300,662400,619100
66117,Sainte-Anne-de-Bellevue,70290323776,,1539,0460,45.72,2090.40,2,1880,E,210.3,1,5,1,2024-07-01,658500,353900,1012400,946200
66117,Sainte-Anne-de-Bellevue,70290418147,,1539,0460,30.48,1393.60,2,1910,R,198.4,1,5,1,2024-07-01,501700,270900,772600,722100
66117,Sainte-Anne-de-Bellevue,70290409757,,1539,0460,30.48,1393.60,2,1890,E,226.5,1,5,1,2024-07-01,501700,317800,819500,765900
66117,Sainte-Anne-de-Bellevue,70290501421,,1539,0460,15.24,696.80,2,1905,R,271.8,1,5,1,2024-07-01,313600,329600,643200,601100
66117,Sainte-Anne-de-Bellevue,69299691100,,1539,0460,30.48,1393.60,2,1905,R,195.4,1,5,1,2024-07-01,501700,304400,806100,753400
66117,Sainte-Anne-de-Bellevue,69299686498,,1539,0460,15.24,2090.40,2,1905,R,237.4,1,5,1,2024-07-01,658500,389700,1048200,979600
66117,Sainte-Anne-de-Bellevue,69299770748,,1539,0460,36.73,1680.20,2,1900,E,573.4,1,4,1,2024-07-01,567100,584000,1151100,1075800
66117,Sainte-Anne-de-Bellevue,69299867007,,1539,0460,15.24,696.80,2,1905,R,199.2,1,5,2,2024-07-01,313600,592500,906100,831300
66117,Sainte-Anne-de-Bellevue,69299862537,,1539,0460,30.48,1393.60,2,1934,R,154.3,1,5,1,2024-07-01,501700,224400,726100,678600
66117,Sainte-Anne-de-Bellevue,69299857909,,1539,0460,47.64,2010.70,2,1910,R,184.8,1,5,1,2024-07-01,633400,337500,970900,907400
66117,Sainte-Anne-de-Bellevue,69299370226,,1000,0468,54.46,1833.90,4,1953,R,4016.4,,,34,2024-07-01,733600,6151800,6885400,6203100
66117,Sainte-Anne-de-Bellevue,69299358684,,1000,0468,45.72,2087.90,3,1960,R,2373.7,,,26,2024-07-01,835200,3782400,4617600,4160000
66117,Sainte-Anne-de-Bellevue,69299452131,,1000,0460,45.72,2107.00,2,1920,R,359.2,1,5,1,2024-07-01,663700,926200,1589900,1485900
66117,Sainte-Anne-de-Bellevue,69299448444,,1000,0460,15.24,701.50,1,1940,R,202.9,1,4,1,2024-07-01,315700,301900,617600,577200
66117,Sainte-Anne-de-Bellevue,69299446596,,1000,0460,15.24,702.20,2,1913,R,175.0,1,5,1,2024-07-01,316000,270900,586900,548500
66117,Sainte-Anne-de-Bellevue,69299539697,,1000,0460,39.62,1175.80,2,1885,E,298.2,1,4,1,2024-07-01,449700,381600,831300,776900
66117,Sainte-Anne-de-Bellevue,69299527981,,1000,0460,21.34,975.50,1,1957,R,108.9,1,1,1,2024-07-01,439000,364000,803000,750500
66117,Sainte-Anne-de-Bellevue,69299624218,,1000,0460,24.38,1114.80,2,1900,E,280.1,1,5,3,2024-07-01,501700,275600,777300,713100
66117,Sainte-Anne-de-Bellevue,69299621487,,1000,0460,30.48,1393.50,2,1880,E,237.5,1,5,1,2024-07-01,501700,302300,804000,751400
66117,Sainte-Anne-de-Bellevue,69299618715,,1000,0460,15.24,696.80,2,1958,R,450.2,1,5,8,2024-07-01,313600,944500,1258100,1113400
66117,Sainte-Anne-de-Bellevue,69299615943,,1000,0460,30.48,1393.50,3,1969,R,1726.3,,,26,2024-07-01,940600,3520500,4461100,4019000
66117,Sainte-Anne-de-Bellevue,69299704770,,1000,0460,15.24,696.80,1,1900,E,122.2,1,4,1,2024-07-01,313600,201100,514700,481000
66117,Sainte-Anne-de-Bellevue,69299702923,,1000,0460,15.24,696.80,2,1905,R,215.6,2,5,1,2024-07-01,313600,250000,563600,526700
66117,Sainte-Anne-de-Bellevue,69299800073,,1000,0460,15.24,696.80,2,1905,R,158.0,2,5,1,2024-07-01,313600,196000,509600,476300
66117,Sainte-Anne-de-Bellevue,69298897294,,1000,0460,30.48,1393.50,3,1960,R,2576.9,1,,34,2024-07-01,940600,3610400,4551000,4100000
66117,Sainte-Anne-de-Bellevue,69299806575,,1000,0460,21.14,441.53,3,1985,R,1132.2,,,16,2024-07-01,298000,2663800,2961800,2668300
66117,Sainte-Anne-de-Bellevue,69299803804,,1000,0460,25.24,538.60,3,1957,R,680.0,1,,9,2024-07-01,242400,1396900,1639300,1450700
66117,Sainte-Anne-de-Bellevue,69297379484,,1000,0460,8.69,291.20,2,2010,R,204.1,2,5,1,2024-07-01,131000,526300,657300,614300
66117,Sainte-Anne-de-Bellevue,69297376795,,1000,0460,7.01,248.70,2,1920,R,179.5,1,5,2,2024-07-01,111900,355200,467100,428500
66117,Sainte-Anne-de-Bellevue,69297374907,,1000,0460,15.24,495.80,2,1910,R,265.0,1,5,3,2024-07-01,223100,469900,693000,550000
66117,Sainte-Anne-de-Bellevue,69297472057,,1000,0460,15.24,493.50,2,1944,R,234.6,1,5,3,2024-07-01,222100,544600,766700,608500
66117,Sainte-Anne-de-Bellevue,69297470200,,1000,0460,15.24,491.20,2,1900,E,169.6,1,5,2,2024-07-01,221000,329100,550100,504700
66117,Sainte-Anne-de-Bellevue,69297468352,,1000,0460,15.24,488.90,2,1900,E,138.9,1,5,1,2024-07-01,220000,252100,472100,441200
66117,Sainte-Anne-de-Bellevue,69297466513,,1000,0460,16.87,538.70,2,1900,E,153.7,1,5,1,2024-07-01,242400,339300,581700,543600
66117,Sainte-Anne-de-Bellevue,69297464682,,1000,0460,17.37,551.80,2,1910,R,154.1,1,5,1,2024-07-01,248300,210200,458500,428500
66117,Sainte-Anne-de-Bellevue,69297462843,,1000,0460,15.24,481.60,2,1900,E,182.3,1,5,2,2024-07-01,216700,425500,642200,589200
66117,Sainte-Anne-de-Bellevue,69297553005,,1000,0460,18.59,301.10,2,1900,E,81.9,1,5,1,2024-07-01,135500,182800,318300,297500
66117,Sainte-Anne-de-Bellevue,69297556354,,1000,0460,19.81,615.90,2,1900,E,215.4,1,5,1,2024-07-01,277200,389200,666400,622800
66117,Sainte-Anne-de-Bellevue,69297553567,,1000,0460,21.64,668.30,2,1900,E,305.1,1,5,4,2024-07-01,300700,676300,977000,864600
66117,Sainte-Anne-de-Bellevue,69297550738,,1000,0460,13.50,414.50,2,,,,,,2,2024-07-01,186500,377100,563600,526700
66117,Sainte-Anne-de-Bellevue,69297549870,,1000,0460,14.63,447.10,1,1940,R,187.5,1,4,1,2024-07-01,201200,393700,594900,556000
66117,Sainte-Anne-de-Bellevue,69297647021,,1000,0460,15.85,481.90,2,1900,E,190.4,1,5,2,2024-07-01,216900,399000,615900,565000
66117,Sainte-Anne-de-Bellevue,69297645173,,1000,0460,15.24,461.00,1,1900,E,143.7,1,4,1,2024-07-01,207500,312600,520100,486100
66117,Sainte-Anne-de-Bellevue,69297643327,,1000,0460,15.24,458.70,1,1900,E,105.5,1,4,1,2024-07-01,206400,256700,463100,432800
66117,Sainte-Anne-de-Bellevue,69297641479,,1000,0460,15.24,456.30,1,1939,R,153.0,1,4,1,2024-07-01,205300,353100,558400,521900
66117,Sainte-Anne-de-Bellevue,69297639630,,1000,0460,15.24,454.00,2,1938,R,182.3,1,5,1,2024-07-01,204300,338800,543100,507600
66117,Sainte-Anne-de-Bellevue,69297636883,,1000,0460,33.44,991.00,2,1930,R,193.2,1,5,1,2024-07-01,423700,284500,708200,661900
66117,Sainte-Anne-de-Bellevue,69297726171,,1000,0460,27.43,418.00,2,1930,R,380.7,1,5,4,2024-07-01,188100,522800,710900,652200
66117,Sainte-Anne-de-Bellevue,69297725603,,1000,0460,30.48,771.10,1,1910,R,134.9,1,4,1,2024-07-01,347000,193700,540700,505300
66117,Sainte-Anne-de-Bellevue,69297724812,,1000,0460,11.58,333.80,2,1910,R,136.0,2,5,1,2024-07-01,150200,373900,524100,489800
66117,Sainte-Anne-de-Bellevue,69297723939,,1000,0460,10.86,314.50,2,1910,R,130.6,1,5,1,2024-07-01,141500,272700,414200,387100
66117,Sainte-Anne-de-Bellevue,69297821055,,1000,0460,13.11,369.30,2,1910,R,140.0,2,5,1,2024-07-01,166200,260600,426800,398900
66117,Sainte-Anne-de-Bellevue,69297820164,,1000,0460,10.06,281.20,2,1910,R,130.6,2,5,1,2024-07-01,126500,288600,415100,387900
66117,Sainte-Anne-de-Bellevue,69297819281,,1000,0460,11.14,387.80,2,1900,E,143.7,2,5,3,2024-07-01,174500,384200,558700,443400
66117,Sainte-Anne-de-Bellevue,69299314380,,1000,0460,22.07,760.90,2,1954,R,405.1,1,5,6,2024-07-01,342400,1008700,1351100,1195700
66117,Sainte-Anne-de-Bellevue,69299316583,,1000,0460,15.24,647.00,2,1950,R,193.8,1,5,1,2024-07-01,291200,475300,766500,716400
66117,Sainte-Anne-de-Bellevue,69299313754,,1000,0460,20.57,867.30,2,1900,E,195.4,1,5,1,2024-07-01,390300,251800,642100,589100
66117,Sainte-Anne-de-Bellevue,69299308929,,1000,0460,17.03,719.30,2,1906,R,217.1,1,5,1,2024-07-01,323700,557100,880800,823200
66117,Sainte-Anne-de-Bellevue,69299402078,,1000,0460,17.12,846.60,2,1930,R,214.5,1,5,1,2024-07-01,381000,604600,985600,921100
66117,Sainte-Anne-de-Bellevue,69298497228,,1000,0460,15.46,923.90,2,1920,R,212.9,1,4,1,2024-07-01,415800,570500,986300,781600
66117,Sainte-Anne-de-Bellevue,69298495370,,1000,0460,15.24,929.00,2,1945,R,153.1,1,5,1,2024-07-01,418100,326000,744100,695400
66117,Sainte-Anne-de-Bellevue,69298493524,,1000,0460,15.24,929.00,2,1944,R,153.6,1,5,1,2024-07-01,418100,310600,728700,681000
66117,Sainte-Anne-de-Bellevue,69298491676,,1000,0460,15.24,929.00,1,1942,R,161.8,1,4,1,2024-07-01,397100,321500,718600,671600
66117,Sainte-Anne-de-Bellevue,69298489829,,1000,0460,15.24,929.00,1,1934,R,183.4,1,4,1,2024-07-01,397100,331800,728900,681200
66117,Sainte-Anne-de-Bellevue,69298557583,,1000,0460,39.62,603.90,2,1932,R,259.9,1,5,2,2024-07-01,271800,411200,683000,626600
66117,Sainte-Anne-de-Bellevue,69298574927,,1000,0460,22.86,1403.10,2,1953,R,283.2,1,5,1,2024-07-01,631400,454100,1085500,1014500
66117,Sainte-Anne-de-Bellevue,69298671152,,1000,0460,22.86,1393.50,2,1956,R,290.5,1,5,1,2024-07-01,627100,523800,1150900,1075600
66117,Sainte-Anne-de-Bellevue,69298667499,,1000,0460,45.72,2787.10,2,1914,R,469.4,1,5,1,2024-07-01,1254200,749900,2004100,1873000
66117,Sainte-Anne-de-Bellevue,69298663795,,1000,0460,15.54,947.60,2,1910,R,176.5,1,5,2,2024-07-01,426400,389000,815400,748100
66117,Sainte-Anne-de-Bellevue,69298661948,,1000,0460,15.54,947.60,3,1966,R,1330.6,,,19,2024-07-01,639600,2420000,3059600,2756400
66117,Sainte-Anne-de-Bellevue,69298752572,,1000,0460,20.39,1244.40,2,1940,R,253.6,1,5,1,2024-07-01,560000,480700,1040700,972600
66117,Sainte-Anne-de-Bellevue,69298750766,,1000,0460,18.30,1119.90,2,1930,R,267.8,1,5,2,2024-07-01,504000,449800,953800,875000
66117,Sainte-Anne-de-Bellevue,69298747960,,1000,0460,22.31,1368.80,2,1926,R,326.7,1,5,2,2024-07-01,616000,411400,1027400,942600
66117,Sainte-Anne-de-Bellevue,69298842381,,1000,0460,18.42,1063.00,2,1930,R,188.5,1,5,1,2024-07-01,430500,242400,672900,628900
66117,Sainte-Anne-de-Bellevue,69298824579,,1000,0460,30.90,751.00,2,,,,,,9,2024-07-01,338000,924700,1262700,1117400
66117,Sainte-Anne-de-Bellevue,69298377388,,1000,0460,9.14,197.20,2,1921,R,201.0,2,5,1,2024-07-01,88700,305500,394200,367100
66117,Sainte-Anne-de-Bellevue,69298374484,,1000,0460,9.14,194.10,2,1921,R,166.2,2,5,1,2024-07-01,87300,304100,391400,367100
66117,Sainte-Anne-de-Bellevue,69298374609,,1000,0460,18.29,386.00,2,1955,R,257.4,1,5,6,2024-07-01,173700,698600,872300,639200
66117,Sainte-Anne-de-Bellevue,69298438032,,1000,0460,13.05,203.30,2,1985,R,110.3,2,5,1,2024-07-01,91500,490700,582200,544100
66117,Sainte-Anne-de-Bellevue,69298439121,,1000,0460,8.24,167.00,2,1985,R,110.3,2,5,1,2024-07-01,75200,497300,572500,535000
66117,Sainte-Anne-de-Bellevue,69298425054,,1000,0460,8.08,160.00,2,1985,R,109.6,2,5,1,2024-07-01,72000,498300,570300,533000
66117,Sainte-Anne-de-Bellevue,69298417044,,1000,0460,8.08,160.00,2,1985,R,109.5,2,5,1,2024-07-01,72000,498300,570300,533000
66117,Sainte-Anne-de-Bellevue,69298409033,,1000,0460,8.08,160.00,2,1985,R,109.5,2,5,1,2024-07-01,72000,498300,570300,533000
66117,Sainte-Anne-de-Bellevue,69298401022,,1000,0460,8.08,160.00,2,1985,R,109.5,2,5,1,2024-07-01,72000,498300,570300,533000
66117,Sainte-Anne-de-Bellevue,69298417242,,1000,0460,19.81,1208.00,2,1935,R,369.4,1,5,6,2024-07-01,543600,599800,1143400,1011900
66117,Sainte-Anne-de-Bellevue,69298414413,,1000,0460,15.24,929.00,1,1934,R,148.8,1,4,1,2024-07-01,418100,247200,665300,621800
66117,Sainte-Anne-de-Bellevue,69298412565,,1000,0460,15.24,929.00,1,1966,R,139.9,1,4,1,2024-07-01,397100,208900,606000,566400
66117,Sainte-Anne-de-Bellevue,69298410718,,1000,0460,15.24,929.00,2,1920,R,173.5,1,5,1,2024-07-01,397100,231600,628700,587600
66117,Sainte-Anne-de-Bellevue,69298424875,,1000,0460,11.38,344.80,2,1915,R,123.1,2,5,1,2024-07-01,155200,330000,485200,453500
66117,Sainte-Anne-de-Bellevue,69298422978,,1000,0460,9.47,290.50,2,1915,R,123.2,2,5,1,2024-07-01,130700,369800,500500,467800
66117,Sainte-Anne-de-Bellevue,69298521100,,1000,0460,16.34,494.80,2,1925,R,197.3,1,5,1,2024-07-01,222700,323000,545700,510000
66117,Sainte-Anne-de-Bellevue,69298515532,,1000,0460,39.62,1207.70,1,1935,R,188.0,1,4,1,2024-07-01,543500,552200,1095700,1024000
66117,Sainte-Anne-de-Bellevue,69297596780,,1000,0460,15.24,929.00,2,1940,R,171.5,1,5,1,2024-07-01,418100,277100,695200,649700
66117,Sainte-Anne-de-Bellevue,69297594942,,1000,0460,16.76,1021.90,2,1942,R,254.9,1,5,2,2024-07-01,459900,333200,793100,727600
66117,Sainte-Anne-de-Bellevue,69297692134,,1000,0460,21.09,1285.80,2,1940,R,231.7,1,5,1,2024-07-01,578600,392200,970800,907300
66117,Sainte-Anne-de-Bellevue,69297689304,,1000,0460,15.48,943.90,2,1940,R,175.5,1,5,1,2024-07-01,424800,384800,809600,756600
66117,Sainte-Anne-de-Bellevue,69297687498,,1000,0460,22.86,1393.50,2,1936,R,258.7,1,5,2,2024-07-01,627100,232900,860000,789000
66117,Sainte-Anne-de-Bellevue,69297682846,,1000,0460,15.24,929.00,3,1946,R,431.2,1,5,5,2024-07-01,418100,980500,1398600,1237700
66117,Sainte-Anne-de-Bellevue,69297795051,,1000,0460,22.86,696.80,2,1954,R,338.1,1,5,6,2024-07-01,313600,818000,1131600,1001400
66117,Sainte-Anne-de-Bellevue,69297792272,,1000,0460,22.86,696.80,2,1850,E,210.0,1,5,1,2024-07-01,313600,274900,588500,550000
66117,Sainte-Anne-de-Bellevue,69297768892,,1000,0460,15.24,929.00,1,1952,R,152.9,1,4,1,2024-07-01,418100,318400,736500,688300
66117,Sainte-Anne-de-Bellevue,69297866043,,1000,0460,15.24,929.00,1,1942,R,154.0,1,4,1,2024-07-01,418100,336000,754100,704800
66117,Sainte-Anne-de-Bellevue,69297878212,,1000,0460,15.24,511.00,1,1942,R,158.0,1,4,1,2024-07-01,230000,314800,544800,509200
66117,Sainte-Anne-de-Bellevue,69297876414,,1000,0460,27.82,828.00,2,1926,R,244.8,1,5,4,2024-07-01,372600,407100,779700,690000
66117,Sainte-Anne-de-Bellevue,69299342209,,1000,0468,18.84,975.10,2,1890,E,307.0,1,5,3,2024-07-01,390000,521900,911900,723700
66117,Sainte-Anne-de-Bellevue,69299317110,,1000,0468,35.74,1122.40,2,1684,E,531.0,1,5,4,2024-07-01,449000,805400,1254400,1110100
66117,Sainte-Anne-de-Bellevue,69298379152,,1000,0468,21.92,748.00,2,1954,R,321.4,1,2,2,2024-07-01,299200,908500,1207700,989900
66117,Sainte-Anne-de-Bellevue,69298357158,,1000,0468,21.86,672.10,,1927,R,220.6,1,4,1,2024-07-01,268800,581100,849900,696600
66117,Sainte-Anne-de-Bellevue,69297383254,,1000,0468,16.11,1146.40,2,1880,E,1500.2,,,1,2024-07-01,389800,506200,896000,779100
66117,Sainte-Anne-de-Bellevue,69297369097,,1000,0468,9.36,192.10,2,1964,R,380.7,,,2,2024-07-01,76800,494300,571100,496600
66117,Sainte-Anne-de-Bellevue,69297317344,,1000,0468,45.04,1831.90,2,1960,R,2216.3,,,14,2024-07-01,622800,2788500,3411300,3073200
66117,Sainte-Anne-de-Bellevue,69296379402,,1000,0468,25.58,740.00,2,1910,R,469.2,1,5,4,2024-07-01,296000,615000,911000,806200
66117,Sainte-Anne-de-Bellevue,69296323699,,1000,0468,14.81,947.90,2,1979,R,258.8,,,1,2024-07-01,322300,804700,1127000,980000
66117,Sainte-Anne-de-Bellevue,69296309706,,1000,0468,12.13,635.00,2,1900,E,291.8,,,2,2024-07-01,254000,390000,644000,560000
66117,Sainte-Anne-de-Bellevue,69295399724,,1000,0468,7.77,389.30,2,1875,E,238.0,2,5,1,2024-07-01,155700,317400,473100,387800
66117,Sainte-Anne-de-Bellevue,69295387760,,1000,0468,12.40,830.00,2,1875,E,321.4,,,3,2024-07-01,282200,678100,960300,835000
66117,Sainte-Anne-de-Bellevue,69295370709,,1000,0468,16.43,473.40,2,1967,R,484.4,4,,2,2024-07-01,189400,1110100,1299500,1130000
66117,Sainte-Anne-de-Bellevue,69295356823,,1000,0468,39.17,892.10,2,1968,R,676.9,2,,3,2024-07-01,356800,1017500,1374300,1040000
66117,Sainte-Anne-de-Bellevue,70290245730,,1000,0466,32.41,1661.20,2,1953,R,439.2,1,5,6,2024-07-01,790700,328000,1118700,990000
66117,Sainte-Anne-de-Bellevue,70290220519,,1000,0466,,422.00,2,1895,E,242.3,1,5,1,2024-07-01,287000,730700,1017700,933700
66117,Sainte-Anne-de-Bellevue,70290216749,,1000,0468,23.23,787.60,2,1880,E,331.9,1,5,3,2024-07-01,315000,1008000,1323000,1050000
66117,Sainte-Anne-de-Bellevue,69299286653,,1000,0466,17.93,719.20,2,1963,R,194.0,1,4,1,2024-07-01,489100,592300,1081400,983100
66117,Sainte-Anne-de-Bellevue,69299250667,,1000,0466,19.84,645.60,2,1920,R,295.8,1,5,2,2024-07-01,439000,819600,1258600,1154700
66117,Sainte-Anne-de-Bellevue,69299230651,,1000,0466,21.91,769.20,1,1962,R,294.7,1,4,1,2024-07-01,523100,995600,1518700,1380600
66117,Sainte-Anne-de-Bellevue,69299207659,,1000,0466,24.03,954.80,1,1950,R,258.1,1,4,1,2024-07-01,649300,734400,1383700,1257900
66117,Sainte-Anne-de-Bellevue,69297273604,,1000,3700,7.47,418.30,2,1944,R,231.1,2,5,2,2024-07-01,219600,647000,866600,795000
66117,Sainte-Anne-de-Bellevue,69297266624,,1000,3700,7.86,447.50,2,1936,R,243.1,,,1,2024-07-01,234900,357400,592300,515000
66117,Sainte-Anne-de-Bellevue,69297229788,,1000,3700,18.29,645.90,2,1965,R,264.2,1,5,4,2024-07-01,339100,632700,971800,860000
66117,Sainte-Anne-de-Bellevue,69297210838,,1000,3700,20.73,665.00,2,1895,E,299.6,,,1,2024-07-01,349100,354200,703300,611600
66117,Sainte-Anne-de-Bellevue,69296287860,,1990,3700,4.77,254.90,,,,,,,,2024-07-01,133800,23400,157200,140400
66117,Sainte-Anne-de-Bellevue,69296257947,,1000,3700,23.47,989.90,2,1928,R,471.5,1,4,4,2024-07-01,519700,737900,1257600,1112900
66117,Sainte-Anne-de-Bellevue,69299518675,,1000,0460,14.94,591.80,2,1918,R,148.5,1,5,1,2024-07-01,266300,241400,507700,474500
66117,Sainte-Anne-de-Bellevue,69299503644,,1000,0460,17.07,676.30,2,1915,R,197.9,1,4,1,2024-07-01,304300,244900,549200,513300
66117,Sainte-Anne-de-Bellevue,69298578613,,1000,0460,30.48,1207.70,2,1920,R,227.6,1,5,3,2024-07-01,543500,330600,874100,693700
66117,Sainte-Anne-de-Bellevue,69297593506,,1000,0460,15.24,603.90,2,1920,R,217.2,1,5,3,2024-07-01,271800,325200,597000,473800
66117,Sainte-Anne-de-Bellevue,69297578481,,1000,0460,15.24,603.90,2,1938,R,139.9,1,5,1,2024-07-01,271800,263200,535000,500000
66117,Sainte-Anne-de-Bellevue,69297568029,,1000,0460,15.24,283.30,2,1959,R,172.1,1,2,1,2024-07-01,127500,400200,527700,493200
66117,Sainte-Anne-de-Bellevue,69293573205,,1000,0460,15.24,392.90,2,1924,R,254.2,1,5,2,2024-07-01,176800,451000,627800,576000
66117,Sainte-Anne-de-Bellevue,69293577651,,1000,0460,6.91,166.80,2,1941,R,85.3,2,5,1,2024-07-01,75100,245800,320900,299900
66117,Sainte-Anne-de-Bellevue,69293578717,,1000,0460,3.91,94.50,2,1941,R,85.3,4,5,1,2024-07-01,42500,198100,240600,224900
66117,Sainte-Anne-de-Bellevue,69293578766,,1000,0460,6.71,162.10,2,1941,R,85.3,2,5,1,2024-07-01,72900,241000,313900,293400
66117,Sainte-Anne-de-Bellevue,69293580887,,1000,0460,17.54,435.60,2,1949,R,359.8,1,5,4,2024-07-01,196000,595800,791800,700700
66117,Sainte-Anne-de-Bellevue,69293681008,,1000,0460,,173.78,2,1936,R,122.1,2,5,2,2024-07-01,78200,238200,316400,290300
66117,Sainte-Anne-de-Bellevue,69293682097,,1000,0460,9.78,233.92,2,1940,R,69.5,2,5,1,2024-07-01,105300,140600,245900,229800
66117,Sainte-Anne-de-Bellevue,69293683236,,1000,0460,18.00,432.60,2,1902,R,118.8,1,5,2,2024-07-01,194700,195800,390500,358300
66117,Sainte-Anne-de-Bellevue,69293684416,,1000,0460,19.28,423.50,2,1911,R,297.7,1,,6,2024-07-01,190600,494400,685000,606200
66117,Sainte-Anne-de-Bellevue,69293449745,,1000,0460,18.49,220.70,2,1921,R,150.2,1,5,1,2024-07-01,99300,220200,319500,298600
66117,Sainte-Anne-de-Bellevue,69293442989,,1000,0460,34.73,598.90,2,1948,R,591.2,1,,6,2024-07-01,269500,792700,1062200,940000
66117,Sainte-Anne-de-Bellevue,69293543216,,1000,0460,17.75,418.70,2,1957,R,224.6,1,5,3,2024-07-01,188400,553900,742300,681000
66117,Sainte-Anne-de-Bellevue,69293519232,,1000,0460,17.54,417.30,2,1875,E,267.9,1,5,2,2024-07-01,187800,526200,714000,566700
66117,Sainte-Anne-de-Bellevue,69292488983,,1000,0460,37.17,572.70,3,,,,,,11,2024-07-01,257700,2116800,2374500,2064800
66117,Sainte-Anne-de-Bellevue,69292590242,,1000,0460,16.50,289.40,2,1953,R,211.8,1,5,3,2024-07-01,130200,499200,629400,577400
66117,Sainte-Anne-de-Bellevue,69297308681,,1000,0460,16.23,445.20,1,1880,E,150.8,1,4,1,2024-07-01,200300,160500,360800,337200
66117,Sainte-Anne-de-Bellevue,69297306842,,1000,0460,16.23,445.20,2,1905,R,161.6,1,5,1,2024-07-01,200300,240500,440800,412000
66117,Sainte-Anne-de-Bellevue,69297401312,,1000,0460,15.24,417.50,2,1920,R,245.8,1,5,2,2024-07-01,187900,318800,506700,464900
66117,Sainte-Anne-de-Bellevue,69297400462,,1000,0460,15.24,416.70,3,1954,R,473.8,1,,6,2024-07-01,187500,919000,1106500,979200
66117,Sainte-Anne-de-Bellevue,69296673671,,1000,0460,13.41,359.70,2,1963,R,232.4,1,5,3,2024-07-01,161900,654400,816300,748900
66117,Sainte-Anne-de-Bellevue,69296761187,,1000,0460,14.02,227.60,2,1930,R,110.4,1,5,1,2024-07-01,102400,456300,558700,428700
66117,Sainte-Anne-de-Bellevue,69296759330,,1000,0460,15.24,247.40,2,1930,R,135.3,1,5,1,2024-07-01,111300,303600,414900,387800
66117,Sainte-Anne-de-Bellevue,69296758456,,1000,0460,10.36,168.20,2,1938,R,99.8,1,5,1,2024-07-01,75700,275600,351300,328300
66117,Sainte-Anne-de-Bellevue,69296756609,,1000,0460,18.90,306.70,2,1936,R,133.2,1,5,2,2024-07-01,138000,302600,440600,404200
66117,Sainte-Anne-de-Bellevue,69296855153,,1000,0460,7.32,303.90,2,1920,R,111.1,1,5,1,2024-07-01,136800,210400,347200,324500
66117,Sainte-Anne-de-Bellevue,69296361962,,1000,0460,12.57,435.30,2,1935,R,202.9,1,5,2,2024-07-01,195900,350100,546000,500900
66117,Sainte-Anne-de-Bellevue,69296452043,,1000,0460,12.31,573.10,1,1880,E,133.0,1,4,1,2024-07-01,257900,239700,497600,465000
66117,Sainte-Anne-de-Bellevue,69296463180,,1000,0460,16.23,526.90,2,1906,R,189.5,1,5,2,2024-07-01,237100,400600,637700,585000
66117,Sainte-Anne-de-Bellevue,69296465730,,1000,0460,14.63,237.45,2,1925,R,95.9,1,5,2,2024-07-01,106900,218000,324900,298100
66117,Sainte-Anne-de-Bellevue,69296557346,,1000,0460,,354.50,2,1957,R,302.1,1,5,5,2024-07-01,159500,658600,818100,724000
66117,Sainte-Anne-de-Bellevue,69296648095,,1000,0460,14.02,227.60,2,1900,E,144.7,1,5,2,2024-07-01,102400,339500,441900,405400
66117,Sainte-Anne-de-Bellevue,69296639839,,1000,0460,29.26,474.90,2,1930,R,187.5,1,5,1,2024-07-01,213700,279000,492700,460500
66117,Sainte-Anne-de-Bellevue,69296820009,,1000,0460,13.75,282.20,2,1949,R,92.9,1,5,1,2024-07-01,127000,220200,347200,324500
66117,Sainte-Anne-de-Bellevue,69295499730,,1000,0460,29.26,474.90,2,1900,E,138.3,1,5,1,2024-07-01,213700,260300,474000,443000
66117,Sainte-Anne-de-Bellevue,69295595123,,1000,0460,29.26,474.90,2,1930,R,497.0,1,5,5,2024-07-01,213700,734500,948200,839100
66117,Sainte-Anne-de-Bellevue,69295591411,,1000,0460,29.26,474.90,2,1900,E,215.5,1,5,2,2024-07-01,213700,219600,433300,397500
66117,Sainte-Anne-de-Bellevue,69295587807,,1000,0460,29.26,474.90,2,1957,R,309.1,1,5,4,2024-07-01,213700,327500,541200,478900
66117,Sainte-Anne-de-Bellevue,69295684026,,1000,0460,15.24,247.40,3,1957,R,350.7,1,5,3,2024-07-01,111300,874900,986200,782700
66117,Sainte-Anne-de-Bellevue,69295682160,,1000,0460,14.02,227.60,2,1900,E,130.7,1,5,2,2024-07-01,102400,388000,490400,449900
66117,Sainte-Anne-de-Bellevue,69295679406,,1000,0460,14.63,237.70,2,1860,E,158.7,1,5,2,2024-07-01,107000,338700,445700,408900
66117,Sainte-Anne-de-Bellevue,69295678531,,1000,0460,14.63,237.50,2,1900,E,141.2,1,5,1,2024-07-01,106900,244100,351000,328000
66117,Sainte-Anne-de-Bellevue,69295676691,,1000,0460,14.63,237.60,2,1958,R,281.5,1,5,6,2024-07-01,106900,751900,858800,760000
66117,Sainte-Anne-de-Bellevue,69295674837,,1000,0460,14.63,237.50,2,1915,R,117.5,1,5,2,2024-07-01,106900,357300,464200,425900
66117,Sainte-Anne-de-Bellevue,69295475631,,1000,0460,16.09,261.20,2,1917,R,182.6,1,5,1,2024-07-01,117500,641200,758700,709100
66117,Sainte-Anne-de-Bellevue,69295472760,,1000,0460,13.62,221.10,2,1900,E,155.1,1,5,1,2024-07-01,99500,292000,391500,365900
66117,Sainte-Anne-de-Bellevue,69295571025,,1000,0460,15.00,241.70,2,1880,E,159.7,1,5,2,2024-07-01,108800,327500,436300,400300
66117,Sainte-Anne-de-Bellevue,69295569177,,1000,0460,15.45,251.10,2,1880,E,132.6,1,5,1,2024-07-01,113000,357600,470600,439800
66117,Sainte-Anne-de-Bellevue,69295566330,,1000,0460,16.20,264.30,1,1890,E,72.6,1,4,1,2024-07-01,118900,102900,221800,207300
66117,Sainte-Anne-de-Bellevue,69295565472,,1000,0460,11.89,192.90,2,1933,R,143.4,1,5,1,2024-07-01,86800,358900,445700,416500
66127,Senneville,69292904070,,1000,1208,33.58,1550.40,1,1900,E,297.5,1,4,1,2024-07-01,302300,547300,849600,758600
66127,Senneville,69291980436,,1000,1208,48.92,2743.10,2,1981,R,263.6,1,5,1,2024-07-01,731000,653200,1384200,1235900
66127,Senneville,69291931975,,1000,1208,54.19,1753.10,2,1954,R,250.5,1,5,1,2024-07-01,569800,530800,1100600,982700
66127,Senneville,69301002387,,1000,1208,38.91,1569.10,2,1959,R,196.8,1,2,1,2024-07-01,510000,349400,859400,767300
66127,Senneville,69300078776,,1000,1208,54.39,2894.00,1,1950,R,140.2,1,4,1,2024-07-01,705400,266800,972200,868000
66127,Senneville,69300157224,,1000,1208,33.03,1808.40,1,1988,R,244.5,1,4,1,2024-07-01,587700,974100,1561800,1394500
66127,Senneville,68309342035,,1000,1208,41.46,1504.80,2,1955,R,288.3,1,5,1,2024-07-01,489100,899700,1388800,1240000
66127,Senneville,68309326343,,1000,1208,34.41,1320.60,2,1955,R,234.2,1,5,1,2024-07-01,429200,438200,867400,774500
66127,Senneville,68309322763,,1000,1208,28.98,2897.50,1,1963,R,263.8,1,4,1,2024-07-01,706300,855500,1561800,1394500
66127,Senneville,68308483335,,1000,1208,60.17,3858.70,2,1918,R,252.4,1,5,1,2024-07-01,815200,395500,1210700,1081000
66127,Senneville,68307588688,,1000,1208,47.24,2639.30,2,1887,E,201.0,1,5,1,2024-07-01,703400,352300,1055700,942600
66127,Senneville,68307668001,,1000,1208,30.48,1585.10,2,2022,R,429.5,1,5,1,2024-07-01,515200,1926400,2441600,2180000
66127,Senneville,68307651239,,1000,1208,30.58,1470.20,1,1950,R,135.6,1,4,1,2024-07-01,477800,242700,720500,643300
66127,Senneville,68307631496,,1000,1208,30.58,1484.10,1,1952,R,130.1,1,4,1,2024-07-01,482300,247200,729500,651300
66127,Senneville,68307607785,,1000,1208,45.33,1932.90,1,1956,R,136.5,1,1,1,2024-07-01,590500,345300,935800,835500
66127,Senneville,68306778199,,1000,1208,40.84,1500.30,2,1975,R,285.4,1,5,1,2024-07-01,487600,681600,1169200,1043900
66127,Senneville,68306750503,,1000,1208,64.59,1621.10,2,1993,R,206.1,1,5,1,2024-07-01,474200,345400,819600,731800
66127,Senneville,68309092606,,1000,1208,78.85,1840.40,2,1930,R,422.9,1,4,1,2024-07-01,598100,1408900,2007000,1792000
66127,Senneville,68309039318,,1000,1214,,1667.00,2,1975,R,291.5,1,5,1,2024-07-01,950200,838700,1788900,1397600
66127,Senneville,68309039011,,1000,1214,30.94,1770.80,2,1976,R,459.9,1,5,1,2024-07-01,1062500,857500,1920000,1500000
66127,Senneville,68299968781,,1000,1214,30.80,1333.50,2,1975,R,402.8,1,5,1,2024-07-01,880100,860200,1740300,1359600
66127,Senneville,68309050885,,1000,1214,61.71,7713.40,2,1875,E,880.9,1,5,1,2024-07-01,2429700,7746300,10176000,7950000
66127,Senneville,68309114244,,1000,1214,31.09,4761.70,2,1952,R,504.6,1,4,1,2024-07-01,1785600,1350400,3136000,2450000
66127,Senneville,68308186870,,1000,1214,46.63,6822.20,1,1975,R,427.9,1,4,1,2024-07-01,2251300,1026300,3277600,2560600
66127,Senneville,68309105531,,1000,1214,33.53,4759.80,1,1974,R,419.8,1,5,1,2024-07-01,1784900,894500,2679400,2093300
66127,Senneville,68308212882,,1000,1214,,10558.30,2,1840,E,634.6,1,5,2,2024-07-01,2850700,1958800,4809500,3757400
66127,Senneville,68307421435,,1000,1214,60.96,9936.60,2,,,,,,3,2024-07-01,2682900,1314700,3997600,3123100
66127,Senneville,68306564417,,1000,1214,51.21,6773.30,1,1952,R,341.2,1,4,1,2024-07-01,2032000,665300,2697300,2107300
66127,Senneville,68306536662,,1000,1214,51.21,7489.20,1,2017,R,470.2,1,1,1,2024-07-01,2246800,2185800,4432600,3463000
66127,Senneville,68306648384,,1000,1208,30.48,2551.60,2,2000,R,342.0,1,5,1,2024-07-01,688300,882400,1570700,1402400
66127,Senneville,68306713097,,1000,1208,30.48,1727.00,2,1967,R,418.8,1,5,1,2024-07-01,561300,1214800,1776100,1585800
66127,Senneville,68306630838,,1000,1208,30.48,1791.50,2,1974,R,230.5,1,5,1,2024-07-01,582200,613400,1195600,1067500
66127,Senneville,68305832294,,1000,1214,91.71,4318.80,2,1998,R,348.4,1,5,1,2024-07-01,1684300,1562000,3246300,2536200
66127,Senneville,69303284694,,1000,1208,33.53,1400.00,2,1965,R,162.1,1,5,1,2024-07-01,455000,416100,871100,777800
66127,Senneville,69303326057,,1000,1208,33.53,1400.00,2,1966,R,249.3,1,5,1,2024-07-01,455000,623200,1078200,962700
66127,Senneville,69302342535,,1000,1208,82.59,1873.30,1,1954,R,190.1,1,5,1,2024-07-01,578400,374700,953100,851000
66127,Senneville,69302314740,,1000,1208,30.91,1424.20,2,1941,R,250.6,1,5,1,2024-07-01,462900,678000,1140900,1018700
66127,Senneville,69301419342,,1000,1208,30.48,1431.30,1,1950,R,225.8,1,4,1,2024-07-01,465200,506400,971600,867500
66127,Senneville,69300494502,,1000,1208,30.37,1441.90,1,1945,R,140.5,1,4,1,2024-07-01,468600,397200,865800,773000
66127,Senneville,69300452799,,1000,1208,30.48,1332.80,1,1951,R,354.8,1,4,1,2024-07-01,433200,787600,1220800,1090000
66127,Senneville,69300426959,,1000,1208,30.48,1360.10,1,1952,R,223.5,1,4,1,2024-07-01,442000,428500,870500,777200
66127,Senneville,69300501116,,1000,1208,30.37,1370.50,1,1958,R,234.9,1,4,1,2024-07-01,445400,787800,1233200,1101100
66127,Senneville,68309557368,,1000,1208,30.62,1540.70,1,1941,R,213.4,1,4,1,2024-07-01,500700,438200,938900,838300
66127,Senneville,68309532528,,1000,1208,30.49,1567.30,2,1949,R,232.0,1,5,1,2024-07-01,509400,352000,861400,769100
66127,Senneville,68309505680,,1000,1208,30.37,1577.90,1,1949,R,247.7,1,4,1,2024-07-01,512800,566300,1079100,963500
66127,Senneville,68308564969,,1000,1208,30.60,1608.70,2,1922,R,291.0,1,5,1,2024-07-01,522800,791500,1314300,1173500
66127,Senneville,68308638128,,1000,1208,30.48,1635.30,1,1947,R,280.4,1,4,1,2024-07-01,531500,672500,1204000,1075000
66127,Senneville,68308613303,,1000,1208,30.48,1653.90,1,1953,R,177.6,1,4,1,2024-07-01,537500,262300,799800,714100
66127,Senneville,68307691508,,1000,1208,30.48,1468.50,1,1948,R,163.1,1,4,1,2024-07-01,477300,405100,882400,787900
66127,Senneville,68307665718,,1000,1208,35.36,1218.10,1,1945,R,164.8,1,4,1,2024-07-01,395900,351600,747500,667400
66127,Senneville,68307722022,,1000,1208,61.87,1677.30,1,1949,R,209.7,1,4,1,2024-07-01,545100,427100,972200,868000
66127,Senneville,69303362516,,1000,1208,48.77,1582.70,1,1950,R,165.0,1,4,1,2024-07-01,514400,394000,908400,811100
66127,Senneville,69302447292,,1000,1208,30.63,1386.60,2,1965,R,219.6,1,5,1,2024-07-01,450600,480500,931100,831300
66127,Senneville,69302421461,,1000,1208,30.48,1385.60,2,1941,R,332.4,1,5,1,2024-07-01,450300,919500,1369800,1223000
66127,Senneville,69301478850,,1000,1208,45.62,2660.30,1,1947,R,330.5,1,4,1,2024-07-01,709000,530500,1239500,1106700
66127,Senneville,69301432964,,1000,1208,45.85,1247.90,1,1924,R,201.5,1,4,1,2024-07-01,405600,331500,737100,658100
66127,Senneville,69300574410,,1000,1208,60.96,2772.00,2,1912,R,413.1,1,5,1,2024-07-01,720700,776600,1497300,1336900
66127,Senneville,69300688491,,1000,1208,48.28,1471.50,2,1998,R,208.9,1,5,1,2024-07-01,478200,538800,1017000,908000
66127,Senneville,68309587985,,1000,1208,45.60,1842.60,1,1944,R,114.5,1,4,1,2024-07-01,574900,235900,810800,723900
66127,Senneville,68309655188,,1000,1208,30.49,1208.90,1,1946,R,172.0,1,4,1,2024-07-01,392900,407600,800500,714700
66127,Senneville,68309616461,,1000,1208,33.53,1617.00,1,1957,R,209.4,1,4,1,2024-07-01,525500,546100,1071600,956800
66127,Senneville,68308684676,,1000,1208,42.67,2055.10,1,1920,R,226.8,1,4,1,2024-07-01,607800,573200,1181000,1054500
66127,Senneville,68308654885,,1000,1208,30.48,1463.20,2,1936,R,208.0,1,5,1,2024-07-01,475500,652000,1127500,1006700
66127,Senneville,68308725081,,1000,1208,39.11,2064.50,1,1927,R,320.6,1,4,1,2024-07-01,610600,544200,1154800,1031100
66127,Senneville,68307773447,,1000,1208,30.48,1647.40,1,1968,R,295.1,1,4,1,2024-07-01,535400,620200,1155600,1031800
66127,Senneville,68307747615,,1000,1208,30.48,1639.00,1,1923,R,122.3,1,4,1,2024-07-01,532700,165400,698100,623300
66127,Senneville,68307711868,,1000,1208,56.39,3026.60,1,1927,R,351.8,1,4,1,2024-07-01,737700,617600,1355300,1210100
66127,Senneville,68306870137,,1000,1208,42.67,2285.20,2,1977,R,327.3,1,4,1,2024-07-01,646100,699400,1345500,1201300
66127,Senneville,69304976652,,1000,1208,51.12,1888.30,2,1950,R,135.2,1,5,1,2024-07-01,583000,234700,817700,730100
66127,Senneville,68305793520,,1000,1208,51.09,2284.30,2,1965,R,342.3,1,5,1,2024-07-01,668200,973800,1642000,1466100
66127,Senneville,68305770288,,1000,1208,33.53,1834.60,2,1959,R,251.7,1,2,1,2024-07-01,596200,546600,1142800,1020400
66127,Senneville,68305643998,,1000,1208,50.25,1950.90,2,1959,R,312.7,1,2,1,2024-07-01,602300,629600,1231900,1099900
66127,Senneville,68305662667,,1000,1208,48.38,2253.90,2,1971,R,296.9,1,2,1,2024-07-01,659300,675500,1334800,1191800
66127,Senneville,68305681410,,1000,1208,35.09,2492.20,1,1967,R,332.6,1,4,1,2024-07-01,729000,778900,1507900,1346300
66127,Senneville,68306501997,,1000,1208,71.23,3154.30,2,2002,R,501.5,1,5,1,2024-07-01,768900,1536700,2305600,2058600
66127,Senneville,68305721828,,1000,1214,,2794.60,2,1956,R,297.9,1,2,1,2024-07-01,1173700,389800,1563500,1221500
66127,Senneville,68304757138,,1000,1214,,4415.70,2,1999,R,798.0,1,5,1,2024-07-01,1655900,3668900,5324800,4160000
66127,Senneville,68304635722,,1000,1214,30.48,6194.20,1,2003,R,366.7,1,4,1,2024-07-01,2044100,1336600,3380700,2368800
66127,Senneville,68304636258,,1000,1214,30.48,7732.90,1,1966,R,384.1,1,1,1,2024-07-01,2203900,721700,2925600,2285600
66127,Senneville,68304585752,,1000,1214,,6733.60,2,2006,R,676.1,1,5,1,2024-07-01,2222100,3248100,5470200,4273600
66127,Senneville,68305528355,,1000,1214,87.13,7961.90,2,2017,R,602.6,1,5,1,2024-07-01,2388600,2208300,4596900,3591300
66127,Senneville,68308535647,,1000,1208,38.25,1490.30,2,2007,R,229.1,1,5,1,2024-07-01,484300,801600,1285900,1148100
66127,Senneville,68308575056,,1000,1208,27.43,1254.20,2,1957,R,233.7,1,5,1,2024-07-01,407600,525400,933000,833000
66127,Senneville,68308590303,,1000,1208,30.48,1393.50,1,1959,R,234.2,1,4,1,2024-07-01,452900,392600,845500,754900
66127,Senneville,68309413802,,1000,1208,30.48,1393.50,1,1956,R,310.5,1,4,1,2024-07-01,452900,686600,1139500,1017400
66127,Senneville,68309529060,,1000,1208,30.48,1393.50,1,1961,R,158.4,1,4,1,2024-07-01,452900,364800,817700,730100
66127,Senneville,68309361449,,1000,1208,39.47,1310.40,1,2016,R,249.0,1,4,1,2024-07-01,425900,935800,1361700,1215800
66127,Senneville,68309376694,,1000,1208,30.48,1323.90,1,1955,R,166.7,1,4,1,2024-07-01,430300,374500,804800,718600
66127,Senneville,68309470471,,1000,1208,35.05,1588.60,2,2018,R,411.7,1,5,1,2024-07-01,516300,1667700,2184000,1950000
66127,Senneville,68309486766,,1000,1208,30.48,1300.60,1,1974,R,233.9,1,4,1,2024-07-01,422700,480900,903600,806800
66127,Senneville,69300407215,,1000,1208,30.48,1393.50,1,1966,R,230.8,1,4,1,2024-07-01,452900,505900,958800,856100
66127,Senneville,69300423493,,1000,1208,35.05,1709.40,2,1956,R,310.8,1,2,1,2024-07-01,555600,455600,1011200,902900
66127,Senneville,69300595738,,1000,1208,33.53,2043.90,1,1920,R,291.3,1,4,1,2024-07-01,611100,773300,1384400,1236100
66127,Senneville,69301611005,,1000,1208,30.72,1872.70,2,1965,R,377.5,1,5,1,2024-07-01,578200,1089000,1667200,1488600
66127,Senneville,69301629296,,1000,1208,38.10,2322.60,1,1952,R,312.1,1,4,1,2024-07-01,649200,506900,1156100,1032200
66127,Senneville,69301655556,,1000,1208,30.48,1393.50,1,1947,R,195.4,1,4,1,2024-07-01,452900,419200,872100,778700
66127,Senneville,69301671819,,1000,1208,30.48,1393.50,1,1951,R,186.1,1,4,1,2024-07-01,452900,481400,934300,834200
66127,Senneville,69302703348,,1000,1208,30.48,1393.50,2,1951,R,169.4,1,4,1,2024-07-01,452900,239600,692500,618300
66127,Senneville,69302700708,,1000,1208,60.96,2787.00,1,1950,R,227.3,1,4,1,2024-07-01,679300,373100,1052400,939600
66127,Senneville,69302832220,,1000,1208,30.48,2787.00,1,1955,R,192.3,1,1,1,2024-07-01,679300,423800,1103100,984900
66127,Senneville,69302883629,,1000,1208,30.48,1393.50,2,1958,R,228.4,1,5,1,2024-07-01,452900,459200,912100,814400
66127,Senneville,69303800887,,1000,1208,30.48,1393.50,1,1954,R,294.6,1,4,1,2024-07-01,452900,652200,1105100,986700
66127,Senneville,69303916147,,1000,1208,30.48,1393.50,1,1960,R,257.3,1,4,1,2024-07-01,452900,623400,1076300,961000
66127,Senneville,69303932391,,1000,1208,30.48,1393.50,2,1959,R,279.6,1,5,1,2024-07-01,452900,606800,1059700,767600
66127,Senneville,69303948652,,1000,1208,30.48,1393.50,2,1951,R,178.1,1,5,1,2024-07-01,452900,359300,812200,725200
66127,Senneville,69303964915,,1000,1208,30.48,1393.50,2,1954,R,257.0,1,5,1,2024-07-01,452900,537200,990100,884000
66127,Senneville,69313077559,,1000,1208,30.48,2787.00,1,1952,R,246.9,1,4,1,2024-07-01,679300,310200,989500,883500
66127,Senneville,69314012753,,1000,1208,24.72,1652.70,1,1954,R,192.4,1,5,1,2024-07-01,537100,417700,954800,852500
66127,Senneville,68309275441,,1000,1208,61.46,1775.10,2,1995,R,503.6,1,5,1,2024-07-01,576900,1832900,2409800,2151600
66127,Senneville,68309295779,,1000,1208,42.49,1942.60,2,1947,R,305.4,1,5,1,2024-07-01,593500,516500,1110000,991100
66127,Senneville,69300315103,,1000,1208,30.48,1393.50,1,1956,R,198.3,1,4,1,2024-07-01,452900,529000,981900,876700
66127,Senneville,69300331357,,1000,1208,30.48,1393.50,1,1943,R,183.6,1,4,1,2024-07-01,452900,457300,910200,812700
66127,Senneville,69300348617,,1000,1208,30.48,1393.50,1,1943,R,235.9,1,4,1,2024-07-01,452900,705900,1158800,1034600
66127,Senneville,69300479131,,1000,1208,30.48,1393.50,1,1946,R,286.9,1,5,1,2024-07-01,452900,489600,942500,841500
66127,Senneville,69301548223,,1000,1208,36.58,1672.30,2,1918,R,219.4,1,5,1,2024-07-01,543500,511100,1054600,941600
66127,Senneville,69301594961,,1000,1208,30.48,1393.50,1,1955,R,213.4,1,4,1,2024-07-01,452900,416900,869800,776600
66127,Senneville,69302610220,,1000,1208,30.48,1393.50,1,1955,R,231.5,1,4,1,2024-07-01,452900,607900,1060800,947100
66127,Senneville,69302626481,,1000,1208,30.48,1393.50,1,1946,R,135.0,1,4,1,2024-07-01,452900,338400,791300,706500
66127,Senneville,69302643742,,1000,1208,30.48,1393.50,1,1951,R,199.7,1,4,1,2024-07-01,452900,516500,969400,865500
66127,Senneville,69302759001,,1000,1208,30.48,1393.50,2,1952,R,213.1,1,5,1,2024-07-01,452900,387900,840800,750700
66127,Senneville,69302775254,,1000,1208,30.48,1393.50,1,1954,R,271.7,1,4,1,2024-07-01,452900,525000,977900,873100
66127,Senneville,69302791517,,1000,1208,30.48,1393.50,1,1950,R,213.4,1,4,1,2024-07-01,452900,475700,928600,829100
66127,Senneville,69303707785,,1000,1208,30.48,1393.50,2,1963,R,258.9,1,5,1,2024-07-01,452900,568100,1021000,911600
66127,Senneville,69303824036,,1000,1208,30.48,1393.50,2,1961,R,198.9,1,2,1,2024-07-01,452900,320300,773200,690400
66127,Senneville,69303839299,,1000,1208,30.48,1393.50,1,1954,R,160.0,1,4,1,2024-07-01,452900,380400,833300,744000
66127,Senneville,69303855550,,1000,1208,30.48,1393.50,1,1952,R,329.1,1,4,1,2024-07-01,452900,736700,1189600,1062100
66127,Senneville,69303872811,,1000,1208,30.48,1393.50,1,1944,R,314.6,1,4,1,2024-07-01,452900,810200,1263100,1127800
66127,Senneville,69303988070,,1000,1208,30.48,1393.50,2,1953,R,273.9,1,4,1,2024-07-01,452900,492000,944900,843700
66127,Senneville,69304904324,,1000,1208,30.48,1393.50,1,1952,R,222.4,1,4,1,2024-07-01,452900,362500,815400,728000
66127,Senneville,69304920585,,1000,1208,30.48,1393.50,2,1956,R,249.0,1,2,1,2024-07-01,452900,369100,822000,733900
66127,Senneville,69304936847,,1000,1208,30.48,1393.50,2,1964,R,224.3,1,2,1,2024-07-01,452900,631900,1084800,968600
66127,Senneville,69314050118,,1000,1208,45.11,1539.70,2,1952,R,240.9,1,5,1,2024-07-01,500400,521000,1021400,912000
66127,Senneville,69300254856,,1000,1208,30.48,1393.50,1,1912,R,279.2,1,5,1,2024-07-01,452900,724800,1177700,1051500
66127,Senneville,69300370116,,1000,1208,30.48,1393.50,2,1912,R,192.8,1,4,1,2024-07-01,452900,290400,743300,663700
66127,Senneville,69300386377,,1000,1208,30.48,1393.50,2,1934,R,211.8,1,5,1,2024-07-01,452900,509100,962000,858900
66127,Senneville,69301303637,,1000,1208,30.48,1393.50,1,1930,R,221.5,1,4,1,2024-07-01,452900,502800,955700,853300
66127,Senneville,69301319898,,1000,1208,30.48,1393.50,2,1977,R,206.9,1,5,1,2024-07-01,452900,648100,1101000,983000
66127,Senneville,69301445180,,1000,1208,46.17,1404.70,2,1955,R,202.9,1,5,1,2024-07-01,456500,587300,1043800,932000
66127,Senneville,69302501197,,1000,1208,30.48,1393.50,1,1952,R,145.6,1,4,1,2024-07-01,452900,283400,736300,657400
66127,Senneville,69302517458,,1000,1208,30.48,1393.50,2,1951,R,272.0,1,5,1,2024-07-01,452900,624100,1077000,961600
66127,Senneville,69302533711,,1000,1208,30.48,1393.50,2,1951,R,277.6,1,4,1,2024-07-01,452900,522400,975300,870800
66127,Senneville,69302549972,,1000,1208,30.48,1393.50,2,1957,R,277.7,1,5,1,2024-07-01,452900,546400,999300,892200
66127,Senneville,69302666248,,1000,1208,30.48,1393.50,1,1956,R,294.2,1,4,1,2024-07-01,452900,566300,1019200,910000
66127,Senneville,69302682492,,1000,1208,30.48,1393.50,2,1950,R,219.2,1,5,1,2024-07-01,452900,386100,839000,749100
66127,Senneville,69302698761,,1000,1208,30.48,1393.50,1,1953,R,239.9,1,4,1,2024-07-01,452900,559900,1012800,904300
66127,Senneville,69303714013,,1000,1208,30.48,1393.50,1,1959,R,231.0,1,4,1,2024-07-01,452900,403800,856700,764900
66127,Senneville,69303730274,,1000,1208,30.48,1393.50,2,1956,R,174.4,1,5,1,2024-07-01,452900,284500,737400,658400
66127,Senneville,69303746536,,1000,1208,30.48,1393.50,1,1954,R,193.8,1,4,1,2024-07-01,452900,415400,868300,775300
66127,Senneville,69303762798,,1000,1208,30.48,1393.50,2,1953,R,263.4,1,2,1,2024-07-01,452900,463500,916400,818200
66127,Senneville,69303878057,,1000,1208,30.48,1393.50,1,1951,R,246.2,1,4,1,2024-07-01,452900,548300,1001200,893900
66127,Senneville,69303894310,,1000,1208,30.48,1393.50,2,1951,R,138.6,1,5,1,2024-07-01,452900,316000,768900,686500
66127,Senneville,69304810562,,1000,1208,30.48,1393.50,1,1953,R,243.5,1,4,1,2024-07-01,452900,350400,803300,717200
66127,Senneville,69304826824,,1000,1208,30.48,1393.50,2,1955,R,177.0,1,5,1,2024-07-01,452900,513900,966800,863200
66127,Senneville,69304943082,,1000,1208,30.48,1393.50,2,1951,R,251.3,1,5,1,2024-07-01,452900,610400,1063300,949400
66127,Senneville,69304959344,,1000,1208,30.48,1393.50,1,1954,R,216.8,1,4,1,2024-07-01,452900,611100,1064000,950000
66127,Senneville,69300135428,,1000,1208,36.44,1331.20,1,1976,R,383.1,1,4,1,2024-07-01,432600,1040800,1473400,1315500
66127,Senneville,69300184947,,1000,1208,91.44,5560.20,2,1915,R,466.7,1,4,1,2024-07-01,1084200,796700,1880900,1679400
66127,Senneville,69301216466,,1000,1208,30.48,1834.80,2,1918,R,275.5,1,5,1,2024-07-01,572500,451700,1024200,914500
66127,Senneville,69301232729,,1000,1208,30.48,1835.80,2,1963,R,284.6,1,5,1,2024-07-01,572800,698200,1271000,1134800
66127,Senneville,69301249970,,1000,1208,30.48,1880.40,1,1942,R,182.6,1,4,1,2024-07-01,580600,422200,1002800,895400
66127,Senneville,69301365230,,1000,1208,30.48,1899.90,2,1938,R,256.5,1,4,1,2024-07-01,586600,471500,1058100,944700
66127,Senneville,69301381492,,1000,1208,30.48,1890.60,2,1937,R,321.9,1,4,1,2024-07-01,583700,612600,1196300,1068100
66127,Senneville,69301388893,,1000,1208,45.74,1385.60,1,1946,R,186.8,1,4,1,2024-07-01,450300,433800,884100,789400
66127,Senneville,69302463844,,1000,1208,60.96,3688.30,2,1937,R,290.0,1,5,1,2024-07-01,779200,636500,1415700,1264000
66127,Senneville,69302588236,,1000,1208,30.48,1844.10,2,1953,R,402.7,1,5,1,2024-07-01,575400,804100,1379500,1231700
66127,Senneville,69303504489,,1000,1208,30.48,1844.10,1,1953,R,224.3,1,4,1,2024-07-01,575400,523000,1098400,980700
66127,Senneville,69303520741,,1000,1208,30.48,1844.10,1,1953,R,139.5,1,4,1,2024-07-01,575400,242300,817700,730100
66127,Senneville,69303636000,,1000,1208,30.48,1852.00,2,1986,R,324.9,1,5,1,2024-07-01,577800,734300,1312100,1171500
66127,Senneville,69303653260,,1000,1208,30.48,1868.30,1,1956,R,213.1,1,1,1,2024-07-01,582900,533200,1116100,996500
66127,Senneville,69303669522,,1000,1208,30.48,1878.00,1,1957,R,198.4,1,4,1,2024-07-01,579800,268700,848500,757600
66127,Senneville,69303685783,,1000,1208,30.48,1880.80,2,1954,R,278.5,1,5,1,2024-07-01,580700,639200,1219900,1089200
66127,Senneville,69304701043,,1000,1208,30.48,1883.10,2,1963,R,265.7,1,2,1,2024-07-01,581400,477600,1059000,945500
66127,Senneville,69304718294,,1000,1208,30.48,1885.00,2,1963,R,342.9,1,5,1,2024-07-01,582000,600000,1182000,1055400
66127,Senneville,69304734556,,1000,1208,30.48,1886.90,2,1955,R,203.7,1,5,1,2024-07-01,582600,263200,845800,755200
66127,Senneville,69304750818,,1000,1208,30.48,1889.20,1,1952,R,209.3,1,4,1,2024-07-01,583300,377800,961100,858100
66127,Senneville,69304867067,,1000,1208,30.48,1891.00,2,1951,R,223.7,1,5,1,2024-07-01,583800,247900,831700,742600
66127,Senneville,69304883338,,1000,1208,30.48,1892.00,1,1962,R,259.0,1,4,1,2024-07-01,584200,673200,1257400,1122700
66127,Senneville,69304899581,,1000,1208,30.48,1892.40,1,1951,R,227.5,1,4,1,2024-07-01,584300,335100,919400,820900
66127,Senneville,69305815842,,1000,1208,30.48,1897.50,1,1955,R,190.8,1,4,1,2024-07-01,585900,386800,972700,868500
66127,Senneville,69305935194,,1000,1208,57.91,2812.60,2,1956,R,239.0,1,2,1,2024-07-01,685600,431700,1117300,997600
66127,Senneville,69301026733,,1000,1208,36.58,1672.30,1,1975,R,125.9,1,1,1,2024-07-01,543500,282600,826100,737600
66127,Senneville,69300199226,,1000,1208,31.40,1584.90,2,1963,R,220.7,1,5,1,2024-07-01,515100,552700,1067800,953400
66127,Senneville,69301118522,,1000,1208,36.58,1444.50,2,1963,R,171.2,1,2,1,2024-07-01,469500,350900,820400,732500
66127,Senneville,69301137845,,1000,1208,36.58,1462.30,2,1963,R,249.9,1,5,1,2024-07-01,475200,550200,1025400,915500
66127,Senneville,69301256157,,1000,1208,36.58,1476.20,2,1963,R,209.3,1,5,1,2024-07-01,479800,520500,1000300,893100
66127,Senneville,69301275462,,1000,1208,36.58,1466.50,2,1955,R,259.6,1,5,1,2024-07-01,476600,735600,1212200,1082300
66127,Senneville,69301296773,,1000,1208,36.31,1405.40,2,1970,R,184.2,1,5,1,2024-07-01,456800,433400,890200,794800
66127,Senneville,69302318113,,1000,1208,45.72,1735.20,2,1963,R,274.2,1,5,1,2024-07-01,563900,580600,1144500,1021900
66127,Senneville,69302384321,,1000,1208,56.39,2354.60,2,1971,R,232.7,1,5,1,2024-07-01,665800,341200,1007000,899100
66127,Senneville,69301165168,,1000,1208,36.58,1415.80,2,1973,R,259.8,1,2,1,2024-07-01,460100,591200,1051300,938700
66127,Senneville,69301184474,,1000,1208,36.58,1415.80,2,1972,R,184.5,1,5,1,2024-07-01,460100,446200,906300,809200
66127,Senneville,69302103796,,1000,1208,36.58,1415.80,2,1967,R,200.9,1,5,1,2024-07-01,460100,560300,1020400,911100
66127,Senneville,69302223099,,1000,1208,73.14,1416.00,2,1967,R,284.2,1,5,1,2024-07-01,460200,660200,1120400,1000400
66127,Senneville,69302244434,,1000,1208,42.67,1651.80,2,1969,R,245.1,1,5,1,2024-07-01,536800,702800,1239600,1106800
66127,Senneville,69302265769,,1000,1208,36.58,1415.80,2,1965,R,222.0,1,5,1,2024-07-01,460100,462200,922300,823500
66127,Senneville,69301048265,,1000,1208,36.58,1861.80,1,1944,R,315.2,1,4,1,2024-07-01,580900,544600,1125500,1004900
66127,Senneville,69301065608,,1000,1208,50.90,1706.60,2,1953,R,290.0,1,5,1,2024-07-01,554600,451900,1006500,898700
66127,Senneville,69301097957,,1000,1208,33.53,1297.90,2,1955,R,182.8,1,2,1,2024-07-01,421800,301200,723000,645500
66127,Senneville,69302116269,,1000,1208,39.62,1533.80,1,1920,R,138.8,1,4,1,2024-07-01,498500,174600,673100,601000
66127,Senneville,69302136580,,1000,1208,36.58,1415.80,2,1957,R,218.2,1,2,1,2024-07-01,460100,462700,922800,823900
66032,Westmount,96398028348,,1000,0258,,1162.30,2,1912,R,607.6,1,4,1,2024-07-01,3579900,10930700,14510600,14226100
66032,Westmount,96398068468,,1000,0258,26.37,636.90,2,1976,R,356.6,1,5,1,2024-07-01,1605000,2885300,4490300,4402300
66032,Westmount,96388949800,,1000,0258,9.53,754.70,2,1924,R,348.0,1,5,1,2024-07-01,1901800,2043100,3944900,3867500
66032,Westmount,96388974659,,1000,0258,40.54,1812.20,2,1929,R,578.3,1,4,1,2024-07-01,3298200,5178000,8476200,8310000
66032,Westmount,96388998518,,1000,0258,16.76,751.00,2,1923,R,402.6,1,4,1,2024-07-01,1892500,2269100,4161600,4080000
66032,Westmount,97389241502,,1000,0237,7.32,205.10,2,1901,R,217.0,2,5,1,2024-07-01,406100,1010600,1416700,1349200
66032,Westmount,97389247459,,1000,0237,6.86,192.30,2,1901,R,254.5,4,5,2,2024-07-01,423100,1200300,1623400,1591600
66032,Westmount,97389252418,,1000,0237,6.40,179.50,2,1899,E,172.4,4,5,1,2024-07-01,394900,1042200,1437100,1368700
66032,Westmount,97389257375,,1000,0237,6.45,181.50,2,1899,E,174.9,4,5,1,2024-07-01,399300,1139400,1538700,1465400
66032,Westmount,97389262334,,1000,0237,6.40,179.50,2,1898,E,163.7,4,5,1,2024-07-01,394900,1167700,1562600,1488200
66032,Westmount,97389267309,,1000,0237,6.40,179.50,2,1899,E,167.2,4,5,1,2024-07-01,394900,1000400,1395300,1328900
66032,Westmount,97389272267,,1000,0237,6.10,170.90,2,1898,E,156.3,4,5,1,2024-07-01,376000,866800,1242800,1183600
66032,Westmount,97389278223,,1000,0237,7.62,213.70,2,1898,E,199.4,4,5,1,2024-07-01,470100,1210200,1680300,1600300
66032,Westmount,97389283173,,1000,0237,6.10,170.90,2,1898,E,157.6,4,5,1,2024-07-01,376000,917500,1293500,1231900
66032,Westmount,97389288149,,1000,0237,6.10,170.90,3,1898,E,209.9,4,5,1,2024-07-01,376000,1108500,1484500,1413800
66032,Westmount,97389293107,,1000,0237,6.10,170.90,2,1898,E,159.5,4,5,1,2024-07-01,376000,1152200,1528200,1455400
66032,Westmount,97389298064,,1000,0237,6.10,170.90,2,1898,E,153.5,4,5,1,2024-07-01,376000,848600,1224600,1166300
66032,Westmount,98380203038,,1000,0237,6.10,170.90,2,1898,E,159.8,4,5,1,2024-07-01,376000,1008500,1384500,1318600
66032,Westmount,98380107999,,1000,0237,6.10,170.90,2,1898,E,153.5,4,5,1,2024-07-01,338400,871200,1209600,1152000
66032,Westmount,98380112957,,1000,0237,6.10,170.90,2,1898,E,165.2,4,5,1,2024-07-01,319600,995500,1315100,1252500
66032,Westmount,97389269842,,1000,0237,9.75,288.80,3,1922,R,459.9,1,5,4,2024-07-01,635400,1885500,2520900,2520900
66032,Westmount,97389284726,,1000,0237,9.91,290.50,2,1925,R,271.4,2,5,2,2024-07-01,639100,876100,1515200,1485500
66032,Westmount,97389291671,,1000,0237,7.62,225.20,2,1902,R,249.2,4,5,1,2024-07-01,495400,1189700,1685100,1604900
66032,Westmount,97389297629,,1000,0237,6.10,178.00,2,1903,R,172.2,4,5,1,2024-07-01,391600,939000,1330600,1267200
66032,Westmount,98380202584,,1000,0237,7.01,204.10,2,1898,E,204.2,4,5,1,2024-07-01,449000,1017100,1466100,1396300
66032,Westmount,98380207542,,1000,0237,6.10,177.00,2,1903,R,171.3,4,5,1,2024-07-01,389400,1020600,1410000,1342900
66032,Westmount,98380212518,,1000,0237,6.10,176.60,2,1903,R,170.9,4,5,1,2024-07-01,388500,925200,1313700,1251100
66032,Westmount,98380216477,,1000,0237,6.10,176.10,2,1903,R,171.3,4,5,1,2024-07-01,387400,1038100,1425500,1357600
66032,Westmount,98380221436,,1000,0237,6.45,186.00,2,1905,R,226.1,4,5,1,2024-07-01,409200,1607200,2016400,1920400
66032,Westmount,98380226393,,1000,0237,,184.00,2,1905,R,235.6,4,5,2,2024-07-01,404800,876300,1281100,1256000
66032,Westmount,98380232359,,1000,0237,6.43,184.20,2,1905,R,245.8,4,5,2,2024-07-01,405200,990100,1395300,1367900
66032,Westmount,98380237317,,1000,0237,,183.70,2,1905,R,235.6,4,5,2,2024-07-01,363700,1149100,1512800,1483100
66032,Westmount,98380247233,,1000,0237,6.43,182.70,2,1905,R,235.6,4,5,3,2024-07-01,321600,955200,1276800,1251800
66032,Westmount,98380254197,,1000,0237,7.81,291.00,2,1905,R,320.0,2,5,3,2024-07-01,448100,1090000,1538100,1507900
66032,Westmount,97389390119,,1000,0237,7.62,213.70,2,1899,E,218.0,2,5,1,2024-07-01,470100,1213700,1683800,1603600
66032,Westmount,97389395076,,1000,0237,7.01,196.60,2,1899,E,239.7,4,5,2,2024-07-01,432500,889200,1321700,1295800
66032,Westmount,98380301022,,1000,0237,7.01,197.30,2,1914,R,225.4,4,5,1,2024-07-01,434100,1036000,1470100,1400100
66032,Westmount,98380206981,,1000,0237,,179.50,2,1897,E,201.0,2,5,1,2024-07-01,394900,1184800,1579700,1504500
66032,Westmount,98380213938,,1000,0237,10.97,307.60,2,1894,E,333.3,2,4,1,2024-07-01,676700,1511800,2188500,2084300
66032,Westmount,98380220875,,1000,0237,6.71,188.00,2,1898,E,259.1,4,4,1,2024-07-01,413600,1264200,1677800,1597900
66032,Westmount,98380226831,,1000,0237,7.62,213.70,2,1898,E,249.5,4,5,1,2024-07-01,470100,1283700,1753800,1670300
66032,Westmount,98380232789,,1000,0237,7.62,213.70,2,1897,R,297.7,4,5,2,2024-07-01,470100,1055500,1525600,1495700
66032,Westmount,98380237747,,1000,0237,6.86,192.30,2,1898,E,178.1,4,5,1,2024-07-01,423100,1034100,1457200,1387800
66032,Westmount,98380243703,,1000,0237,,192.30,2,1898,E,182.8,4,5,1,2024-07-01,423100,1086300,1509400,1437500
66032,Westmount,98380248660,,1000,0237,,170.90,2,1898,E,198.8,4,5,1,2024-07-01,376000,1077300,1453300,1384100
66032,Westmount,98380253629,,1000,0237,,171.00,2,1898,E,148.6,4,5,1,2024-07-01,376200,905900,1282100,1221000
66032,Westmount,98380257588,,1000,0237,,170.90,2,1898,E,148.6,4,5,1,2024-07-01,376000,859200,1235200,1176400
66032,Westmount,98380262547,,1000,0237,6.10,171.00,2,1895,E,148.6,4,5,1,2024-07-01,338600,1045900,1384500,1318600
66032,Westmount,98380267504,,1000,0237,7.62,213.70,2,1896,E,251.0,4,5,2,2024-07-01,399600,1191700,1591300,1560100
66032,Westmount,98380273452,,1000,0237,7.62,213.70,2,1896,E,218.3,4,5,2,2024-07-01,376100,732900,1109000,1087300
66032,Westmount,98380280416,,1000,0237,9.63,209.40,2,1896,E,227.4,2,5,2,2024-07-01,322500,1071200,1393700,1366400
66032,Westmount,98380317473,,1000,0237,7.62,236.90,2,1910,R,234.8,2,5,1,2024-07-01,521200,1200800,1722000,1640000
66032,Westmount,98380335335,,1000,0237,,370.70,2,1927,R,268.9,2,5,2,2024-07-01,815500,883000,1698500,1665200
66032,Westmount,98380344261,,1000,0237,,401.50,2,1927,R,271.3,2,5,2,2024-07-01,883300,967100,1850400,1814100
66032,Westmount,98380352207,,1000,0237,,199.00,2,1910,R,170.0,2,5,1,2024-07-01,437800,829600,1267400,1207000
66032,Westmount,98380357164,,1000,0237,,199.00,2,1909,R,158.7,4,5,1,2024-07-01,437800,940300,1378100,1312500
66032,Westmount,98380362123,,1000,0237,,196.60,2,1909,R,158.7,4,5,1,2024-07-01,432500,1051700,1484200,1413500
66032,Westmount,98380367080,,1000,0237,,196.60,2,1909,R,158.6,4,5,1,2024-07-01,432500,853600,1286100,1224900
66032,Westmount,98380372049,,1000,0237,6.32,196.60,2,1909,R,168.7,4,5,1,2024-07-01,432500,1064600,1497100,1425800
66032,Westmount,98380377006,,1000,0237,5.94,184.80,2,1896,E,177.0,2,5,1,2024-07-01,406600,1111300,1517900,1445600
66032,Westmount,98380281976,,1000,0237,5.94,184.80,2,1896,E,173.2,4,5,1,2024-07-01,406600,836700,1243300,1184100
66032,Westmount,98380286934,,1000,0237,5.94,184.80,2,1896,E,172.1,4,5,1,2024-07-01,406600,878700,1285300,1224100
66032,Westmount,98380291892,,1000,0237,5.94,184.80,2,1896,E,171.8,4,5,1,2024-07-01,406600,1133600,1540200,1466900
66032,Westmount,98380295869,,1000,0237,5.94,184.80,2,1896,E,172.1,4,5,1,2024-07-01,365900,936100,1302000,1240000
66032,Westmount,98381200827,,1000,0237,5.94,184.80,2,1896,E,170.6,4,5,1,2024-07-01,345600,906100,1251700,1192100
66032,Westmount,98381205784,,1000,0237,5.94,184.80,2,1896,E,172.1,4,5,1,2024-07-01,325200,1067500,1392700,1326400
66032,Westmount,98381211758,,1000,0237,5.03,249.60,2,1896,E,171.0,2,5,1,2024-07-01,384400,871800,1256200,1196400
66032,Westmount,97383708423,,1000,0252,8.38,336.50,2,1900,E,360.7,2,4,1,2024-07-01,858100,2119400,2977500,2682400
66032,Westmount,97383720444,,1000,0252,23.81,421.10,3,1900,E,404.8,2,4,1,2024-07-01,1073800,2065100,3138900,2827800
66032,Westmount,97383733371,,1000,0252,,1063.70,3,1897,E,483.1,1,5,1,2024-07-01,2712400,2189900,4902300,4416500
66032,Westmount,97383750300,,1000,0252,15.97,766.70,2,1895,E,286.5,2,5,1,2024-07-01,1955100,1136100,3091200,2784900
66032,Westmount,97383764244,,1000,0252,16.79,689.10,2,1895,E,254.5,2,5,1,2024-07-01,1581500,983000,2564500,2310400
66032,Westmount,97383777105,,1000,0252,14.78,750.80,2,1910,R,536.8,1,5,1,2024-07-01,1914500,3852700,5767200,5195700
66032,Westmount,97383696982,,1000,0252,28.91,1451.90,2,1895,E,450.7,1,4,1,2024-07-01,2850800,1913100,4763900,4291800
66032,Westmount,97384621831,,1000,0252,29.56,1458.00,2,1911,R,644.5,1,5,1,2024-07-01,3346100,3920100,7266200,6546100
66032,Westmount,97384639726,,1000,0252,12.56,620.20,2,1919,R,266.0,2,5,1,2024-07-01,1581500,1230500,2812000,2533300
66032,Westmount,97384652653,,1000,0252,17.34,856.20,2,1919,R,292.5,2,5,1,2024-07-01,2183300,1293700,3477000,3132400
66032,Westmount,97384663585,,1000,0252,9.69,478.30,2,1965,R,351.0,2,5,1,2024-07-01,1219700,1861700,3081400,2776000
66032,Westmount,97384671539,,1000,0252,9.69,477.70,2,1965,R,350.4,2,5,1,2024-07-01,1218100,2111900,3330000,3000000
66032,Westmount,97384679482,,1000,0252,9.69,477.10,2,1965,R,350.4,2,5,1,2024-07-01,1216600,1317600,2534200,2283100
66032,Westmount,97384687436,,1000,0252,9.69,476.50,2,1965,R,350.4,2,5,1,2024-07-01,802000,1196200,1998200,1800200
66032,Westmount,97385614355,,1000,0291,56.26,1993.40,8,1952,R,7546.3,,,69,2024-07-01,2392100,20607900,23000000,23350000
66032,Westmount,97383772825,,1000,0252,30.99,1097.10,2,1890,E,479.3,1,4,1,2024-07-01,2657700,1145400,3803100,3426200
66032,Westmount,97383796683,,1000,0252,22.84,1071.40,3,1910,R,711.6,2,5,1,2024-07-01,2322300,3431500,5753800,5183600
66032,Westmount,97384712598,,1000,0252,,590.20,3,1910,R,485.4,2,4,1,2024-07-01,1505000,2879500,4384500,3950000
66032,Westmount,97384727497,,1000,0252,16.76,812.10,2,1897,E,564.6,2,4,1,2024-07-01,2070900,3434700,5505600,4960000
66032,Westmount,97384734444,,1000,0252,8.23,397.30,2,1897,E,334.1,4,5,1,2024-07-01,1013100,1634800,2647900,2385500
66032,Westmount,97384741407,,1000,0252,8.23,396.50,2,1895,E,295.9,4,5,1,2024-07-01,1011100,1438700,2449800,2207000
66032,Westmount,97384753345,,1000,0252,13.34,638.90,3,1897,E,669.9,2,4,1,2024-07-01,1629200,3497600,5126800,4618700
66032,Westmount,97384764284,,1000,0252,13.34,637.00,2,1897,E,489.8,1,5,1,2024-07-01,1624400,1915800,3540200,3189400
66032,Westmount,97384777203,,1000,0252,19.71,934.50,2,1890,E,494.2,1,4,1,2024-07-01,2383000,3606300,5989300,5395800
66032,Westmount,97384792111,,1000,0252,15.24,722.90,2,1912,R,503.2,1,4,1,2024-07-01,1843400,2240000,4083400,3678700
66032,Westmount,97385703042,,1000,0252,11.21,549.90,2,1963,R,350.4,2,5,1,2024-07-01,1402200,1943100,3345300,3013800
66032,Westmount,97385613985,,1000,0252,11.21,526.60,2,1963,R,338.7,2,5,1,2024-07-01,1342800,1545400,2888200,2602000
66032,Westmount,97385622929,,1000,0252,11.21,524.90,2,1963,R,352.5,2,5,1,2024-07-01,1338500,1973600,3312100,2983900
66032,Westmount,97385632878,,1000,0252,11.21,514.60,2,1963,R,351.8,2,5,1,2024-07-01,1312200,2362700,3674900,3310700
66032,Westmount,97385645797,,1000,0252,20.59,956.30,2,1863,E,415.8,1,4,1,2024-07-01,2194700,1381400,3576100,3221700
66032,Westmount,97385670639,,1000,0291,24.24,1234.70,6,1921,R,3870.0,,,43,2024-07-01,1481600,12518400,14000000,13300000
66032,Westmount,97391029507,,1000,0252,42.68,651.20,2,1926,R,307.0,1,5,1,2024-07-01,1660600,1453900,3114500,2805900
66032,Westmount,97391070212,,1000,0252,24.23,541.90,2,1920,R,328.3,1,4,1,2024-07-01,1381800,1272100,2653900,2390900
66032,Westmount,97381994967,,1000,0252,9.82,388.20,2,1910,R,294.3,2,5,1,2024-07-01,989900,2032200,3022100,2722600
66032,Westmount,97382906895,,1000,0252,18.29,718.40,2,1921,R,412.6,1,5,1,2024-07-01,1831900,1656500,3488400,3142700
66032,Westmount,97382934830,,1000,0252,35.05,671.70,2,1922,R,602.7,1,4,1,2024-07-01,1712800,2074700,3787500,3412200
66032,Westmount,97382978464,,1000,0252,42.00,2099.80,2,1911,R,757.0,1,4,1,2024-07-01,4551300,4865500,9416800,8483600
66032,Westmount,97383917271,,1000,0252,36.44,1782.30,2,1896,E,469.9,1,5,1,2024-07-01,2954200,3785700,6739900,6072000
66032,Westmount,97383982523,,1000,0252,45.89,527.70,2,1960,R,228.5,1,5,1,2024-07-01,1345600,1263900,2609500,2350900
66032,Westmount,97384913584,,1000,0252,24.47,544.80,2,1960,R,253.1,1,5,1,2024-07-01,1389200,1146000,2535200,2284000
66032,Westmount,97384901423,,1000,0252,19.55,431.10,2,1960,R,285.4,1,5,1,2024-07-01,1099300,2228400,3327700,2997900
66032,Westmount,97383973407,,1000,0252,14.63,1122.60,2,1909,R,457.5,1,5,1,2024-07-01,2290100,2398500,4688600,4224000
66032,Westmount,97383960107,,1000,0252,18.90,1143.00,2,1896,E,441.0,1,4,1,2024-07-01,2331700,1565700,3897400,3511200
66032,Westmount,97383849912,,1000,0252,22.05,1333.30,2,1896,E,439.5,1,4,1,2024-07-01,2379900,1905900,4285800,3861100
66032,Westmount,97383857477,,1000,0252,48.92,1717.70,2,1890,E,269.0,1,4,1,2024-07-01,2409100,1572000,3981100,3586600
66032,Westmount,97383787963,,1000,0252,,565.20,2,1890,E,336.9,1,5,1,2024-07-01,1441300,1870100,3311400,2983200
66032,Westmount,97385683764,,1000,0291,41.07,343.00,3,1890,E,442.2,2,5,4,2024-07-01,411600,1648400,2060000,2060000
66032,Westmount,97392088049,,1000,0252,7.16,275.10,2,1906,R,226.6,2,5,1,2024-07-01,701500,874700,1576200,1420000
66032,Westmount,97382996995,,1000,0252,9.75,374.60,2,1906,R,212.4,2,5,1,2024-07-01,955200,1042100,1997300,1799400
66032,Westmount,97383908924,,1000,0252,17.68,678.90,2,1912,R,294.9,1,5,1,2024-07-01,1731200,1412100,3143300,2831800
66032,Westmount,97383918865,,1000,0252,,335.10,2,1910,R,207.7,2,5,1,2024-07-01,854500,1014400,1868900,1683700
66032,Westmount,97383931918,,1000,0252,11.83,517.80,2,1910,R,299.7,2,5,1,2024-07-01,1320400,1265200,2585600,2329400
66032,Westmount,97383939838,,1000,0252,,496.30,2,1910,R,292.5,2,4,1,2024-07-01,1265600,1350100,2615700,2356500
66032,Westmount,97383955925,,1000,0252,11.75,419.40,2,1910,R,295.4,2,4,1,2024-07-01,1069500,2338500,3408000,3070300
66032,Westmount,97393065004,,1000,0252,18.29,859.40,2,1939,R,282.0,1,5,1,2024-07-01,1972300,1591700,3564000,3210800
66032,Westmount,97383996960,,1000,0252,40.98,876.30,2,1890,E,377.8,1,4,1,2024-07-01,2234600,2261800,4496400,4050800
66032,Westmount,97384813156,,1000,0251,45.48,329.10,2,1912,R,283.4,2,5,1,2024-07-01,839200,1956800,2796000,2518900
66032,Westmount,97384845018,,1000,0251,6.71,204.40,2,1890,E,198.5,2,5,1,2024-07-01,521200,1741300,2262500,2038300
66032,Westmount,97384751976,,1000,0251,6.71,204.40,2,1890,E,202.7,4,5,1,2024-07-01,521200,1976200,2497400,2249900
66032,Westmount,97384756942,,1000,0251,6.71,183.90,2,1890,E,215.0,4,5,1,2024-07-01,468900,1243400,1712300,1542600
66032,Westmount,97384761900,,1000,0251,6.71,183.90,2,1890,E,217.0,4,5,1,2024-07-01,468900,2135200,2604100,2346000
66032,Westmount,97384767873,,1000,0251,6.71,183.90,2,1890,E,217.0,2,5,1,2024-07-01,468900,2487500,2956400,2663400
66032,Westmount,97384781791,,1000,0251,15.24,488.30,2,1890,E,282.0,2,5,1,2024-07-01,1245200,2413200,3658400,3295900
66032,Westmount,97384791733,,1000,0251,7.62,244.80,2,1890,E,333.5,4,5,2,2024-07-01,624200,1089400,1713600,1713600
66032,Westmount,97384798704,,1000,0251,7.62,245.30,2,1890,E,331.1,4,5,2,2024-07-01,625500,999000,1624500,1624500
66032,Westmount,97385704669,,1000,0251,7.62,245.60,3,1890,E,407.6,4,5,3,2024-07-01,626300,873700,1500000,1500000
66032,Westmount,97385711623,,1000,0251,7.62,246.00,2,1890,E,252.1,4,5,1,2024-07-01,627300,1517300,2144600,1932100
66032,Westmount,97385717588,,1000,0251,7.62,246.40,2,1890,E,231.4,4,5,1,2024-07-01,628300,2424900,3053200,2750600
66032,Westmount,97385723545,,1000,0251,7.62,246.80,2,1890,E,240.4,4,5,1,2024-07-01,629300,1555200,2184500,1968000
66032,Westmount,97385730508,,1000,0251,7.62,247.20,2,1890,E,246.3,4,5,1,2024-07-01,630400,1519300,2149700,1936700
66032,Westmount,97385736463,,1000,0251,7.62,247.60,2,1900,E,251.4,4,5,1,2024-07-01,631400,1748200,2379600,2143800
66032,Westmount,97385743428,,1000,0251,7.62,248.00,2,1890,E,244.3,4,5,1,2024-07-01,632400,1653200,2285600,2059100
66032,Westmount,97385750381,,1000,0251,7.62,248.30,2,1900,E,277.6,4,5,1,2024-07-01,633200,1355900,1989100,1792000
66032,Westmount,97385758335,,1511,0251,7.62,248.70,3,1891,E,309.9,4,5,2,2024-07-01,634200,709300,1343500,1291800
66032,Westmount,97385764291,,1000,0251,7.62,249.10,2,1900,E,248.9,4,5,1,2024-07-01,635200,1960600,2595800,2338600
66032,Westmount,97385771254,,1000,0251,7.62,249.40,2,1890,E,236.7,4,5,1,2024-07-01,636000,1494300,2130300,1919200
66032,Westmount,97385777210,,1000,0251,7.62,249.80,2,1890,E,244.7,4,5,1,2024-07-01,637000,1420100,2057100,1853200
66032,Westmount,97385783184,,1000,0251,6.10,200.20,3,1890,E,239.1,4,5,1,2024-07-01,510500,1084300,1594800,1436800
66032,Westmount,97385787151,,1000,0251,6.10,200.50,3,1890,E,399.8,2,5,2,2024-07-01,511300,1929500,2440800,2440800
66032,Westmount,97386579979,,1000,0267,6.10,251.10,2,1930,R,226.3,4,,1,2024-07-01,552400,1863300,2415700,2196100
66032,Westmount,97386584946,,1000,0267,6.10,260.10,2,1890,E,242.8,,,1,2024-07-01,572200,1842500,2414700,2195200
66032,Westmount,97386591925,,1000,0267,6.05,237.00,4,1984,R,584.7,,,1,2024-07-01,521400,3032300,3553700,3230600
66032,Westmount,97387506807,,1000,0267,21.34,878.10,3,1932,R,1712.9,,,12,2024-07-01,1931800,4601600,6533400,6282100
66032,Westmount,98380340764,,1000,0237,6.50,202.20,2,1895,E,170.8,2,5,1,2024-07-01,311400,1083900,1395300,1328900
66032,Westmount,98380345722,,1000,0237,,199.00,2,1895,E,174.6,4,5,1,2024-07-01,306500,1179500,1486000,1415200
66032,Westmount,98380350680,,1000,0237,,195.80,2,1896,E,157.2,4,5,1,2024-07-01,301500,1166300,1467800,1397900
66032,Westmount,98380355648,,1000,0237,,195.80,2,1896,E,159.9,4,5,1,2024-07-01,301500,1082100,1383600,1317700
66032,Westmount,98380360606,,1000,0237,,195.80,2,1896,E,159.9,4,5,1,2024-07-01,301500,1049000,1350500,1286200
66032,Westmount,98380365563,,1000,0237,6.30,195.80,2,1896,E,168.7,4,5,1,2024-07-01,301500,1060800,1362300,1297400
66032,Westmount,98380370522,,1000,0237,7.62,236.90,2,1901,R,269.7,4,5,3,2024-07-01,364800,1252200,1617000,1585300
66032,Westmount,98380376479,,1000,0237,7.62,236.90,2,1901,R,273.4,4,5,3,2024-07-01,364800,967800,1332600,1306500
66032,Westmount,98380382436,,1000,0237,7.62,236.90,2,1901,R,255.4,4,5,2,2024-07-01,364800,1072900,1437700,1409500
66032,Westmount,98380388383,,1000,0237,7.62,236.90,2,1897,E,198.0,4,5,1,2024-07-01,364800,1054200,1419000,1351400
66032,Westmount,98380394332,,1000,0237,7.62,236.90,2,1899,E,196.1,2,5,1,2024-07-01,364800,1203400,1568200,1493500
66032,Westmount,97386661678,,1000,0267,27.95,1086.70,4,1918,R,2650.3,,,15,2024-07-01,2390700,8154900,10545600,10140000
66032,Westmount,97387625300,,1000,0267,7.62,230.30,3,1926,R,457.3,2,,3,2024-07-01,506700,3001300,3508000,3189100
66032,Westmount,97387638220,,1000,0267,7.62,230.20,3,1921,R,166.0,,,1,2024-07-01,506400,1132100,1638500,1489500
66032,Westmount,97388597243,,1000,0267,5.69,191.60,2,1890,E,114.3,4,5,1,2024-07-01,421500,1644600,2066100,2025600
66032,Westmount,98380453229,,1000,0237,,187.50,2,1914,R,192.3,2,5,1,2024-07-01,288800,1088600,1377400,1311800
66032,Westmount,98380458186,,1000,0237,,186.30,2,1914,R,192.3,2,5,1,2024-07-01,286900,1023900,1310800,1248400
66032,Westmount,98380465074,,1000,0237,6.10,112.00,2,1898,E,181.0,2,5,1,2024-07-01,172500,1258000,1430500,1362400
66032,Westmount,98380469035,,1000,0237,,110.60,2,1898,E,188.1,4,5,1,2024-07-01,170300,1102700,1273000,1212400
66032,Westmount,98380374995,,1000,0237,,107.90,2,1898,E,173.2,4,5,1,2024-07-01,166200,955900,1122100,1068700
66032,Westmount,98380379960,,1000,0237,6.07,108.00,2,1898,E,186.7,4,5,1,2024-07-01,166300,1066000,1232300,1173600
66032,Westmount,98380384929,,1000,0237,6.18,109.30,2,1896,E,187.0,4,5,1,2024-07-01,168300,1176200,1344500,1280500
66032,Westmount,98380388888,,1000,0237,,105.90,2,1898,E,157.9,2,5,1,2024-07-01,163100,1004800,1167900,1112300
66032,Westmount,98381345564,,1000,0237,7.16,263.50,2,1896,E,229.3,2,5,1,2024-07-01,405800,1512100,1917900,1826600
66032,Westmount,98381350515,,1000,0237,8.08,282.00,2,1896,E,208.5,2,5,1,2024-07-01,434300,1203900,1638200,1560200
66032,Westmount,97384870347,,1000,0251,15.65,406.40,2,1930,E,297.8,1,5,1,2024-07-01,1036300,2173000,3209300,2891300
66032,Westmount,97384884256,,1000,0251,,233.20,1,1950,R,160.7,5,5,1,2024-07-01,594700,792400,1387100,1195800
66032,Westmount,97384884256,,1000,0251,,233.20,1,1950,R,120.0,5,5,1,2024-07-01,594700,877300,1472000,1269000
66032,Westmount,97385811050,,1000,0251,7.62,243.90,3,1897,E,278.7,4,5,1,2024-07-01,621900,2559900,3181800,2866500
66032,Westmount,97385818014,,1000,0251,7.62,243.90,3,1897,E,305.1,4,5,1,2024-07-01,621900,2980400,3602300,3245300
66032,Westmount,97385724980,,1000,0251,7.62,243.90,2,1910,R,288.3,4,5,1,2024-07-01,621900,1833100,2455000,2211700
66032,Westmount,97385730946,,1000,0251,7.62,243.90,2,1910,R,318.3,4,5,1,2024-07-01,621900,2401600,3023500,2723900
66032,Westmount,97385737909,,1000,0251,7.62,243.90,2,1897,E,271.8,4,5,1,2024-07-01,621900,1739100,2361000,2127000
66032,Westmount,97385743865,,1000,0251,7.62,243.90,2,1897,E,317.7,4,5,1,2024-07-01,621900,1712300,2334200,2102900
66032,Westmount,97385750829,,1000,0251,7.62,243.90,2,1896,E,278.8,4,5,1,2024-07-01,621900,2124200,2746100,2474000
66032,Westmount,97385756784,,1000,0251,7.62,243.90,3,1895,E,334.7,4,5,1,2024-07-01,621900,1968700,2590600,2333900
66032,Westmount,97385763749,,1000,0251,7.62,243.90,3,1895,E,336.8,4,5,1,2024-07-01,621900,2820300,3442200,3101100
66032,Westmount,97385769704,,1000,0251,7.62,243.90,2,1895,E,238.4,4,5,1,2024-07-01,621900,1828500,2450400,2207600
66032,Westmount,97385776667,,1000,0251,7.62,243.90,2,1902,R,260.9,4,5,1,2024-07-01,621900,1837600,2459500,2215800
66032,Westmount,97385782624,,1000,0251,7.62,243.90,2,1902,R,281.5,4,5,1,2024-07-01,621900,1869600,2491500,2244600
66032,Westmount,97385789587,,1000,0251,7.62,243.90,2,1894,E,231.0,4,5,1,2024-07-01,621900,2242600,2864500,2580600
66032,Westmount,97385797549,,1000,0251,7.62,243.90,2,1894,E,244.3,4,5,1,2024-07-01,621900,2299400,2921300,2631800
66032,Westmount,97386703504,,1000,0251,6.10,195.10,2,1896,E,199.9,4,5,1,2024-07-01,497500,1389900,1887400,1700400
66032,Westmount,97386707471,,1000,0251,6.10,195.10,2,1894,E,234.7,2,5,1,2024-07-01,497500,1755800,2253300,2030000
66032,Westmount,97387611821,,1000,0239,6.15,207.00,2,1895,E,180.6,2,5,1,2024-07-01,496800,867700,1364500,1499400
66032,Westmount,97387617794,,1000,0239,6.15,207.00,2,1895,E,181.0,4,5,1,2024-07-01,496800,1140300,1637100,1799000
66032,Westmount,97387622752,,1000,0239,6.10,205.30,2,1895,E,181.0,4,5,1,2024-07-01,492700,1154900,1647600,1810500
66032,Westmount,97387627728,,1000,0239,6.10,205.30,2,1919,R,175.6,4,5,1,2024-07-01,492700,959700,1452400,1596000
66032,Westmount,97387632694,,1000,0239,6.22,209.50,2,1895,E,180.8,4,5,1,2024-07-01,502800,1246900,1749700,1922800
66032,Westmount,97387638659,,1000,0239,7.62,256.60,2,1895,E,278.3,2,5,1,2024-07-01,615800,1302200,1918000,2107700
