{"type":"FeatureCollection","features":[{"type":"Feature","properties":{"sector_id":"1"},"geometry":{"type":"MultiPolygon","coordinates":[[[[-73.975839,45.423937],[-73.975827,45.423983],[-73.975763,45.424019],[-73.975662,45.424082],[-73.975598,45.4241],[-73.975534,45.42411],[-73.975458,45.42411],[-73.975368,45.424137],[-73.975305,45.424156],[-73.975215,45.424174],[-73.975139,45.424174],[-73.975278,45.424102],[-73.975342,45.424084],[-73.975431,45.424038],[-73.975495,45.424002],[-73.975622,45.423956],[-73.975698,45.423893],[-73.975749,45.423857],[-73.975826,45.423893],[-73.975839,45.423937]]],[[[-73.973253,45.421762],[-73.973215,45.421807],[-73.973151,45.421816],[-73.973061,45.421789],[-73.972984,45.421718],[-73.972907,45.421673],[-73.972779,45.42162],[-73.972715,45.421593],[-73.972574,45.421548],[-73.972484,45.421567],[-73.972459,45.421621],[-73.972421,45.421666],[-73.972357,45.421657],[-73.972281,45.42164],[-73.972191,45.421595],[-73.972114,45.421568],[-73.972062,45.421533],[-73.972062,45.421479],[-73.972062,45.421425],[-73.972061,45.421371],[-73.972055,45.421331],[-73.972048,45.42129],[-73.971988,45.421215],[-73.971983,45.421209],[-73.971919,45.421182],[-73.971829,45.421192],[-73.971727,45.421201],[-73.971651,45.42121],[-73.971574,45.42122],[-73.971485,45.42122],[-73.971395,45.42122],[-73.971395,45.421175],[-73.971356,45.421131],[-73.971343,45.421077],[-73.971317,45.420987],[-73.971329,45.420933],[-73.971406,45.420914],[-73.971508,45.420905],[-73.971597,45.420896],[-73.971686,45.420877],[-73.971763,45.420868],[-73.971891,45.420858],[-73.97198,45.420867],[-73.972044,45.420912],[-73.972083,45.420965],[-73.972099,45.420983],[-73.972122,45.42101],[-73.972199,45.421019],[-73.972301,45.420974],[-73.972326,45.420955],[-73.972364,45.420928],[-73.972377,45.420874],[-73.972299,45.420848],[-73.972223,45.420839],[-73.972171,45.420803],[-73.972196,45.42074],[-73.972221,45.420695],[-73.972272,45.420632],[-73.972374,45.420533],[-73.972424,45.420496],[-73.972501,45.42046],[-73.97259,45.420433],[-73.972705,45.420414],[-73.972794,45.420396],[-73.972871,45.420386],[-73.972947,45.420368],[-73.973049,45.42035],[-73.973151,45.420322],[-73.973228,45.420313],[-73.97333,45.420331],[-73.973356,45.420375],[-73.973357,45.420447],[-73.973357,45.420501],[-73.97337,45.420564],[-73.973397,45.420627],[-73.973461,45.420699],[-73.973525,45.420744],[-73.973577,45.420788],[-73.973603,45.420798],[-73.973654,45.420815],[-73.973718,45.420824],[-73.973782,45.420833],[-73.973845,45.420814],[-73.973909,45.420805],[-73.973998,45.420769],[-73.974054,45.420742],[-73.974113,45.420714],[-73.974189,45.420669],[-73.974317,45.420632],[-73.97438,45.420614],[-73.974444,45.420596],[-73.974508,45.420578],[-73.974584,45.420532],[-73.974648,45.420496],[-73.974724,45.420442],[-73.974775,45.420396],[-73.974838,45.420351],[-73.974889,45.420306],[-73.974953,45.42027],[-73.975029,45.420251],[-73.975106,45.420242],[-73.975233,45.42026],[-73.975285,45.420277],[-73.975349,45.420268],[-73.975348,45.420205],[-73.975386,45.42016],[-73.975476,45.420178],[-73.97554,45.42024],[-73.975604,45.420267],[-73.975681,45.420285],[-73.975796,45.420293],[-73.97586,45.420284],[-73.975936,45.420266],[-73.976026,45.420256],[-73.976089,45.420211],[-73.976089,45.420157],[-73.97614,45.420112],[-73.976203,45.420103],[-73.976267,45.420066],[-73.976293,45.420111],[-73.976306,45.420174],[-73.97632,45.420264],[-73.976333,45.420336],[-73.976372,45.420408],[-73.976398,45.420453],[-73.976347,45.420498],[-73.976118,45.420544],[-73.976054,45.420553],[-73.975888,45.42059],[-73.975799,45.420608],[-73.975646,45.420636],[-73.975569,45.420645],[-73.97548,45.420663],[-73.975378,45.420682],[-73.975314,45.4207],[-73.975263,45.420736],[-73.975264,45.420799],[-73.975328,45.420844],[-73.975392,45.420871],[-73.975456,45.420907],[-73.975494,45.420924],[-73.975533,45.420942],[-73.975636,45.420969],[-73.975738,45.420977],[-73.97584,45.420995],[-73.975908,45.421008],[-73.97593,45.421013],[-73.976058,45.421039],[-73.976147,45.421048],[-73.976224,45.421074],[-73.976276,45.421119],[-73.976263,45.421164],[-73.976149,45.421228],[-73.976034,45.421237],[-73.975932,45.421238],[-73.975868,45.421247],[-73.975766,45.421247],[-73.975689,45.421257],[-73.975613,45.421311],[-73.975562,45.421383],[-73.975537,45.421446],[-73.975525,45.421509],[-73.975526,45.42159],[-73.975501,45.421644],[-73.975475,45.421689],[-73.975463,45.421734],[-73.975425,45.421798],[-73.9754,45.421861],[-73.975388,45.421906],[-73.975376,45.421969],[-73.975338,45.422032],[-73.975326,45.422122],[-73.975288,45.422185],[-73.975237,45.422239],[-73.975187,45.422285],[-73.97511,45.422339],[-73.975021,45.422393],[-73.97492,45.422457],[-73.974856,45.422511],[-73.974793,45.422547],[-73.974704,45.422583],[-73.97464,45.422611],[-73.974576,45.422638],[-73.974487,45.422656],[-73.97441,45.422657],[-73.974334,45.422657],[-73.974257,45.422657],[-73.974155,45.422667],[-73.974065,45.422667],[-73.974002,45.422694],[-73.973912,45.422722],[-73.973849,45.422749],[-73.973772,45.422758],[-73.973708,45.422741],[-73.973631,45.422669],[-73.973579,45.422624],[-73.973477,45.422589],[-73.973387,45.422562],[-73.973297,45.422526],[-73.973259,45.422472],[-73.973233,45.422401],[-73.973232,45.422347],[-73.973231,45.422275],[-73.973231,45.422203],[-73.973243,45.422148],[-73.973281,45.42204],[-73.973293,45.421986],[-73.973343,45.421896],[-73.973356,45.421842],[-73.973368,45.421797],[-73.97338,45.421743],[-73.973393,45.421689],[-73.973405,45.421644],[-73.973392,45.421599],[-73.973303,45.421617],[-73.973252,45.421654],[-73.973239,45.421699],[-73.973253,45.421762]]],[[[-73.97189,45.419284],[-73.971737,45.419266],[-73.971609,45.419267],[-73.97152,45.419294],[-73.971431,45.419304],[-73.971367,45.419313],[-73.971303,45.419331],[-73.971227,45.419358],[-73.971137,45.419377],[-73.971086,45.419341],[-73.971085,45.419278],[-73.971085,45.419224],[-73.97111,45.419179],[-73.971237,45.419142],[-73.971339,45.419115],[-73.971442,45.419097],[-73.971659,45.419078],[-73.971761,45.419086],[-73.971851,45.419095],[-73.97194,45.419103],[-73.971979,45.419184],[-73.97198,45.419238],[-73.971967,45.419283],[-73.97189,45.419284]]],[[[-73.969843,45.418977],[-73.96983,45.418905],[-73.969868,45.41886],[-73.969996,45.418832],[-73.970047,45.418832],[-73.970149,45.418796],[-73.970276,45.418804],[-73.970328,45.418876],[-73.970329,45.418939],[-73.970405,45.418939],[-73.970482,45.418956],[-73.970482,45.41901],[-73.97047,45.419056],[-73.970471,45.419109],[-73.970535,45.419172],[-73.970599,45.419208],[-73.970676,45.419262],[-73.970626,45.419307],[-73.970562,45.419298],[-73.970485,45.419253],[-73.970421,45.419245],[-73.970357,45.419263],[-73.970293,45.41929],[-73.970204,45.419327],[-73.970051,45.419327],[-73.970037,45.419255],[-73.970062,45.419201],[-73.970036,45.419156],[-73.969972,45.41913],[-73.969934,45.419085],[-73.969882,45.419031],[-73.969843,45.418977]]],[[[-73.968913,45.417775],[-73.968964,45.41773],[-73.969028,45.417694],[-73.96913,45.417666],[-73.969232,45.417684],[-73.969309,45.417711],[-73.969373,45.417755],[-73.969438,45.417836],[-73.969489,45.417872],[-73.969528,45.417917],[-73.96958,45.418006],[-73.969619,45.41806],[-73.96967,45.418096],[-73.969721,45.418141],[-73.969773,45.418176],[-73.969773,45.41823],[-73.969723,45.418276],[-73.969646,45.41833],[-73.969608,45.418375],[-73.969558,45.418438],[-73.96952,45.418493],[-73.969482,45.418538],[-73.969431,45.418601],[-73.969381,45.418664],[-73.96933,45.418709],[-73.969292,45.418763],[-73.969241,45.418809],[-73.969204,45.418854],[-73.969127,45.418854],[-73.969012,45.418828],[-73.969062,45.418773],[-73.969139,45.41871],[-73.969379,45.418466],[-73.969633,45.418222],[-73.969632,45.418186],[-73.96908,45.417774],[-73.968965,45.417847],[-73.968914,45.417865],[-73.968888,45.41782],[-73.968913,45.417775]]],[[[-73.968715,45.413844],[-73.968677,45.413952],[-73.96864,45.414015],[-73.968563,45.414078],[-73.968513,45.414123],[-73.968424,45.414214],[-73.968348,45.414277],[-73.968259,45.414322],[-73.968195,45.414341],[-73.96808,45.414395],[-73.968017,45.414413],[-73.967928,45.414459],[-73.967813,45.414522],[-73.967724,45.414549],[-73.967635,45.414577],[-73.967558,45.414595],[-73.967406,45.414641],[-73.967342,45.414659],[-73.967252,45.414678],[-73.967125,45.414678],[-73.966997,45.414706],[-73.966908,45.414706],[-73.966831,45.414697],[-73.966907,45.414661],[-73.967009,45.414633],[-73.967137,45.414606],[-73.967201,45.414588],[-73.967302,45.414551],[-73.967379,45.414515],[-73.967468,45.414461],[-73.967544,45.414397],[-73.967607,45.414352],[-73.967658,45.414316],[-73.96776,45.414279],[-73.967799,45.41427],[-73.967939,45.414234],[-73.967989,45.414188],[-73.968053,45.414116],[-73.968116,45.414044],[-73.968141,45.413972],[-73.968178,45.413882],[-73.968203,45.413801],[-73.968216,45.413747],[-73.968305,45.413728],[-73.968369,45.413719],[-73.968445,45.413674],[-73.96847,45.41362],[-73.968521,45.413547],[-73.968597,45.413529],[-73.968662,45.413574],[-73.968688,45.413673],[-73.968714,45.413745],[-73.968715,45.413844]]],[[[-73.965341,45.412175],[-73.965367,45.412255],[-73.965368,45.412336],[-73.965368,45.412391],[-73.965356,45.412453],[-73.965292,45.412445],[-73.965279,45.412373],[-73.965253,45.412346],[-73.965252,45.412247],[-73.965252,45.41222],[-73.965252,45.412175],[-73.965238,45.41213],[-73.965212,45.412076],[-73.965199,45.412022],[-73.965199,45.411968],[-73.965276,45.412013],[-73.965302,45.412067],[-73.965315,45.41213],[-73.965341,45.412175]]],[[[-73.957659,45.408534],[-73.95771,45.408588],[-73.957876,45.408551],[-73.958212,45.408955],[-73.958428,45.408864],[-73.958592,45.409081],[-73.958699,45.409223],[-73.958776,45.409277],[-73.958866,45.409321],[-73.958943,45.409357],[-73.958981,45.409375],[-73.959046,45.40941],[-73.95911,45.409437],[-73.959161,45.409473],[-73.959174,45.409518],[-73.959187,45.409572],[-73.959226,45.409626],[-73.959278,45.409671],[-73.959304,45.409733],[-73.959304,45.409788],[-73.959317,45.40985],[-73.959318,45.409913],[-73.959319,45.409994],[-73.959383,45.410039],[-73.95946,45.410075],[-73.959524,45.410137],[-73.959627,45.410173],[-73.959729,45.410245],[-73.959793,45.410271],[-73.959858,45.410289],[-73.959947,45.410325],[-73.959986,45.410352],[-73.960024,45.410369],[-73.960089,45.410414],[-73.960127,45.410459],[-73.960179,45.410495],[-73.96023,45.410531],[-73.960294,45.410584],[-73.960333,45.410629],[-73.960385,45.410692],[-73.960448,45.41071],[-73.960513,45.410745],[-73.960488,45.41079],[-73.960437,45.410836],[-73.960386,45.41089],[-73.960399,45.410944],[-73.960476,45.410935],[-73.960604,45.410952],[-73.960681,45.411069],[-73.960708,45.411141],[-73.960772,45.411149],[-73.96081,45.411194],[-73.96081,45.411221],[-73.960915,45.411545],[-73.961804,45.412369],[-73.961574,45.41246],[-73.961626,45.412496],[-73.961678,45.412585],[-73.961703,45.41263],[-73.961729,45.412684],[-73.961755,45.412729],[-73.961807,45.412837],[-73.961846,45.412909],[-73.961911,45.412999],[-73.961937,45.413052],[-73.961963,45.413097],[-73.962002,45.413151],[-73.962066,45.413205],[-73.96213,45.41324],[-73.962233,45.413285],[-73.962297,45.413312],[-73.962361,45.413321],[-73.962502,45.413347],[-73.963129,45.413506],[-73.963459,45.413253],[-73.963497,45.413289],[-73.963714,45.413153],[-73.963727,45.413243],[-73.964061,45.41344],[-73.964138,45.413475],[-73.964215,45.413547],[-73.964279,45.413583],[-73.964344,45.413636],[-73.964357,45.413726],[-73.964358,45.413798],[-73.964358,45.413852],[-73.964371,45.413906],[-73.964436,45.413969],[-73.964513,45.414032],[-73.964565,45.414086],[-73.964616,45.414121],[-73.964731,45.414139],[-73.964808,45.414165],[-73.964885,45.414228],[-73.964949,45.414246],[-73.965077,45.414236],[-73.965309,45.414451],[-73.965232,45.41447],[-73.965296,45.414523],[-73.965361,45.414568],[-73.965425,45.414577],[-73.965462,45.414532],[-73.9655,45.414469],[-73.965538,45.414423],[-73.965627,45.414378],[-73.965704,45.414378],[-73.965705,45.414432],[-73.965654,45.414513],[-73.965616,45.414567],[-73.965566,45.414621],[-73.96554,45.414666],[-73.965579,45.41472],[-73.965605,45.41481],[-73.965468,45.415252],[-73.965252,45.415405],[-73.965151,45.415433],[-73.96501,45.415406],[-73.964754,45.415344],[-73.964424,45.415616],[-73.964273,45.415958],[-73.964158,45.415959],[-73.964032,45.416193],[-73.964046,45.416265],[-73.963882,45.416509],[-73.963909,45.416707],[-73.963935,45.41677],[-73.964065,45.417084],[-73.964465,45.417514],[-73.964529,45.417586],[-73.96462,45.417685],[-73.964646,45.417739],[-73.964671,45.417783],[-73.96471,45.417837],[-73.964774,45.417864],[-73.964838,45.417873],[-73.964902,45.417899],[-73.964967,45.417935],[-73.965056,45.417971],[-73.965209,45.417907],[-73.965375,45.417862],[-73.965617,45.417834],[-73.965721,45.417968],[-73.965823,45.417923],[-73.965745,45.417797],[-73.965885,45.417796],[-73.966013,45.417796],[-73.966179,45.417813],[-73.966308,45.417849],[-73.966449,45.41792],[-73.966539,45.417992],[-73.966617,45.418145],[-73.966643,45.418189],[-73.966669,45.418234],[-73.966694,45.418279],[-73.966746,45.418324],[-73.966797,45.418387],[-73.966888,45.418476],[-73.966926,45.41853],[-73.966965,45.418575],[-73.966978,45.41862],[-73.966979,45.418683],[-73.967069,45.418719],[-73.967145,45.418718],[-73.967146,45.418781],[-73.967146,45.418835],[-73.967147,45.418889],[-73.967198,45.418934],[-73.967262,45.418961],[-73.967339,45.418969],[-73.967428,45.41896],[-73.967505,45.418951],[-73.967619,45.418887],[-73.967683,45.418851],[-73.967747,45.418815],[-73.967836,45.418787],[-73.967887,45.418751],[-73.967937,45.418697],[-73.967975,45.418634],[-73.968,45.418589],[-73.968038,45.418544],[-73.968089,45.418489],[-73.968114,45.418426],[-73.968177,45.418336],[-73.968202,45.418291],[-73.968265,45.418192],[-73.968316,45.418128],[-73.968379,45.418083],[-73.968379,45.41802],[-73.968366,45.417975],[-73.96834,45.417912],[-73.968365,45.417867],[-73.968428,45.41784],[-73.968505,45.41784],[-73.968569,45.417876],[-73.96857,45.417947],[-73.968557,45.417993],[-73.968532,45.418038],[-73.96852,45.418083],[-73.968495,45.418128],[-73.96847,45.418173],[-73.968444,45.418227],[-73.968445,45.418281],[-73.968445,45.418335],[-73.968484,45.41838],[-73.96851,45.418425],[-73.968523,45.41847],[-73.968511,45.418506],[-73.968716,45.418559],[-73.968653,45.418658],[-73.968537,45.418659],[-73.968461,45.418731],[-73.968462,45.418767],[-73.968539,45.418847],[-73.968731,45.418946],[-73.968885,45.418945],[-73.968949,45.418999],[-73.969001,45.419062],[-73.969027,45.419115],[-73.969002,45.419161],[-73.968938,45.419179],[-73.968874,45.419197],[-73.968798,45.419242],[-73.968734,45.419279],[-73.968645,45.419333],[-73.968646,45.419396],[-73.968659,45.419423],[-73.9688,45.419485],[-73.969005,45.419592],[-73.969057,45.419646],[-73.969121,45.4197],[-73.969198,45.419763],[-73.969378,45.419924],[-73.969405,45.419987],[-73.969443,45.420068],[-73.96947,45.420113],[-73.969508,45.420157],[-73.969598,45.420229],[-73.969675,45.420274],[-73.969817,45.420372],[-73.969855,45.420417],[-73.969894,45.420489],[-73.969946,45.420551],[-73.969985,45.420614],[-73.970024,45.420677],[-73.970088,45.420749],[-73.970127,45.420803],[-73.970191,45.420865],[-73.970281,45.420901],[-73.970358,45.420928],[-73.970409,45.420981],[-73.970512,45.421053],[-73.970551,45.42108],[-73.970615,45.421089],[-73.970692,45.421097],[-73.970781,45.421079],[-73.97087,45.421061],[-73.970934,45.421096],[-73.971049,45.421114],[-73.971113,45.421087],[-73.971138,45.421033],[-73.971202,45.421014],[-73.971215,45.421059],[-73.971228,45.421113],[-73.971242,45.421185],[-73.971229,45.421221],[-73.971166,45.421239],[-73.971025,45.421267],[-73.970885,45.421294],[-73.970795,45.421295],[-73.970764,45.421317],[-73.970732,45.42134],[-73.97072,45.421403],[-73.97072,45.421442],[-73.97072,45.421466],[-73.970721,45.42152],[-73.970721,45.421583],[-73.970722,45.421637],[-73.970671,45.421673],[-73.970608,45.421754],[-73.970595,45.421809],[-73.970608,45.421854],[-73.970672,45.421862],[-73.970762,45.421862],[-73.970762,45.421916],[-73.970686,45.421925],[-73.970597,45.421953],[-73.970533,45.421989],[-73.970495,45.422043],[-73.97047,45.422088],[-73.970432,45.422133],[-73.970394,45.422196],[-73.970369,45.422241],[-73.970331,45.422332],[-73.970293,45.422377],[-73.970268,45.42244],[-73.970256,45.422521],[-73.970244,45.422584],[-73.970219,45.422638],[-73.970181,45.422719],[-73.970156,45.422827],[-73.970144,45.422917],[-73.970145,45.42298],[-73.970133,45.423079],[-73.970121,45.423178],[-73.970134,45.423232],[-73.970186,45.423286],[-73.970212,45.42334],[-73.970199,45.423403],[-73.970162,45.423466],[-73.970124,45.423511],[-73.970086,45.423574],[-73.970048,45.42362],[-73.970061,45.423673],[-73.970087,45.423727],[-73.970126,45.423781],[-73.970127,45.423853],[-73.970127,45.423907],[-73.970128,45.42397],[-73.970154,45.424024],[-73.97018,45.424087],[-73.970231,45.424123],[-73.970321,45.424131],[-73.970385,45.424185],[-73.970385,45.424239],[-73.970399,45.424284],[-73.970476,45.42432],[-73.970527,45.424365],[-73.970579,45.4244],[-73.970643,45.424436],[-73.970694,45.424472],[-73.970733,45.424517],[-73.970746,45.424561],[-73.970734,45.424624],[-73.970734,45.424696],[-73.970722,45.424778],[-73.970723,45.424868],[-73.970711,45.424922],[-73.970724,45.424967],[-73.970775,45.425011],[-73.970839,45.425047],[-73.970891,45.425083],[-73.970981,45.425154],[-73.971058,45.425208],[-73.971161,45.425235],[-73.97125,45.425243],[-73.971339,45.425234],[-73.971377,45.42518],[-73.971428,45.425117],[-73.971504,45.425062],[-73.971568,45.425044],[-73.971632,45.425026],[-73.971721,45.425025],[-73.971772,45.425034],[-73.972041,45.425078],[-73.972067,45.425141],[-73.972004,45.425204],[-73.972042,45.42524],[-73.972182,45.425149],[-73.972336,45.425212],[-73.972349,45.425248],[-73.972298,45.42532],[-73.972363,45.425356],[-73.972528,45.425238],[-73.972579,45.425247],[-73.972849,45.425381],[-73.972849,45.425417],[-73.972888,45.425461],[-73.972939,45.425506],[-73.973003,45.425542],[-73.973118,45.425568],[-73.973208,45.425595],[-73.973323,45.425604],[-73.973413,45.425603],[-73.973502,45.425603],[-73.973604,45.425603],[-73.973694,45.425602],[-73.973771,45.425611],[-73.973834,45.425601],[-73.973898,45.425583],[-73.973949,45.425538],[-73.974012,45.425502],[-73.974076,45.425465],[-73.974165,45.425447],[-73.974255,45.425438],[-73.974319,45.425456],[-73.974396,45.425473],[-73.974473,45.425509],[-73.974537,45.425554],[-73.974639,45.425616],[-73.974704,45.425679],[-73.974743,45.425742],[-73.974756,45.425805],[-73.974757,45.425895],[-73.974783,45.426003],[-73.974797,45.426056],[-73.974797,45.42612],[-73.97481,45.426174],[-73.974837,45.426245],[-73.974862,45.426299],[-73.974914,45.42638],[-73.97494,45.426425],[-73.974979,45.42647],[-73.975069,45.42655],[-73.975108,45.426604],[-73.975159,45.426649],[-73.975224,45.426685],[-73.975275,45.426747],[-73.975276,45.426837],[-73.975276,45.4269],[-73.975277,45.42699],[-73.975265,45.427071],[-73.975266,45.427188],[-73.975254,45.427251],[-73.975241,45.427305],[-73.975216,45.427369],[-73.975191,45.427423],[-73.975166,45.427477],[-73.975141,45.427522],[-73.975129,45.427567],[-73.975104,45.427612],[-73.975066,45.427729],[-73.975092,45.42781],[-73.975119,45.4279],[-73.975132,45.427945],[-73.97512,45.428017],[-73.97512,45.42808],[-73.975146,45.428125],[-73.975198,45.428196],[-73.975224,45.42825],[-73.975224,45.428313],[-73.975238,45.428367],[-73.975225,45.42843],[-73.975226,45.428493],[-73.975226,45.428547],[-73.975214,45.428592],[-73.975202,45.428637],[-73.975189,45.428682],[-73.975164,45.428728],[-73.975126,45.428773],[-73.975088,45.428818],[-73.975025,45.428881],[-73.974948,45.428944],[-73.974923,45.428998],[-73.97486,45.429089],[-73.974835,45.429134],[-73.974772,45.429233],[-73.974734,45.429278],[-73.974684,45.429341],[-73.974646,45.429387],[-73.974608,45.429441],[-73.974583,45.429486],[-73.974544,45.429522],[-73.974597,45.429639],[-73.974931,45.429844],[-73.974918,45.429871],[-73.974905,45.429898],[-73.974777,45.429836],[-73.974291,45.429739],[-73.974189,45.429847],[-73.974152,45.429973],[-73.97414,45.430046],[-73.974127,45.430082],[-73.974103,45.430172],[-73.97409,45.430217],[-73.974078,45.43028],[-73.974079,45.43037],[-73.974079,45.430424],[-73.97408,45.430496],[-73.97408,45.430559],[-73.974081,45.430631],[-73.974094,45.430676],[-73.974133,45.430721],[-73.97421,45.430738],[-73.974274,45.430774],[-73.974338,45.430801],[-73.974402,45.430827],[-73.974453,45.430863],[-73.97448,45.430917],[-73.974467,45.43098],[-73.974455,45.431052],[-73.974443,45.431133],[-73.97443,45.431187],[-73.974406,45.431241],[-73.97438,45.431313],[-73.974343,45.431359],[-73.974305,45.431404],[-73.974267,45.431449],[-73.974241,45.431494],[-73.974178,45.431593],[-73.974153,45.431638],[-73.974116,45.431719],[-73.974078,45.431774],[-73.974027,45.431837],[-73.973989,45.4319],[-73.973964,45.431936],[-73.973926,45.431999],[-73.973901,45.432044],[-73.973876,45.432107],[-73.973863,45.432152],[-73.973813,45.432234],[-73.973775,45.432297],[-73.973611,45.432495],[-73.973573,45.432568],[-73.973548,45.432631],[-73.973536,45.432694],[-73.973511,45.432766],[-73.973473,45.432838],[-73.973423,45.432919],[-73.97341,45.432991],[-73.973386,45.43309],[-73.973374,45.43318],[-73.973349,45.433252],[-73.973336,45.433315],[-73.973324,45.433396],[-73.973325,45.433468],[-73.973326,45.433531],[-73.973326,45.433612],[-73.973327,45.433666],[-73.97334,45.433738],[-73.973328,45.433828],[-73.973316,45.433882],[-73.973303,45.433936],[-73.973291,45.433972],[-73.973266,45.434027],[-73.973241,45.434081],[-73.973229,45.434162],[-73.973216,45.434207],[-73.973166,45.434333],[-73.973141,45.434387],[-73.973091,45.434477],[-73.973091,45.43454],[-73.973079,45.434657],[-73.973054,45.434729],[-73.973042,45.434819],[-73.97303,45.434873],[-73.973031,45.434954],[-73.973031,45.435017],[-73.973032,45.435089],[-73.973032,45.435143],[-73.973033,45.435215],[-73.97302,45.435269],[-73.972996,45.43535],[-73.972983,45.435414],[-73.972946,45.435477],[-73.97287,45.435603],[-73.972832,45.435648],[-73.972807,45.435693],[-73.972782,45.435738],[-73.972757,45.43581],[-73.972744,45.435864],[-73.972694,45.435955],[-73.972618,45.436036],[-73.97258,45.436126],[-73.972581,45.43618],[-73.972581,45.436243],[-73.972582,45.436297],[-73.972582,45.436369],[-73.972583,45.436441],[-73.972584,45.436513],[-73.972584,45.436585],[-73.972585,45.436639],[-73.972573,45.43672],[-73.972547,45.436765],[-73.972497,45.436819],[-73.972459,45.436864],[-73.972395,45.436892],[-73.972305,45.436883],[-73.972241,45.436865],[-73.972215,45.436811],[-73.972202,45.436767],[-73.972138,45.436731],[-73.972023,45.436686],[-73.9722,45.436461],[-73.972007,45.436407],[-73.971843,45.436615],[-73.971715,45.43658],[-73.9715,45.436913],[-73.971424,45.436887],[-73.971575,45.436715],[-73.97146,45.436671],[-73.971169,45.437005],[-73.970868,45.437744],[-73.970679,45.438015],[-73.970515,45.438303],[-73.970248,45.438511],[-73.969994,45.438647],[-73.969688,45.438766],[-73.969331,45.438821],[-73.969037,45.438822],[-73.96864,45.438797],[-73.968665,45.438689],[-73.968588,45.438671],[-73.96855,45.438662],[-73.968473,45.43869],[-73.968396,45.438681],[-73.968319,45.438645],[-73.96823,45.438592],[-73.968152,45.438556],[-73.96805,45.438556],[-73.967974,45.438566],[-73.967897,45.438593],[-73.967808,45.438629],[-73.967744,45.438666],[-73.967681,45.438702],[-73.967605,45.438792],[-73.967542,45.438882],[-73.967491,45.438937],[-73.96739,45.439036],[-73.967352,45.439081],[-73.967301,45.439153],[-73.967276,45.439198],[-73.967251,45.439271],[-73.967226,45.439361],[-73.967214,45.439469],[-73.967202,45.439559],[-73.967203,45.43964],[-73.967204,45.439748],[-73.967204,45.43982],[-73.967205,45.439874],[-73.967295,45.439936],[-73.967359,45.439963],[-73.967436,45.439999],[-73.967487,45.440043],[-73.967488,45.440097],[-73.967488,45.440151],[-73.967489,45.440241],[-73.967489,45.440304],[-73.967529,45.44043],[-73.967542,45.440475],[-73.967555,45.44052],[-73.967568,45.440565],[-73.967607,45.440637],[-73.967672,45.440708],[-73.967749,45.440816],[-73.967775,45.440861],[-73.967814,45.440933],[-73.967853,45.441014],[-73.967879,45.441068],[-73.967892,45.441122],[-73.967932,45.441238],[-73.967945,45.441292],[-73.967984,45.441364],[-73.96801,45.441436],[-73.968036,45.441526],[-73.968063,45.441589],[-73.968101,45.441643],[-73.968166,45.44175],[-73.968179,45.441795],[-73.968193,45.441876],[-73.968194,45.441984],[-73.968181,45.442047],[-73.968182,45.442128],[-73.968144,45.442173],[-73.968055,45.442219],[-73.967966,45.442282],[-73.967839,45.442355],[-73.967762,45.442382],[-73.967686,45.442418],[-73.96761,45.442473],[-73.967649,45.442544],[-73.967636,45.442571],[-73.967559,45.44259],[-73.967202,45.442636],[-73.96719,45.442681],[-73.967151,45.442681],[-73.967125,45.442645],[-73.967125,45.44261],[-73.967112,45.442547],[-73.967073,45.442448],[-73.967085,45.44234],[-73.96716,45.442231],[-73.96716,45.44215],[-73.967133,45.442087],[-73.966967,45.442034],[-73.966839,45.441999],[-73.966685,45.441927],[-73.966531,45.441829],[-73.966453,45.441694],[-73.966426,45.441577],[-73.966413,45.441505],[-73.966412,45.441425],[-73.96622,45.441371],[-73.966092,45.441282],[-73.966027,45.441273],[-73.965951,45.441256],[-73.965861,45.441283],[-73.965747,45.441364],[-73.965544,45.441491],[-73.965353,45.441645],[-73.965302,45.441681],[-73.965252,45.441771],[-73.965087,45.44188],[-73.964641,45.442134],[-73.964539,45.442125],[-73.964475,45.442098],[-73.96441,45.442036],[-73.964333,45.441991],[-73.964231,45.441955],[-73.964153,45.441857],[-73.964153,45.441803],[-73.964127,45.441749],[-73.964024,45.441713],[-73.963909,45.441696],[-73.963819,45.441687],[-73.963756,45.441669],[-73.963653,45.441652],[-73.963576,45.441643],[-73.963474,45.44167],[-73.963424,45.441734],[-73.96336,45.441815],[-73.963335,45.441869],[-73.96331,45.441932],[-73.963285,45.44204],[-73.963235,45.442085],[-73.963056,45.442158],[-73.962993,45.442176],[-73.962929,45.442222],[-73.962853,45.442285],[-73.962789,45.442339],[-73.962713,45.442393],[-73.962624,45.442448],[-73.96256,45.442466],[-73.962484,45.442466],[-73.962407,45.442467],[-73.962292,45.442476],[-73.962151,45.442486],[-73.962088,45.442495],[-73.961947,45.442505],[-73.961781,45.442514],[-73.961666,45.442506],[-73.961576,45.442506],[-73.961487,45.442506],[-73.961385,45.442507],[-73.961308,45.442516],[-73.961257,45.442579],[-73.96122,45.442642],[-73.961169,45.442715],[-73.96108,45.442733],[-73.96099,45.44276],[-73.960914,45.442824],[-73.960876,45.442869],[-73.960851,45.442896],[-73.960787,45.442932],[-73.960188,45.443115],[-73.959971,45.443151],[-73.959932,45.443052],[-73.95974,45.443017],[-73.959573,45.443],[-73.959343,45.443001],[-73.959216,45.443037],[-73.959024,45.443038],[-73.958935,45.443048],[-73.958858,45.443075],[-73.958833,45.44312],[-73.958756,45.443129],[-73.958641,45.44313],[-73.958552,45.44313],[-73.95845,45.443166],[-73.958361,45.443203],[-73.958285,45.443248],[-73.958221,45.443302],[-73.958094,45.443429],[-73.957955,45.443664],[-73.95788,45.443826],[-73.957805,45.444069],[-73.95778,45.444141],[-73.957807,45.444249],[-73.957807,45.444303],[-73.957808,45.444366],[-73.957808,45.444447],[-73.957822,45.444492],[-73.957835,45.444546],[-73.957886,45.444617],[-73.957925,45.444662],[-73.958002,45.444725],[-73.95808,45.444779],[-73.958144,45.444841],[-73.958208,45.444904],[-73.958286,45.444949],[-73.95835,45.444976],[-73.958478,45.445029],[-73.958581,45.445083],[-73.958658,45.445109],[-73.958773,45.445127],[-73.958837,45.445145],[-73.958901,45.445153],[-73.958965,45.445171],[-73.959054,45.445189],[-73.959131,45.445197],[-73.959246,45.445206],[-73.95931,45.445215],[-73.959438,45.445214],[-73.959541,45.445223],[-73.959643,45.445231],[-73.959707,45.445249],[-73.959771,45.445267],[-73.959873,45.445293],[-73.95995,45.44532],[-73.96004,45.445338],[-73.960104,45.445365],[-73.960194,45.445409],[-73.960271,45.445445],[-73.960361,45.44548],[-73.960451,45.445534],[-73.960489,45.445588],[-73.96058,45.445723],[-73.96067,45.445785],[-73.960696,45.445839],[-73.960697,45.445902],[-73.960634,45.446019],[-73.960545,45.44611],[-73.960443,45.446137],[-73.960379,45.446137],[-73.9602,45.446165],[-73.960111,45.446174],[-73.960021,45.446184],[-73.959919,45.446175],[-73.959791,45.446167],[-73.959663,45.446158],[-73.959548,45.44615],[-73.959471,45.446141],[-73.959305,45.446124],[-73.959215,45.446115],[-73.959126,45.446097],[-73.959062,45.44608],[-73.958959,45.44608],[-73.958857,45.44608],[-73.958755,45.446072],[-73.958665,45.446081],[-73.958538,45.446091],[-73.958448,45.446109],[-73.958359,45.446136],[-73.958283,45.446164],[-73.958219,45.446182],[-73.95813,45.446218],[-73.95804,45.446264],[-73.957939,45.446327],[-73.957862,45.446363],[-73.957735,45.4464],[-73.957633,45.446427],[-73.957505,45.446464],[-73.957441,45.446473],[-73.957339,45.446473],[-73.957237,45.446474],[-73.957058,45.446475],[-73.956981,45.446475],[-73.956917,45.446466],[-73.956738,45.44644],[-73.956648,45.446422],[-73.95661,45.446377],[-73.956532,45.446306],[-73.956481,45.446234],[-73.956403,45.446144],[-73.956364,45.446099],[-73.956326,45.446055],[-73.956287,45.446001],[-73.956223,45.445938],[-73.956145,45.445884],[-73.956068,45.44584],[-73.95594,45.44575],[-73.955863,45.445706],[-73.955798,45.445643],[-73.955747,45.445598],[-73.955708,45.445553],[-73.955669,45.445508],[-73.955592,45.445446],[-73.955515,45.445401],[-73.955425,45.445356],[-73.955322,45.445303],[-73.955246,45.445276],[-73.955156,45.445285],[-73.95508,45.445295],[-73.955016,45.445322],[-73.95485,45.445359],[-73.954773,45.445368],[-73.954697,45.445386],[-73.954594,45.445387],[-73.954505,45.445387],[-73.954416,45.445387],[-73.954288,45.445379],[-73.954185,45.445379],[-73.95407,45.44538],[-73.954007,45.445389],[-73.953917,45.445389],[-73.953815,45.445372],[-73.953699,45.445336],[-73.953635,45.445318],[-73.953495,45.445319],[-73.953392,45.445337],[-73.953329,45.445347],[-73.953175,45.445347],[-73.953086,45.445339],[-73.952983,45.445339],[-73.952856,45.445331],[-73.952727,45.445304],[-73.952612,45.445277],[-73.95251,45.445287],[-73.952459,45.445323],[-73.952408,45.445368],[-73.952294,45.445396],[-73.952102,45.445405],[-73.951987,45.445415],[-73.951859,45.445451],[-73.951783,45.445488],[-73.951732,45.445524],[-73.951631,45.445605],[-73.951592,45.44565],[-73.951491,45.445732],[-73.951478,45.445786],[-73.951453,45.445849],[-73.951454,45.44593],[-73.951468,45.446002],[-73.951481,45.446056],[-73.951532,45.44611],[-73.951597,45.446154],[-73.951674,45.446199],[-73.951738,45.446226],[-73.951815,45.446261],[-73.951892,45.446297],[-73.951981,45.446324],[-73.952058,45.44636],[-73.95211,45.446395],[-73.952059,45.446431],[-73.951944,45.446432],[-73.951829,45.446432],[-73.951701,45.446424],[-73.951611,45.446415],[-73.951445,45.446407],[-73.951381,45.446389],[-73.951291,45.446362],[-73.951228,45.446372],[-73.951164,45.446417],[-73.951152,45.446498],[-73.951255,45.446597],[-73.951319,45.446641],[-73.951576,45.446766],[-73.951487,45.446803],[-73.95123,45.446705],[-73.951141,45.446687],[-73.951,45.446652],[-73.950936,45.446697],[-73.950872,45.446724],[-73.950809,45.446742],[-73.950707,45.446779],[-73.950643,45.446797],[-73.950579,45.446806],[-73.95049,45.446816],[-73.9504,45.446843],[-73.950311,45.446888],[-73.950184,45.446916],[-73.950107,45.446925],[-73.950018,45.446953],[-73.949916,45.447007],[-73.94984,45.447052],[-73.949789,45.447115],[-73.949751,45.447178],[-73.949726,45.447242],[-73.949675,45.447296],[-73.949637,45.44735],[-73.949612,45.447422],[-73.9496,45.447485],[-73.949601,45.447548],[-73.949614,45.447593],[-73.949653,45.447656],[-73.949704,45.44771],[-73.949768,45.447754],[-73.949884,45.447835],[-73.949974,45.447924],[-73.950013,45.447996],[-73.950052,45.448041],[-73.950129,45.448059],[-73.950218,45.448058],[-73.95032,45.448067],[-73.950385,45.448076],[-73.950449,45.448112],[-73.950513,45.44812],[-73.950615,45.44812],[-73.950717,45.44812],[-73.950832,45.448119],[-73.950896,45.448128],[-73.950961,45.448155],[-73.951012,45.448199],[-73.951076,45.448253],[-73.951128,45.448289],[-73.95123,45.448306],[-73.951307,45.448315],[-73.951384,45.448315],[-73.951524,45.448314],[-73.951588,45.448332],[-73.951704,45.448386],[-73.951794,45.448448],[-73.951845,45.448493],[-73.951871,45.448556],[-73.951859,45.448601],[-73.951834,45.448664],[-73.951809,45.448709],[-73.951771,45.44879],[-73.951708,45.448871],[-73.951644,45.448926],[-73.951581,45.44898],[-73.951505,45.449043],[-73.951428,45.449088],[-73.951377,45.449125],[-73.951301,45.449161],[-73.951224,45.449188],[-73.951122,45.449216],[-73.950995,45.449234],[-73.950893,45.449244],[-73.950764,45.44919],[-73.950701,45.449244],[-73.950611,45.449173],[-73.950713,45.449127],[-73.950687,45.449082],[-73.950585,45.449146],[-73.950559,45.449128],[-73.950584,45.449029],[-73.95052,45.44902],[-73.950508,45.449146],[-73.950444,45.449146],[-73.95043,45.448994],[-73.950354,45.449021],[-73.950341,45.449039],[-73.950342,45.449138],[-73.950343,45.449237],[-73.950343,45.449255],[-73.950317,45.449282],[-73.950292,45.449291],[-73.950266,45.449291],[-73.950253,45.449255],[-73.950253,45.449237],[-73.950266,45.449219],[-73.950266,45.449192],[-73.950265,45.449165],[-73.950265,45.449147],[-73.950252,45.449129],[-73.950227,45.44912],[-73.950188,45.44912],[-73.950163,45.449129],[-73.950138,45.449157],[-73.950125,45.449175],[-73.950125,45.449202],[-73.950113,45.449229],[-73.9501,45.449247],[-73.9501,45.449265],[-73.950087,45.449283],[-73.950088,45.449301],[-73.950037,45.449391],[-73.950024,45.449409],[-73.949986,45.449436],[-73.949948,45.449454],[-73.94991,45.449472],[-73.949897,45.449491],[-73.949885,45.449509],[-73.949872,45.449527],[-73.949846,45.449545],[-73.949808,45.449563],[-73.949783,45.44959],[-73.949758,45.449599],[-73.949732,45.449617],[-73.949707,45.449644],[-73.949694,45.449662],[-73.949656,45.449689],[-73.949567,45.44978],[-73.949478,45.449852],[-73.949453,45.44987],[-73.94944,45.449888],[-73.949402,45.449906],[-73.949364,45.449924],[-73.949351,45.449943],[-73.949339,45.449961],[-73.949313,45.449979],[-73.949288,45.449988],[-73.949262,45.449997],[-73.94916,45.450069],[-73.949071,45.450142],[-73.949046,45.450169],[-73.949021,45.450187],[-73.948906,45.450259],[-73.948779,45.450323],[-73.948753,45.450332],[-73.948728,45.450332],[-73.948702,45.450341],[-73.948677,45.450341],[-73.948536,45.450378],[-73.948511,45.450387],[-73.948384,45.450441],[-73.948345,45.450459],[-73.948333,45.450477],[-73.94832,45.450496],[-73.948244,45.450532],[-73.948218,45.450541],[-73.948192,45.450541],[-73.948167,45.450532],[-73.948141,45.450541],[-73.948116,45.450568],[-73.948091,45.450578],[-73.948065,45.450569],[-73.948026,45.450569],[-73.948116,45.450514],[-73.948128,45.450451],[-73.948153,45.450397],[-73.948153,45.450343],[-73.948139,45.450271],[-73.948062,45.450227],[-73.947973,45.450227],[-73.94787,45.450236],[-73.947602,45.450255],[-73.947474,45.450256],[-73.947398,45.450256],[-73.947308,45.45023],[-73.947244,45.450203],[-73.947179,45.450176],[-73.947128,45.450122],[-73.947115,45.450077],[-73.947089,45.450005],[-73.947037,45.449925],[-73.946998,45.44988],[-73.94687,45.449835],[-73.946742,45.449845],[-73.946666,45.449845],[-73.946538,45.449855],[-73.946461,45.449828],[-73.946333,45.449828],[-73.946256,45.449802],[-73.946153,45.449676],[-73.945948,45.449677],[-73.945884,45.449659],[-73.94582,45.449632],[-73.945756,45.449597],[-73.945666,45.44957],[-73.945564,45.449571],[-73.945474,45.449544],[-73.945384,45.449517],[-73.945307,45.449473],[-73.945244,45.449464],[-73.945103,45.449509],[-73.94504,45.449564],[-73.94504,45.449626],[-73.945066,45.449671],[-73.945067,45.449743],[-73.945067,45.449824],[-73.945056,45.449932],[-73.944979,45.449987],[-73.944915,45.449996],[-73.944839,45.449996],[-73.944762,45.449951],[-73.944723,45.449907],[-73.944722,45.449853],[-73.944709,45.449781],[-73.944632,45.449718],[-73.944568,45.449673],[-73.944465,45.449638],[-73.944401,45.44962],[-73.944221,45.449567],[-73.944132,45.449558],[-73.944055,45.449549],[-73.943953,45.449541],[-73.943889,45.449532],[-73.943876,45.449478],[-73.943863,45.449433],[-73.943811,45.449325],[-73.943785,45.449271],[-73.94372,45.449209],[-73.943682,45.449173],[-73.943489,45.449066],[-73.943412,45.44903],[-73.943335,45.448994],[-73.943156,45.448959],[-73.943053,45.448959],[-73.942964,45.44896],[-73.9429,45.448933],[-73.942797,45.448906],[-73.942695,45.44888],[-73.942605,45.448862],[-73.94249,45.448844],[-73.942413,45.448827],[-73.942272,45.4488],[-73.94217,45.448783],[-73.942017,45.448783],[-73.941902,45.448784],[-73.941761,45.448766],[-73.941697,45.448758],[-73.941607,45.44874],[-73.941504,45.448695],[-73.941428,45.448669],[-73.941364,45.44866],[-73.941249,45.448669],[-73.941185,45.448679],[-73.94107,45.448688],[-73.941006,45.448706],[-73.940942,45.448725],[-73.940827,45.448761],[-73.940738,45.448788],[-73.940662,45.448852],[-73.940611,45.448906],[-73.940535,45.448924],[-73.94042,45.448915],[-73.940317,45.448889],[-73.940164,45.448881],[-73.940074,45.44889],[-73.939959,45.448944],[-73.939857,45.44899],[-73.939769,45.449062],[-73.939718,45.449107],[-73.939667,45.44917],[-73.939617,45.449252],[-73.939579,45.449315],[-73.939528,45.449387],[-73.939465,45.449459],[-73.939376,45.449495],[-73.939261,45.449496],[-73.939171,45.449505],[-73.939108,45.449541],[-73.939006,45.449605],[-73.938955,45.449641],[-73.938904,45.449677],[-73.938853,45.449722],[-73.93879,45.449777],[-73.938739,45.449822],[-73.938675,45.449858],[-73.938586,45.449885],[-73.938459,45.44994],[-73.938344,45.449958],[-73.938267,45.449977],[-73.938203,45.449995],[-73.938076,45.450094],[-73.938026,45.450167],[-73.93795,45.450248],[-73.937937,45.450293],[-73.937938,45.450428],[-73.937939,45.450491],[-73.937849,45.450464],[-73.937785,45.45041],[-73.937771,45.450347],[-73.937746,45.450303],[-73.937719,45.45024],[-73.937719,45.45015],[-73.937718,45.450087],[-73.937692,45.450033],[-73.937641,45.449997],[-73.937551,45.450006],[-73.937424,45.45007],[-73.937322,45.450088],[-73.937181,45.450116],[-73.937118,45.450125],[-73.937054,45.450143],[-73.937042,45.450233],[-73.93703,45.450296],[-73.937068,45.450359],[-73.93712,45.450413],[-73.937184,45.450422],[-73.937274,45.450421],[-73.937325,45.450457],[-73.937274,45.450502],[-73.937147,45.450548],[-73.937135,45.450556],[-73.936851,45.450473],[-73.934483,45.449139],[-73.925419,45.441181],[-73.924285,45.441578],[-73.924433,45.441906],[-73.922544,45.442659],[-73.922738,45.443106],[-73.916131,45.444691],[-73.915829,45.444947],[-73.906113,45.448519],[-73.904575,45.446721],[-73.904156,45.445134],[-73.90545,45.444754],[-73.904754,45.441757],[-73.904516,45.440794],[-73.904107,45.440339],[-73.903666,45.440298],[-73.903113,45.440497],[-73.902525,45.438961],[-73.902035,45.438802],[-73.902128,45.437799],[-73.901979,45.437666],[-73.901432,45.436841],[-73.901276,45.435498],[-73.90118,45.435266],[-73.901055,45.435082],[-73.901036,45.435089],[-73.90067,45.435204],[-73.900116,45.435377],[-73.899292,45.435612],[-73.898345,45.435874],[-73.897375,45.436125],[-73.896921,45.436234],[-73.896126,45.436418],[-73.894921,45.436692],[-73.894722,45.436315],[-73.886611,45.436875],[-73.885867,45.437014],[-73.88599,45.437369],[-73.883713,45.437553],[-73.883617,45.437226],[-73.883262,45.436197],[-73.881093,45.436676],[-73.881875,45.438871],[-73.8812,45.43905],[-73.881235,45.439133],[-73.880768,45.439399],[-73.87985,45.43972],[-73.879129,45.43819],[-73.878153,45.438242],[-73.877488,45.438118],[-73.875917,45.438627],[-73.876896,45.441497],[-73.875745,45.44173],[-73.875176,45.441882],[-73.873921,45.44226],[-73.873111,45.442519],[-73.872893,45.442592],[-73.872841,45.442614],[-73.871525,45.441358],[-73.870906,45.441675],[-73.869839,45.442317],[-73.868298,45.442844],[-73.867134,45.441376],[-73.867027,45.441296],[-73.864659,45.439044],[-73.860159,45.441506],[-73.859878,45.441538],[-73.855254,45.443819],[-73.852112,45.445401],[-73.851905,45.445424],[-73.85081,45.445514],[-73.838464,45.445581],[-73.835427,45.445386],[-73.833535,45.445419],[-73.832168,45.445443],[-73.835358,45.4494],[-73.833831,45.450094],[-73.83442,45.450723],[-73.836584,45.452871],[-73.838251,45.454657],[-73.839004,45.4554],[-73.840295,45.456654],[-73.840413,45.456769],[-73.840477,45.456831],[-73.840651,45.457],[-73.840851,45.457195],[-73.841119,45.457455],[-73.844065,45.460043],[-73.844174,45.460164],[-73.844928,45.461107],[-73.84528,45.461453],[-73.846391,45.462545],[-73.846235,45.462682],[-73.846092,45.462808],[-73.845594,45.46307],[-73.832003,45.470218],[-73.83185,45.470295],[-73.815581,45.478341],[-73.815111,45.477689],[-73.814462,45.476863],[-73.81328,45.47571],[-73.813191,45.475616],[-73.813038,45.475465],[-73.802282,45.480099],[-73.800472,45.481054],[-73.797904,45.482107],[-73.796069,45.48277],[-73.795868,45.482927],[-73.795803,45.482968],[-73.795286,45.482465],[-73.795048,45.482234],[-73.794672,45.481827],[-73.794607,45.48186],[-73.794507,45.481906],[-73.7896,45.484211],[-73.789381,45.484312],[-73.78171,45.48803],[-73.77837,45.489653],[-73.776187,45.49072],[-73.776162,45.490819],[-73.770121,45.493478],[-73.769988,45.49354],[-73.769709,45.493669],[-73.767924,45.494512],[-73.766598,45.493003],[-73.765305,45.49153],[-73.764926,45.491042],[-73.764861,45.490961],[-73.764967,45.490848],[-73.76577,45.489999],[-73.765779,45.489989],[-73.765958,45.489801],[-73.765967,45.489791],[-73.766138,45.489611],[-73.766148,45.489601],[-73.766156,45.489593],[-73.766507,45.489401],[-73.766404,45.489141],[-73.7664,45.489132],[-73.766345,45.48895],[-73.766578,45.488831],[-73.766769,45.488707],[-73.766464,45.487663],[-73.766423,45.487532],[-73.766577,45.487293],[-73.76646,45.487257],[-73.766234,45.487296],[-73.766016,45.487316],[-73.765845,45.487304],[-73.765652,45.487276],[-73.765615,45.48719],[-73.765541,45.487117],[-73.765618,45.487026],[-73.765767,45.486952],[-73.765727,45.486811],[-73.765951,45.486762],[-73.76599,45.486666],[-73.765966,45.48645],[-73.766413,45.486317],[-73.766439,45.486219],[-73.76701,45.486098],[-73.767112,45.486059],[-73.767163,45.48604],[-73.767193,45.485987],[-73.767808,45.484907],[-73.767975,45.484612],[-73.768118,45.484543],[-73.770873,45.483215],[-73.771933,45.482699],[-73.772303,45.482519],[-73.772461,45.482454],[-73.772571,45.48241],[-73.772842,45.482342],[-73.77301,45.482316],[-73.773204,45.482294],[-73.773319,45.482277],[-73.773459,45.48225],[-73.773581,45.482225],[-73.77372,45.482187],[-73.773857,45.482136],[-73.77372,45.482011],[-73.772923,45.481239],[-73.772238,45.480703],[-73.771733,45.480388],[-73.766201,45.476932],[-73.768249,45.475054],[-73.766658,45.473305],[-73.762226,45.46867],[-73.76215,45.46859],[-73.757965,45.466078],[-73.750202,45.461208],[-73.740802,45.468417],[-73.731604,45.475842],[-73.725268,45.480893],[-73.724046,45.481922],[-73.723541,45.482024],[-73.723421,45.482128],[-73.723373,45.482106],[-73.723362,45.482101],[-73.723331,45.482085],[-73.723453,45.481983],[-73.722774,45.481661],[-73.722262,45.481431],[-73.72166,45.481168],[-73.720809,45.480803],[-73.720303,45.480599],[-73.713021,45.476145],[-73.712744,45.475971],[-73.710859,45.474797],[-73.708472,45.473277],[-73.708361,45.473207],[-73.708371,45.4732],[-73.708639,45.472998],[-73.709963,45.472003],[-73.711037,45.471194],[-73.711087,45.471157],[-73.711235,45.471046],[-73.712552,45.470054],[-73.714836,45.468337],[-73.716463,45.467112],[-73.717342,45.466453],[-73.717938,45.466012],[-73.718425,45.465651],[-73.718692,45.465454],[-73.719295,45.465006],[-73.719568,45.464802],[-73.719886,45.464566],[-73.720983,45.463759],[-73.721524,45.463369],[-73.723353,45.462055],[-73.724891,45.460948],[-73.724828,45.460869],[-73.724773,45.460799],[-73.724564,45.460536],[-73.724414,45.460261],[-73.724375,45.460171],[-73.724205,45.459731],[-73.723904,45.458778],[-73.722936,45.455747],[-73.721868,45.45228],[-73.72089,45.449123],[-73.720825,45.448896],[-73.720824,45.448894],[-73.720782,45.448745],[-73.722324,45.448779],[-73.722238,45.448646],[-73.722225,45.448627],[-73.722166,45.448535],[-73.722066,45.448387],[-73.721988,45.448265],[-73.722045,45.447787],[-73.720876,45.44443],[-73.720837,45.444309],[-73.720519,45.443185],[-73.719405,45.439239],[-73.719946,45.439165],[-73.719887,45.438916],[-73.719937,45.438967],[-73.72002,45.438989],[-73.720086,45.438962],[-73.72011,45.438839],[-73.719943,45.438367],[-73.719951,45.438368],[-73.720079,45.438376],[-73.720156,45.438376],[-73.72022,45.438385],[-73.720322,45.438394],[-73.720399,45.438403],[-73.720514,45.438411],[-73.720591,45.43842],[-73.720667,45.438429],[-73.720782,45.438402],[-73.720859,45.438411],[-73.720949,45.438429],[-73.721141,45.438536],[-73.721984,45.438553],[-73.723071,45.438443],[-73.72348,45.438523],[-73.72398,45.438972],[-73.724287,45.439043],[-73.72453,45.439052],[-73.724645,45.439078],[-73.724722,45.439087],[-73.724811,45.439078],[-73.724875,45.43906],[-73.72499,45.439051],[-73.725054,45.439042],[-73.725118,45.439033],[-73.725195,45.439023],[-73.725271,45.438996],[-73.725245,45.438933],[-73.724363,45.438944],[-73.724286,45.438809],[-73.724222,45.438728],[-73.724144,45.438504],[-73.724144,45.438404],[-73.724195,45.438332],[-73.72431,45.438269],[-73.724565,45.438215],[-73.724769,45.43816],[-73.724961,45.438178],[-73.724961,45.438142],[-73.725549,45.438042],[-73.725702,45.438033],[-73.725843,45.438068],[-73.725907,45.438104],[-73.725945,45.438149],[-73.726405,45.438049],[-73.726507,45.438058],[-73.726597,45.438013],[-73.726941,45.43785],[-73.726915,45.437751],[-73.727246,45.437426],[-73.72791,45.437191],[-73.727974,45.437164],[-73.727973,45.43693],[-73.728509,45.436776],[-73.729454,45.436531],[-73.72999,45.436413],[-73.73022,45.436404],[-73.730437,45.436412],[-73.730744,45.436421],[-73.730847,45.43642],[-73.730847,45.436492],[-73.730962,45.436492],[-73.730974,45.436429],[-73.731499,45.436707],[-73.732101,45.437003],[-73.732204,45.437057],[-73.732422,45.437173],[-73.73264,45.437371],[-73.73296,45.437424],[-73.73319,45.437495],[-73.733714,45.437594],[-73.733852,45.437599],[-73.733919,45.437602],[-73.734187,45.437547],[-73.734468,45.437448],[-73.734991,45.43715],[-73.735017,45.437213],[-73.735604,45.437167],[-73.736782,45.437695],[-73.73691,45.437659],[-73.737012,45.437614],[-73.73714,45.437577],[-73.737306,45.437613],[-73.737421,45.437586],[-73.737498,45.437595],[-73.737792,45.437684],[-73.737908,45.437756],[-73.73801,45.437774],[-73.738074,45.437836],[-73.738112,45.437845],[-73.738176,45.437872],[-73.738227,45.437836],[-73.738304,45.437773],[-73.738367,45.437701],[-73.738393,45.437629],[-73.738418,45.437575],[-73.738443,45.437512],[-73.738468,45.43744],[-73.738558,45.437394],[-73.73866,45.437376],[-73.738737,45.437385],[-73.738839,45.437394],[-73.738916,45.437403],[-73.738993,45.437403],[-73.739018,45.437403],[-73.739082,45.437411],[-73.739091,45.437411],[-73.739133,45.437467],[-73.739133,45.437474],[-73.739146,45.437492],[-73.739159,45.43751],[-73.73917,45.437515],[-73.739197,45.437528],[-73.739223,45.437528],[-73.739261,45.437528],[-73.7393,45.437528],[-73.739338,45.437528],[-73.739402,45.437537],[-73.739428,45.437546],[-73.739453,45.437555],[-73.739479,45.437572],[-73.739492,45.43759],[-73.739479,45.437609],[-73.739479,45.437635],[-73.739492,45.437654],[-73.739492,45.43768],[-73.739492,45.437707],[-73.739479,45.437735],[-73.739467,45.437752],[-73.739441,45.437761],[-73.739416,45.437762],[-73.739326,45.437771],[-73.739302,45.438194],[-73.739431,45.438274],[-73.739648,45.438229],[-73.739634,45.43804],[-73.740375,45.437949],[-73.741908,45.437756],[-73.741947,45.437756],[-73.742011,45.437756],[-73.742113,45.437756],[-73.742126,45.437864],[-73.74219,45.437864],[-73.742189,45.437765],[-73.742305,45.437782],[-73.742317,45.437845],[-73.742714,45.437971],[-73.742778,45.437971],[-73.743303,45.438095],[-73.744069,45.438031],[-73.74466,45.437926],[-73.744938,45.437876],[-73.745015,45.437876],[-73.745295,45.437677],[-73.745932,45.437262],[-73.745996,45.437217],[-73.746047,45.437172],[-73.746162,45.437144],[-73.746225,45.437108],[-73.746315,45.437108],[-73.746353,45.437099],[-73.74643,45.43709],[-73.746481,45.436973],[-73.746583,45.436955],[-73.74666,45.437035],[-73.746788,45.437053],[-73.746979,45.436963],[-73.747043,45.43698],[-73.747158,45.436944],[-73.747222,45.437016],[-73.747299,45.436998],[-73.747375,45.436953],[-73.747439,45.436908],[-73.74749,45.436863],[-73.747515,45.43679],[-73.74754,45.436736],[-73.747617,45.436691],[-73.747668,45.436646],[-73.747693,45.436628],[-73.747732,45.436574],[-73.747769,45.436484],[-73.747782,45.436439],[-73.747833,45.436358],[-73.747858,45.436304],[-73.747896,45.436259],[-73.747909,45.436214],[-73.747921,45.43616],[-73.74796,45.436115],[-73.74801,45.43607],[-73.748074,45.436015],[-73.748125,45.435979],[-73.748202,45.435943],[-73.748278,45.435916],[-73.748368,45.435898],[-73.748431,45.435889],[-73.748534,45.435852],[-73.74861,45.435816],[-73.748674,45.43578],[-73.748725,45.435744],[-73.748763,45.435699],[-73.748801,45.435636],[-73.748878,45.435618],[-73.748942,45.435609],[-73.749044,45.435617],[-73.749223,45.435653],[-73.749287,45.435698],[-73.749313,45.435752],[-73.749351,45.435815],[-73.749364,45.43586],[-73.749377,45.435905],[-73.749378,45.435959],[-73.749378,45.436013],[-73.749353,45.436067],[-73.749314,45.436112],[-73.749263,45.436166],[-73.749264,45.43622],[-73.749264,45.43631],[-73.749277,45.436364],[-73.749328,45.436409],[-73.74938,45.436445],[-73.749482,45.436489],[-73.749546,45.436534],[-73.749547,45.436588],[-73.749559,45.436633],[-73.749624,45.436687],[-73.749688,45.43675],[-73.749765,45.436822],[-73.749803,45.436867],[-73.749855,45.43692],[-73.749893,45.436974],[-73.749945,45.437019],[-73.749996,45.437073],[-73.750368,45.437315],[-73.750637,45.437459],[-73.750599,45.437495],[-73.750842,45.437566],[-73.75152,45.437772],[-73.751576,45.437782],[-73.751968,45.437851],[-73.752428,45.437868],[-73.752658,45.437841],[-73.752952,45.437822],[-73.753004,45.437957],[-73.753106,45.437948],[-73.753093,45.437867],[-73.753144,45.43784],[-73.753526,45.437668],[-73.753794,45.437551],[-73.753934,45.437298],[-73.75401,45.437208],[-73.754099,45.437127],[-73.754086,45.437073],[-73.75406,45.437028],[-73.754022,45.436974],[-73.75397,45.436911],[-73.753945,45.436857],[-73.75388,45.436767],[-73.753854,45.436723],[-73.753816,45.43666],[-73.75379,45.436615],[-73.753751,45.43657],[-73.753713,45.436525],[-73.753674,45.43648],[-73.753636,45.436426],[-73.753585,45.436381],[-73.753559,45.436336],[-73.753507,45.436292],[-73.753456,45.436256],[-73.753367,45.436256],[-73.753303,45.436247],[-73.753303,45.436184],[-73.753366,45.436166],[-73.753456,45.436148],[-73.753571,45.436165],[-73.753648,45.436183],[-73.753699,45.436219],[-73.753725,45.436264],[-73.753776,45.436309],[-73.753789,45.436354],[-73.753815,45.436408],[-73.753853,45.436453],[-73.753879,45.436507],[-73.753905,45.436552],[-73.753956,45.436614],[-73.753995,45.436686],[-73.754033,45.436731],[-73.754072,45.436776],[-73.754136,45.436803],[-73.754225,45.436812],[-73.754328,45.436812],[-73.754404,45.436775],[-73.754443,45.436748],[-73.754595,45.436523],[-73.754722,45.436298],[-73.754798,45.436235],[-73.754759,45.436172],[-73.754695,45.436064],[-73.754554,45.435929],[-73.754477,45.435839],[-73.75431,45.435633],[-73.754207,45.435561],[-73.754118,45.435534],[-73.754028,45.435516],[-73.753823,45.43549],[-73.753542,45.435463],[-73.753338,45.435446],[-73.753082,45.435428],[-73.752992,45.435429],[-73.752916,45.43542],[-73.752801,45.43542],[-73.752686,45.435429],[-73.752583,45.435403],[-73.752506,45.435385],[-73.752404,45.435376],[-73.752276,45.435376],[-73.752174,45.435386],[-73.752059,45.435368],[-73.752033,45.435332],[-73.752008,45.435278],[-73.752033,45.435242],[-73.752071,45.435215],[-73.752122,45.435197],[-73.752212,45.435196],[-73.752276,45.435205],[-73.752352,45.435214],[-73.752416,45.435232],[-73.752493,45.435241],[-73.752595,45.435259],[-73.752698,45.435267],[-73.752851,45.435276],[-73.752992,45.435285],[-73.753158,45.435293],[-73.753273,45.435311],[-73.753439,45.43532],[-73.753682,45.435346],[-73.753784,45.435355],[-73.753861,45.435364],[-73.753951,45.435364],[-73.754053,45.435363],[-73.75413,45.435363],[-73.754232,45.435399],[-73.754334,45.435453],[-73.754411,45.435489],[-73.754476,45.435542],[-73.754566,45.43565],[-73.754655,45.435731],[-73.754707,45.435803],[-73.754784,45.435884],[-73.754848,45.435928],[-73.754886,45.435955],[-73.754899,45.436018],[-73.7549,45.436081],[-73.754938,45.436171],[-73.755028,45.436234],[-73.755118,45.436243],[-73.755566,45.436503],[-73.75599,45.437024],[-73.756465,45.437491],[-73.756735,45.437805],[-73.756851,45.437958],[-73.756967,45.4382],[-73.757365,45.438478],[-73.757698,45.438694],[-73.757941,45.43881],[-73.758018,45.438846],[-73.758133,45.438891],[-73.75821,45.438909],[-73.758287,45.438917],[-73.758364,45.438917],[-73.758428,45.438944],[-73.758569,45.438998],[-73.758658,45.439033],[-73.758722,45.439051],[-73.758812,45.439087],[-73.758901,45.439114],[-73.759029,45.43915],[-73.759119,45.439158],[-73.759196,45.439176],[-73.75926,45.439185],[-73.759324,45.439203],[-73.759426,45.439221],[-73.759503,45.439238],[-73.759605,45.439256],[-73.759669,45.439265],[-73.759784,45.439283],[-73.759886,45.439292],[-73.760027,45.439318],[-73.760104,45.439336],[-73.760181,45.439354],[-73.760321,45.439372],[-73.760398,45.43938],[-73.760488,45.439389],[-73.760564,45.439398],[-73.760628,45.439407],[-73.76063,45.439407],[-73.760692,45.439416],[-73.760782,45.439443],[-73.760871,45.43946],[-73.760974,45.439469],[-73.761063,45.439478],[-73.761127,45.439487],[-73.761191,45.439496],[-73.761268,45.439504],[-73.761345,45.439513],[-73.76146,45.439531],[-73.761536,45.439549],[-73.7616,45.439558],[-73.761741,45.439584],[-73.761831,45.439602],[-73.761984,45.43962],[-73.762048,45.439629],[-73.762176,45.439646],[-73.762317,45.439664],[-73.762381,45.439673],[-73.76247,45.439682],[-73.762572,45.43969],[-73.7627,45.439699],[-73.762777,45.439717],[-73.762905,45.439735],[-73.762995,45.439752],[-73.763084,45.43977],[-73.763187,45.439788],[-73.763289,45.439788],[-73.763365,45.439788],[-73.763429,45.439796],[-73.763506,45.439796],[-73.763621,45.439805],[-73.763736,45.439805],[-73.763826,45.439814],[-73.763928,45.439813],[-73.764005,45.439813],[-73.764081,45.439813],[-73.764158,45.439804],[-73.764222,45.439795],[-73.764273,45.43974],[-73.764298,45.439695],[-73.764349,45.439659],[-73.764387,45.439614],[-73.764464,45.439542],[-73.764502,45.439497],[-73.764553,45.439461],[-73.764604,45.439416],[-73.764629,45.439362],[-73.764667,45.439317],[-73.76468,45.439263],[-73.764692,45.439218],[-73.764705,45.439164],[-73.76473,45.439118],[-73.764768,45.439073],[-73.764819,45.439019],[-73.764883,45.438965],[-73.764921,45.438911],[-73.764972,45.438857],[-73.765023,45.438803],[-73.765074,45.438758],[-73.765073,45.438686],[-73.765098,45.438632],[-73.765124,45.438578],[-73.765136,45.438533],[-73.765149,45.438479],[-73.765149,45.438425],[-73.765148,45.438362],[-73.765148,45.438308],[-73.765199,45.438263],[-73.765263,45.438253],[-73.765314,45.438289],[-73.765353,45.438334],[-73.765391,45.438379],[-73.765468,45.438415],[-73.765507,45.438469],[-73.765571,45.438541],[-73.765597,45.438586],[-73.765648,45.438649],[-73.765674,45.438693],[-73.765712,45.438738],[-73.765777,45.438792],[-73.765841,45.438855],[-73.765879,45.4389],[-73.765931,45.438945],[-73.765995,45.438999],[-73.766059,45.43907],[-73.766098,45.439115],[-73.766187,45.439178],[-73.766226,45.439205],[-73.766303,45.43925],[-73.76638,45.439286],[-73.766431,45.439322],[-73.766482,45.439366],[-73.766546,45.439402],[-73.766598,45.439438],[-73.766649,45.439474],[-73.7667,45.43951],[-73.766752,45.439555],[-73.766905,45.439626],[-73.766969,45.439635],[-73.767084,45.439626],[-73.767187,45.439635],[-73.767263,45.439662],[-73.767315,45.439706],[-73.767379,45.439778],[-73.76743,45.439823],[-73.767494,45.439868],[-73.767571,45.439931],[-73.767648,45.440003],[-73.767725,45.440065],[-73.767777,45.440101],[-73.767841,45.440146],[-73.767905,45.440191],[-73.767956,45.440227],[-73.76802,45.440263],[-73.768136,45.440316],[-73.768187,45.440352],[-73.768238,45.440388],[-73.768302,45.440424],[-73.768379,45.440478],[-73.768456,45.440523],[-73.76852,45.44055],[-73.768648,45.440612],[-73.768712,45.440621],[-73.768815,45.440621],[-73.768904,45.440648],[-73.769071,45.440746],[-73.769161,45.440782],[-73.769263,45.440818],[-73.769365,45.440844],[-73.769442,45.440853],[-73.769519,45.440853],[-73.769583,45.440844],[-73.769634,45.440808],[-73.769672,45.440754],[-73.769723,45.4407],[-73.769786,45.440663],[-73.769863,45.440663],[-73.76994,45.440681],[-73.770055,45.440699],[-73.770132,45.440699],[-73.770195,45.440671],[-73.770259,45.440644],[-73.770323,45.440653],[-73.7704,45.440662],[-73.770464,45.440671],[-73.77063,45.44067],[-73.770707,45.44067],[-73.770771,45.440661],[-73.770847,45.440634],[-73.770911,45.440589],[-73.770975,45.440571],[-73.771051,45.440552],[-73.771128,45.440543],[-73.771192,45.440525],[-73.771256,45.440516],[-73.771319,45.440498],[-73.77146,45.440498],[-73.771549,45.440488],[-73.771613,45.440479],[-73.771677,45.44047],[-73.771754,45.440479],[-73.771856,45.440488],[-73.771959,45.440496],[-73.772035,45.440496],[-73.772112,45.440487],[-73.772176,45.44046],[-73.772303,45.440369],[-73.772367,45.440324],[-73.772418,45.440288],[-73.772199,45.440073],[-73.772225,45.439974],[-73.772365,45.439902],[-73.772582,45.439838],[-73.772837,45.439774],[-73.772876,45.439846],[-73.772952,45.439837],[-73.773016,45.439819],[-73.773067,45.439783],[-73.773105,45.439738],[-73.773118,45.439693],[-73.773232,45.439602],[-73.773296,45.43953],[-73.773347,45.439467],[-73.773411,45.439422],[-73.773461,45.439386],[-73.773538,45.43935],[-73.773602,45.439331],[-73.773678,45.439322],[-73.773755,45.439322],[-73.773819,45.439304],[-73.773896,45.439277],[-73.774023,45.439268],[-73.774125,45.439267],[-73.77419,45.439276],[-73.774279,45.439285],[-73.774369,45.439294],[-73.774433,45.439321],[-73.774497,45.439347],[-73.774548,45.439392],[-73.774599,45.439446],[-73.774664,45.439527],[-73.774702,45.439608],[-73.774728,45.439662],[-73.774728,45.439716],[-73.774742,45.43977],[-73.774742,45.439842],[-73.774742,45.439914],[-73.774743,45.439986],[-73.774743,45.44004],[-73.774731,45.440148],[-73.774731,45.440247],[-73.774731,45.44031],[-73.774719,45.440364],[-73.774719,45.440418],[-73.77472,45.44049],[-73.77472,45.440553],[-73.774746,45.440598],[-73.774784,45.44067],[-73.774836,45.440732],[-73.774862,45.440786],[-73.774875,45.44084],[-73.774913,45.440921],[-73.774926,45.440966],[-73.774939,45.441029],[-73.77494,45.441092],[-73.77494,45.441173],[-73.774966,45.441227],[-73.775005,45.441281],[-73.774992,45.441344],[-73.77498,45.441416],[-73.774993,45.44147],[-73.774993,45.441542],[-73.775006,45.441587],[-73.775045,45.44165],[-73.775071,45.441704],[-73.775096,45.441758],[-73.77511,45.44183],[-73.775135,45.441902],[-73.775187,45.441991],[-73.7752,45.442045],[-73.775226,45.442099],[-73.775239,45.442153],[-73.775252,45.442234],[-73.775278,45.442297],[-73.775304,45.442342],[-73.775317,45.442387],[-73.775343,45.442441],[-73.775355,45.442486],[-73.775381,45.442549],[-73.775433,45.442612],[-73.775472,45.442675],[-73.77551,45.442728],[-73.775561,45.442782],[-73.775613,45.442836],[-73.775677,45.442908],[-73.775741,45.44298],[-73.775793,45.443034],[-73.775883,45.443096],[-73.775985,45.443177],[-73.776062,45.44324],[-73.776139,45.443294],[-73.776203,45.443339],[-73.776242,45.443384],[-73.776332,45.443446],[-73.776396,45.443491],[-73.776486,45.443545],[-73.77655,45.443572],[-73.776639,45.443635],[-73.776716,45.443688],[-73.776806,45.443751],[-73.776883,45.443805],[-73.77696,45.443868],[-73.77705,45.443931],[-73.777088,45.443975],[-73.777166,45.444056],[-73.777204,45.444101],[-73.777345,45.444191],[-73.777422,45.444245],[-73.777525,45.444307],[-73.777589,45.444343],[-73.77764,45.444379],[-73.77773,45.444424],[-73.777794,45.444451],[-73.777858,45.444477],[-73.777999,45.444549],[-73.778063,45.444594],[-73.77814,45.444639],[-73.778191,45.444675],[-73.778281,45.444737],[-73.778345,45.444782],[-73.778409,45.444827],[-73.778486,45.444881],[-73.778563,45.444944],[-73.778618,45.44499],[-73.778628,45.444997],[-73.778717,45.445078],[-73.778756,45.445132],[-73.778769,45.445177],[-73.778769,45.44524],[-73.778808,45.445285],[-73.778897,45.445258],[-73.778987,45.445258],[-73.779089,45.445275],[-73.779179,45.445311],[-73.779243,45.445365],[-73.779333,45.445428],[-73.77941,45.4455],[-73.779448,45.445544],[-73.779525,45.445607],[-73.779654,45.445679],[-73.779718,45.445706],[-73.779807,45.445786],[-73.779872,45.445813],[-73.779936,45.445831],[-73.780051,45.445858],[-73.78014,45.445912],[-73.780269,45.445965],[-73.780345,45.445992],[-73.780422,45.446019],[-73.780512,45.446073],[-73.780627,45.446144],[-73.780692,45.446198],[-73.780782,45.446261],[-73.780833,45.446297],[-73.780935,45.446342],[-73.781038,45.446386],[-73.78114,45.44644],[-73.781217,45.446476],[-73.781294,45.446521],[-73.781384,45.446547],[-73.781448,45.446565],[-73.781614,45.44661],[-73.781691,45.446628],[-73.781768,45.446655],[-73.781845,45.44669],[-73.781947,45.446717],[-73.782024,45.446717],[-73.782126,45.446717],[-73.782215,45.446707],[-73.78233,45.446707],[-73.782407,45.446707],[-73.782509,45.446707],[-73.782676,45.446706],[-73.782803,45.446715],[-73.78288,45.446724],[-73.782983,45.446741],[-73.78306,45.446795],[-73.783137,45.446849],[-73.783239,45.446894],[-73.783354,45.446921],[-73.783431,45.446929],[-73.783559,45.446983],[-73.783636,45.447028],[-73.7837,45.447046],[-73.783764,45.447072],[-73.783879,45.447099],[-73.783995,45.447126],[-73.784097,45.447171],[-73.784174,45.447215],[-73.784238,45.447242],[-73.784315,45.447278],[-73.784392,45.447305],[-73.784469,45.447323],[-73.784533,45.447341],[-73.784596,45.447376],[-73.784674,45.44743],[-73.784789,45.447493],[-73.784853,45.44752],[-73.784994,45.447555],[-73.785314,45.447627],[-73.785429,45.447662],[-73.785506,45.44768],[-73.785583,45.447698],[-73.785685,45.447689],[-73.785787,45.447679],[-73.785889,45.447688],[-73.786043,45.447688],[-73.786209,45.447687],[-73.786337,45.447687],[-73.786465,45.447678],[-73.786528,45.447668],[-73.786554,45.447624],[-73.786617,45.447569],[-73.786694,45.447533],[-73.786796,45.447488],[-73.78686,45.44747],[-73.786936,45.447452],[-73.787026,45.447451],[-73.787167,45.447451],[-73.787269,45.447451],[-73.787371,45.44745],[-73.787461,45.44745],[-73.787537,45.447459],[-73.787601,45.447486],[-73.787678,45.447558],[-73.78773,45.447594],[-73.787794,45.447647],[-73.787871,45.447701],[-73.787948,45.447728],[-73.788012,45.447755],[-73.788101,45.447763],[-73.788216,45.447772],[-73.788293,45.447799],[-73.788357,45.447826],[-73.788434,45.447862],[-73.788524,45.447888],[-73.788729,45.447933],[-73.788831,45.44796],[-73.788895,45.447986],[-73.788972,45.447995],[-73.789049,45.448004],[-73.789138,45.448031],[-73.789253,45.448058],[-73.789317,45.448066],[-73.789394,45.448066],[-73.789458,45.448057],[-73.789535,45.448066],[-73.789675,45.448075],[-73.789778,45.448074],[-73.789867,45.448074],[-73.789957,45.448083],[-73.790021,45.448092],[-73.790136,45.448109],[-73.7902,45.448118],[-73.790315,45.448118],[-73.790379,45.448127],[-73.790494,45.448126],[-73.790583,45.448135],[-73.790673,45.448126],[-73.790788,45.448126],[-73.79089,45.448125],[-73.790967,45.448125],[-73.791056,45.448125],[-73.791184,45.448125],[-73.791261,45.448124],[-73.79135,45.448124],[-73.791453,45.448124],[-73.791542,45.448124],[-73.791619,45.448133],[-73.791696,45.448132],[-73.791772,45.44815],[-73.791836,45.448186],[-73.791951,45.448177],[-73.792067,45.448185],[-73.792156,45.448185],[-73.792245,45.448185],[-73.792335,45.448185],[-73.792399,45.448176],[-73.792463,45.448157],[-73.792526,45.448112],[-73.792577,45.448076],[-73.792654,45.448085],[-73.792693,45.44813],[-73.792757,45.448139],[-73.792756,45.448076],[-73.79273,45.448004],[-73.792756,45.447941],[-73.792819,45.447904],[-73.792896,45.447877],[-73.792973,45.447868],[-73.793049,45.447868],[-73.793165,45.447886],[-73.793229,45.447904],[-73.793292,45.447912],[-73.793356,45.447921],[-73.793433,45.447921],[-73.793535,45.447921],[-73.793625,45.44792],[-73.793702,45.44792],[-73.793817,45.447911],[-73.793919,45.447902],[-73.793995,45.447901],[-73.794059,45.447874],[-73.794136,45.447856],[-73.7942,45.447865],[-73.79434,45.447847],[-73.794404,45.447829],[-73.794417,45.447774],[-73.794391,45.447729],[-73.794416,45.447675],[-73.794505,45.447612],[-73.794569,45.447603],[-73.794659,45.447603],[-73.794761,45.447585],[-73.794863,45.447602],[-73.79494,45.447611],[-73.795029,45.447611],[-73.795132,45.447611],[-73.795221,45.447601],[-73.795349,45.447574],[-73.795425,45.447547],[-73.795528,45.447529],[-73.79563,45.447501],[-73.795668,45.447447],[-73.795668,45.447375],[-73.795654,45.447312],[-73.795667,45.447285],[-73.795667,45.447213],[-73.795717,45.447096],[-73.795806,45.447006],[-73.796036,45.446924],[-73.7961,45.44687],[-73.796176,45.446834],[-73.796329,45.44678],[-73.796444,45.446734],[-73.796508,45.446707],[-73.796827,45.44658],[-73.796916,45.446535],[-73.797081,45.446427],[-73.797145,45.4464],[-73.797234,45.446345],[-73.797286,45.446309],[-73.797642,45.446101],[-73.797706,45.446065],[-73.797821,45.446002],[-73.797897,45.445948],[-73.797986,45.445885],[-73.798024,45.445839],[-73.798062,45.445794],[-73.798101,45.44574],[-73.798113,45.445695],[-73.7981,45.445614],[-73.798087,45.445569],[-73.798074,45.445524],[-73.798061,45.445488],[-73.797971,45.445318],[-73.79797,45.445183],[-73.798097,45.445047],[-73.798249,45.44484],[-73.798325,45.444723],[-73.798415,45.444651],[-73.798478,45.444614],[-73.798542,45.44456],[-73.798567,45.444515],[-73.798605,45.444461],[-73.798631,45.444416],[-73.798681,45.444362],[-73.798732,45.444308],[-73.798809,45.444263],[-73.79886,45.444227],[-73.798923,45.44419],[-73.798987,45.444163],[-73.799051,45.444136],[-73.79914,45.4441],[-73.799217,45.444064],[-73.79928,45.444045],[-73.799332,45.444],[-73.799395,45.443982],[-73.799497,45.443982],[-73.799561,45.444009],[-73.799587,45.444054],[-73.799664,45.444125],[-73.799716,45.444161],[-73.799805,45.444161],[-73.79992,45.444143],[-73.799997,45.444125],[-73.800125,45.444097],[-73.800047,45.443971],[-73.800736,45.44379],[-73.800749,45.443817],[-73.801094,45.44369],[-73.80117,45.443644],[-73.801272,45.44359],[-73.801387,45.443545],[-73.801451,45.443518],[-73.801515,45.443482],[-73.801591,45.443436],[-73.801655,45.443391],[-73.801769,45.443337],[-73.801846,45.443292],[-73.801948,45.443229],[-73.80205,45.443174],[-73.802113,45.443129],[-73.802177,45.443084],[-73.802241,45.443039],[-73.802317,45.442984],[-73.802394,45.442939],[-73.802496,45.442885],[-73.802546,45.442831],[-73.80261,45.442777],[-73.802648,45.442732],[-73.802725,45.442669],[-73.802776,45.442623],[-73.802801,45.442578],[-73.802826,45.442524],[-73.802839,45.442479],[-73.802864,45.442416],[-73.802876,45.442371],[-73.802876,45.442317],[-73.802863,45.442263],[-73.802812,45.442227],[-73.802748,45.442191],[-73.802683,45.442138],[-73.802645,45.442075],[-73.802619,45.44203],[-73.802606,45.441976],[-73.80258,45.441868],[-73.802579,45.441805],[-73.802579,45.441742],[-73.802579,45.441679],[-73.802464,45.441661],[-73.802716,45.441058],[-73.803096,45.440391],[-73.803121,45.440319],[-73.803159,45.440274],[-73.803197,45.440229],[-73.803248,45.440192],[-73.803299,45.440156],[-73.80335,45.440102],[-73.803388,45.440057],[-73.803477,45.439967],[-73.803528,45.439904],[-73.803566,45.43985],[-73.803617,45.439796],[-73.803642,45.439751],[-73.803667,45.439696],[-73.80368,45.439652],[-73.80368,45.439598],[-73.803666,45.439517],[-73.803628,45.439463],[-73.803589,45.439418],[-73.803512,45.439382],[-73.803499,45.439337],[-73.803382,45.438941],[-73.803291,45.438699],[-73.803466,45.437978],[-73.803619,45.437843],[-73.80367,45.437771],[-73.803695,45.437726],[-73.803721,45.437681],[-73.803746,45.437618],[-73.803771,45.437555],[-73.803822,45.437473],[-73.803872,45.437419],[-73.803923,45.437374],[-73.803949,45.437329],[-73.803961,45.437275],[-73.803961,45.437221],[-73.803961,45.437167],[-73.803947,45.437113],[-73.803934,45.43705],[-73.803921,45.437005],[-73.803895,45.436942],[-73.80387,45.436888],[-73.803857,45.436834],[-73.803843,45.436744],[-73.803843,45.436664],[-73.803842,45.436601],[-73.803829,45.436538],[-73.803829,45.436484],[-73.803829,45.436412],[-73.803815,45.43634],[-73.803803,45.436286],[-73.803777,45.436232],[-73.803712,45.436133],[-73.803686,45.436088],[-73.803609,45.436034],[-73.803532,45.435989],[-73.803456,45.435945],[-73.803379,45.435891],[-73.803302,45.435855],[-73.803238,45.435819],[-73.803161,45.435775],[-73.803084,45.43573],[-73.803007,45.435703],[-73.802892,45.435649],[-73.802828,45.435622],[-73.802751,45.435578],[-73.802674,45.435533],[-73.802635,45.435479],[-73.802584,45.435416],[-73.80257,45.435362],[-73.80257,45.435299],[-73.80257,45.435227],[-73.80257,45.435173],[-73.802582,45.43511],[-73.802594,45.435029],[-73.802607,45.434984],[-73.802671,45.434957],[-73.802747,45.434957],[-73.802837,45.434956],[-73.802913,45.434947],[-73.802964,45.434911],[-73.803015,45.434866],[-73.803041,45.434821],[-73.803053,45.434749],[-73.803065,45.434704],[-73.803078,45.434632],[-73.803103,45.434578],[-73.803128,45.434524],[-73.803217,45.434434],[-73.803255,45.434388],[-73.803345,45.434307],[-73.803383,45.434262],[-73.803433,45.434217],[-73.803497,45.434154],[-73.803548,45.434091],[-73.803599,45.434055],[-73.803688,45.434018],[-73.803765,45.434018],[-73.803892,45.434],[-73.803982,45.434],[-73.80411,45.434008],[-73.804212,45.434017],[-73.804254,45.434028],[-73.804315,45.434044],[-73.804391,45.434089],[-73.80443,45.434133],[-73.804469,45.434178],[-73.80452,45.434241],[-73.804584,45.434286],[-73.804777,45.434412],[-73.804841,45.434465],[-73.804892,45.434519],[-73.804943,45.434546],[-73.804995,45.4346],[-73.805239,45.434797],[-73.805546,45.434922],[-73.80593,45.434939],[-73.806185,45.434885],[-73.806529,45.434704],[-73.806848,45.434496],[-73.807,45.43436],[-73.806961,45.434298],[-73.806923,45.434226],[-73.80705,45.434198],[-73.807153,45.434189],[-73.807088,45.434054],[-73.807126,45.434],[-73.807203,45.433991],[-73.81,45.433785],[-73.810128,45.433677],[-73.810204,45.433641],[-73.810242,45.433596],[-73.810293,45.433551],[-73.810357,45.433515],[-73.810459,45.433469],[-73.810637,45.433361],[-73.810726,45.433307],[-73.810816,45.43327],[-73.810892,45.433225],[-73.810943,45.433162],[-73.811006,45.433099],[-73.811083,45.433045],[-73.811088,45.433042],[-73.811172,45.432999],[-73.811274,45.432945],[-73.811338,45.432918],[-73.811453,45.432909],[-73.811568,45.432944],[-73.811632,45.43298],[-73.811709,45.433025],[-73.811773,45.433043],[-73.811863,45.433069],[-73.811939,45.433105],[-73.812029,45.433141],[-73.812336,45.433131],[-73.812362,45.433185],[-73.812579,45.433194],[-73.812643,45.433184],[-73.812771,45.433193],[-73.812847,45.433193],[-73.812937,45.433175],[-73.813065,45.433183],[-73.813154,45.433183],[-73.813231,45.433183],[-73.813307,45.433183],[-73.814035,45.433082],[-73.814035,45.433028],[-73.814252,45.433],[-73.814431,45.433],[-73.814482,45.432999],[-73.814533,45.433008],[-73.814713,45.433017],[-73.814801,45.432873],[-73.815095,45.432872],[-73.815108,45.432908],[-73.815402,45.432907],[-73.815415,45.433006],[-73.816004,45.433175],[-73.815978,45.433094],[-73.816272,45.43303],[-73.816412,45.432958],[-73.816489,45.432931],[-73.816616,45.432921],[-73.81668,45.432912],[-73.816744,45.432876],[-73.816774,45.432863],[-73.816808,45.432849],[-73.816859,45.432849],[-73.816999,45.432767],[-73.817432,45.432514],[-73.817458,45.432568],[-73.817675,45.43246],[-73.817649,45.432415],[-73.817942,45.432279],[-73.818006,45.432324],[-73.818019,45.432279],[-73.818223,45.432179],[-73.818286,45.432152],[-73.818337,45.432107],[-73.818388,45.432062],[-73.818362,45.431999],[-73.818298,45.431945],[-73.818259,45.431891],[-73.818272,45.431837],[-73.81831,45.431792],[-73.818361,45.431747],[-73.818411,45.431693],[-73.818462,45.431639],[-73.818526,45.431539],[-73.818564,45.431476],[-73.818589,45.431413],[-73.818588,45.431341],[-73.818588,45.431287],[-73.818575,45.431233],[-73.818562,45.43117],[-73.818549,45.431152],[-73.818485,45.431099],[-73.818433,45.431045],[-73.818382,45.431027],[-73.818305,45.431018],[-73.818229,45.431018],[-73.818178,45.431018],[-73.818126,45.431001],[-73.818062,45.430956],[-73.818024,45.430929],[-73.817947,45.430884],[-73.817895,45.430866],[-73.817666,45.430903],[-73.817628,45.43093],[-73.817602,45.430939],[-73.817577,45.430939],[-73.817551,45.430921],[-73.817551,45.430894],[-73.817563,45.430876],[-73.817589,45.430867],[-73.817627,45.430876],[-73.817755,45.430849],[-73.817819,45.43083],[-73.817882,45.430803],[-73.817946,45.430767],[-73.818023,45.430722],[-73.818111,45.430641],[-73.818175,45.430568],[-73.818226,45.430478],[-73.818276,45.430379],[-73.818302,45.430352],[-73.818531,45.43028],[-73.818723,45.430225],[-73.818812,45.430189],[-73.818978,45.430143],[-73.819093,45.430125],[-73.819195,45.430116],[-73.819297,45.430088],[-73.81945,45.430025],[-73.819577,45.429971],[-73.819692,45.429907],[-73.820164,45.429735],[-73.820764,45.429517],[-73.821057,45.429409],[-73.821171,45.429345],[-73.821177,45.429341],[-73.821273,45.429273],[-73.821337,45.42921],[-73.821464,45.429138],[-73.821592,45.42911],[-73.82163,45.429092],[-73.821719,45.429056],[-73.821834,45.428993],[-73.821937,45.4291],[-73.822,45.429064],[-73.821898,45.428956],[-73.821974,45.428911],[-73.822,45.428929],[-73.822114,45.428857],[-73.822024,45.428785],[-73.822114,45.428731],[-73.822075,45.428695],[-73.822024,45.428731],[-73.821613,45.428408],[-73.821421,45.428274],[-73.821407,45.42813],[-73.821049,45.42796],[-73.821099,45.427915],[-73.820907,45.427798],[-73.820715,45.427682],[-73.820664,45.427781],[-73.820511,45.427718],[-73.82079,45.427412],[-73.82088,45.427465],[-73.821045,45.42733],[-73.820981,45.427294],[-73.820878,45.427268],[-73.820853,45.427313],[-73.820789,45.427259],[-73.820853,45.427196],[-73.820967,45.427105],[-73.821031,45.42706],[-73.821158,45.42697],[-73.821234,45.426889],[-73.82131,45.426834],[-73.821374,45.42678],[-73.821463,45.426726],[-73.821527,45.426681],[-73.821616,45.426627],[-73.821654,45.426581],[-73.821718,45.426545],[-73.821807,45.426536],[-73.821897,45.426545],[-73.821974,45.426563],[-73.822127,45.426571],[-73.822242,45.42658],[-73.822331,45.42658],[-73.822408,45.426588],[-73.822472,45.426597],[-73.822536,45.426633],[-73.822588,45.426687],[-73.822665,45.426749],[-73.822729,45.426794],[-73.822831,45.426848],[-73.822895,45.426875],[-73.823023,45.426919],[-73.823164,45.426928],[-73.823253,45.426928],[-73.82333,45.426919],[-73.823394,45.426909],[-73.823471,45.426891],[-73.823535,45.4269],[-73.823598,45.4269],[-73.823611,45.426864],[-73.824249,45.426628],[-73.824376,45.426565],[-73.825332,45.426112],[-73.825174,45.42533],[-73.825122,45.425096],[-73.825159,45.425006],[-73.825236,45.424942],[-73.825312,45.424924],[-73.825619,45.424914],[-73.825978,45.42503],[-73.826324,45.425254],[-73.826376,45.42547],[-73.826377,45.425686],[-73.82634,45.425803],[-73.826289,45.425884],[-73.826225,45.425912],[-73.826149,45.425939],[-73.826085,45.425984],[-73.826073,45.426056],[-73.826073,45.426119],[-73.826086,45.4262],[-73.826099,45.426254],[-73.826151,45.426371],[-73.826164,45.426416],[-73.826177,45.426461],[-73.826216,45.426551],[-73.826242,45.426613],[-73.826281,45.426694],[-73.826294,45.426739],[-73.826294,45.426811],[-73.826295,45.426901],[-73.826283,45.426973],[-73.826257,45.427045],[-73.826219,45.42709],[-73.826194,45.427135],[-73.826194,45.427189],[-73.826207,45.427261],[-73.826246,45.427315],[-73.82631,45.42736],[-73.826374,45.427405],[-73.826388,45.427468],[-73.826426,45.427522],[-73.826503,45.427585],[-73.826555,45.427647],[-73.826645,45.427719],[-73.826748,45.427908],[-73.826883,45.427918],[-73.827106,45.427934],[-73.827157,45.42797],[-73.827222,45.428014],[-73.827324,45.428077],[-73.827388,45.428104],[-73.827465,45.428104],[-73.827567,45.428103],[-73.827644,45.428121],[-73.827682,45.42813],[-73.827721,45.428139],[-73.828244,45.428128],[-73.828258,45.428191],[-73.828347,45.4282],[-73.828411,45.428254],[-73.82845,45.428299],[-73.828552,45.428298],[-73.828629,45.428271],[-73.828692,45.428235],[-73.828769,45.428217],[-73.828871,45.428217],[-73.828961,45.428243],[-73.829038,45.42827],[-73.829089,45.428288],[-73.829179,45.428324],[-73.829191,45.428369],[-73.829179,45.428414],[-73.829256,45.428458],[-73.829294,45.428386],[-73.829703,45.428475],[-73.830125,45.42842],[-73.830176,45.428465],[-73.830381,45.428545],[-73.830445,45.428572],[-73.830573,45.42859],[-73.830662,45.428589],[-73.830726,45.428571],[-73.83079,45.428553],[-73.830841,45.428544],[-73.831211,45.428453],[-73.831333,45.428447],[-73.831582,45.428434],[-73.832335,45.428252],[-73.832322,45.428225],[-73.832386,45.428215],[-73.832526,45.428197],[-73.832615,45.428188],[-73.832756,45.428151],[-73.832845,45.428124],[-73.832947,45.428097],[-73.833036,45.428061],[-73.833126,45.428024],[-73.833189,45.428015],[-73.833279,45.427988],[-73.833355,45.42797],[-73.833419,45.427933],[-73.833483,45.427897],[-73.833521,45.427834],[-73.83352,45.42778],[-73.833468,45.427519],[-73.83348,45.427429],[-73.833608,45.427447],[-73.833989,45.42705],[-73.833719,45.426844],[-73.833974,45.426645],[-73.834141,45.426771],[-73.834497,45.426535],[-73.8346,45.426589],[-73.834651,45.426562],[-73.834574,45.426517],[-73.83484,45.42613],[-73.834827,45.426094],[-73.83475,45.426031],[-73.834864,45.425958],[-73.834967,45.426021],[-73.835222,45.425868],[-73.835732,45.42583],[-73.835859,45.425695],[-73.836025,45.425514],[-73.836024,45.425478],[-73.836306,45.425477],[-73.836497,45.425495],[-73.83656,45.425387],[-73.836573,45.425333],[-73.836598,45.425261],[-73.836623,45.425215],[-73.836636,45.425143],[-73.836648,45.425098],[-73.836661,45.425053],[-73.83666,45.424999],[-73.836673,45.424954],[-73.836673,45.4249],[-73.836672,45.424837],[-73.836659,45.424792],[-73.836621,45.424748],[-73.836595,45.424703],[-73.836607,45.424658],[-73.836671,45.424666],[-73.836748,45.424702],[-73.836799,45.424756],[-73.836851,45.424864],[-73.836852,45.424927],[-73.836839,45.425008],[-73.836814,45.425071],[-73.836776,45.425143],[-73.836764,45.425197],[-73.836751,45.425278],[-73.836726,45.425323],[-73.836688,45.425386],[-73.8366,45.425521],[-73.836651,45.425539],[-73.836651,45.425593],[-73.836652,45.425683],[-73.836665,45.425773],[-73.836666,45.425854],[-73.836666,45.425908],[-73.836666,45.425971],[-73.836654,45.426052],[-73.836654,45.426124],[-73.836655,45.426196],[-73.836719,45.426259],[-73.836758,45.426304],[-73.836784,45.426358],[-73.836822,45.426403],[-73.836874,45.426447],[-73.836938,45.426483],[-73.837014,45.426483],[-73.837078,45.426474],[-73.837129,45.426438],[-73.837193,45.426456],[-73.837257,45.426491],[-73.837296,45.426545],[-73.837347,45.426581],[-73.837411,45.426599],[-73.837475,45.42659],[-73.837552,45.42659],[-73.837616,45.426625],[-73.837642,45.42667],[-73.837731,45.426679],[-73.837808,45.426688],[-73.837897,45.426678],[-73.837974,45.426678],[-73.838051,45.426678],[-73.838115,45.426696],[-73.838179,45.426714],[-73.838256,45.426749],[-73.838307,45.426794],[-73.838384,45.426848],[-73.838448,45.426875],[-73.838525,45.426902],[-73.838589,45.426919],[-73.838653,45.426928],[-73.838896,45.426945],[-73.838959,45.426909],[-73.839049,45.426981],[-73.839075,45.427026],[-73.839382,45.427097],[-73.839382,45.427151],[-73.839754,45.427249],[-73.839843,45.427222],[-73.839894,45.427249],[-73.840036,45.42741],[-73.840077,45.427869],[-73.840142,45.428031],[-73.840385,45.428183],[-73.840449,45.428174],[-73.840603,45.428173],[-73.840692,45.428236],[-73.840757,45.428272],[-73.840846,45.42828],[-73.840923,45.42828],[-73.840999,45.42828],[-73.841076,45.428289],[-73.841179,45.428334],[-73.841243,45.42836],[-73.84132,45.428387],[-73.841409,45.428414],[-73.841486,45.42844],[-73.84155,45.428449],[-73.841614,45.428476],[-73.841691,45.428503],[-73.841768,45.428539],[-73.841832,45.428565],[-73.841858,45.428628],[-73.841935,45.428646],[-73.842024,45.428646],[-73.842139,45.428681],[-73.842203,45.428699],[-73.842319,45.428735],[-73.842395,45.428762],[-73.842459,45.428789],[-73.842575,45.428842],[-73.842639,45.428878],[-73.842678,45.428923],[-73.842754,45.428968],[-73.842844,45.428994],[-73.842934,45.429012],[-73.84301,45.429012],[-73.8431,45.42903],[-73.843189,45.429056],[-73.843279,45.429083],[-73.843471,45.429136],[-73.843548,45.429154],[-73.843612,45.429172],[-73.843753,45.429217],[-73.84383,45.429243],[-73.843919,45.42927],[-73.843996,45.429297],[-73.844124,45.429324],[-73.844226,45.42935],[-73.844316,45.429368],[-73.844431,45.429395],[-73.844521,45.429421],[-73.84461,45.429439],[-73.844777,45.429475],[-73.844866,45.429492],[-73.844943,45.429519],[-73.845007,45.429537],[-73.845071,45.429555],[-73.845173,45.429581],[-73.845225,45.429617],[-73.845251,45.429671],[-73.845289,45.429716],[-73.845353,45.429707],[-73.845417,45.42968],[-73.845545,45.429679],[-73.845673,45.429679],[-73.845775,45.429678],[-73.845852,45.429678],[-73.845915,45.429669],[-73.846107,45.429623],[-73.846222,45.429605],[-73.846285,45.429587],[-73.846349,45.42956],[-73.846426,45.429541],[-73.846515,45.429523],[-73.846592,45.429496],[-73.846655,45.429478],[-73.846732,45.429469],[-73.846732,45.429406],[-73.846783,45.42936],[-73.846846,45.429351],[-73.846923,45.42936],[-73.847,45.429378],[-73.846999,45.429315],[-73.847063,45.429288],[-73.847153,45.429287],[-73.847216,45.429242],[-73.84728,45.429215],[-73.847356,45.429197],[-73.847382,45.429152],[-73.847458,45.429124],[-73.847535,45.429115],[-73.847624,45.429088],[-73.847688,45.42907],[-73.847777,45.429034],[-73.847841,45.428979],[-73.847917,45.428943],[-73.848007,45.428916],[-73.848071,45.428925],[-73.848186,45.428942],[-73.848262,45.428942],[-73.848339,45.428924],[-73.848403,45.428914],[-73.848466,45.428887],[-73.84853,45.428815],[-73.848619,45.42877],[-73.848696,45.428752],[-73.848798,45.428742],[-73.8489,45.428733],[-73.848989,45.428715],[-73.849053,45.428706],[-73.849117,45.428678],[-73.849155,45.42866],[-73.849155,45.42857],[-73.849256,45.428489],[-73.849403,45.428463],[-73.849452,45.428454],[-73.849512,45.428443],[-73.849843,45.428325],[-73.850901,45.427836],[-73.850978,45.42789],[-73.851041,45.427845],[-73.851003,45.427791],[-73.8515,45.427537],[-73.851626,45.427357],[-73.851523,45.427231],[-73.851446,45.427196],[-73.851382,45.427097],[-73.851254,45.427097],[-73.851165,45.427115],[-73.851126,45.427053],[-73.851343,45.426917],[-73.851406,45.426917],[-73.851458,45.426962],[-73.851638,45.427123],[-73.851702,45.427141],[-73.851753,45.427177],[-73.851817,45.427203],[-73.851881,45.427212],[-73.851996,45.427212],[-73.852658,45.426877],[-73.852645,45.426805],[-73.852913,45.426651],[-73.852976,45.426615],[-73.853066,45.426579],[-73.853129,45.42656],[-73.85318,45.426524],[-73.853193,45.426461],[-73.853256,45.426416],[-73.853282,45.426371],[-73.853332,45.426326],[-73.853422,45.42629],[-73.853485,45.426262],[-73.853626,45.426217],[-73.853677,45.426181],[-73.853804,45.426136],[-73.853893,45.426063],[-73.853982,45.426],[-73.854059,45.425991],[-73.854122,45.425963],[-73.854199,45.425927],[-73.854263,45.4259],[-73.854339,45.425855],[-73.854466,45.425782],[-73.854543,45.425728],[-73.854594,45.425692],[-73.854593,45.425638],[-73.854606,45.425593],[-73.854644,45.425548],[-73.854695,45.425512],[-73.854758,45.425467],[-73.854809,45.42543],[-73.854873,45.425367],[-73.854949,45.425313],[-73.855013,45.425259],[-73.855102,45.425205],[-73.855204,45.425168],[-73.855255,45.425132],[-73.855318,45.425105],[-73.855382,45.42506],[-73.85542,45.425006],[-73.855432,45.424961],[-73.855445,45.424889],[-73.855495,45.424834],[-73.855559,45.424825],[-73.855636,45.424834],[-73.8557,45.424843],[-73.85584,45.424824],[-73.855878,45.424752],[-73.855968,45.424725],[-73.85607,45.424698],[-73.856146,45.424661],[-73.856223,45.424616],[-73.856299,45.424616],[-73.856363,45.424625],[-73.856759,45.424623],[-73.856976,45.42456],[-73.856989,45.424614],[-73.857079,45.424613],[-73.857078,45.424577],[-73.857526,45.424612],[-73.857769,45.424602],[-73.857884,45.424602],[-73.857973,45.424602],[-73.858011,45.424602],[-73.858063,45.424601],[-73.858101,45.424601],[-73.858178,45.424601],[-73.858306,45.424628],[-73.858382,45.424654],[-73.858459,45.424681],[-73.858549,45.42469],[-73.858625,45.424672],[-73.858677,45.42469],[-73.858766,45.424707],[-73.858868,45.424707],[-73.858971,45.424724],[-73.859239,45.42467],[-73.859277,45.424633],[-73.859341,45.424633],[-73.859468,45.424624],[-73.859583,45.424606],[-73.85966,45.424569],[-73.859775,45.424542],[-73.859851,45.424524],[-73.859953,45.424469],[-73.860004,45.424478],[-73.860361,45.424351],[-73.86096,45.424142],[-73.861152,45.424079],[-73.86128,45.424096],[-73.861292,45.42406],[-73.861356,45.424033],[-73.86093,45.423413],[-73.861134,45.42335],[-73.861341,45.423664],[-73.86143,45.423637],[-73.861313,45.423367],[-73.861505,45.423367],[-73.86162,45.423366],[-73.861697,45.423366],[-73.861773,45.423366],[-73.861863,45.423366],[-73.861913,45.423302],[-73.862003,45.423266],[-73.86213,45.423248],[-73.862309,45.423202],[-73.862424,45.423175],[-73.862513,45.423139],[-73.862628,45.423084],[-73.862576,45.423021],[-73.862614,45.423003],[-73.862292,45.422563],[-73.862509,45.4225],[-73.862779,45.422778],[-73.862856,45.422796],[-73.86292,45.422813],[-73.863009,45.422831],[-73.863073,45.422822],[-73.863188,45.422768],[-73.863252,45.422722],[-73.863315,45.42265],[-73.863366,45.422605],[-73.863417,45.422569],[-73.863531,45.422469],[-73.863594,45.422388],[-73.863671,45.422316],[-73.863734,45.422262],[-73.863798,45.422217],[-73.863849,45.422172],[-73.863899,45.422126],[-73.86395,45.422072],[-73.863975,45.422018],[-73.864051,45.421946],[-73.864115,45.42191],[-73.864192,45.421873],[-73.864268,45.421846],[-73.864332,45.42181],[-73.864396,45.421783],[-73.86451,45.421728],[-73.864937,45.4216],[-73.865173,45.421528],[-73.865199,45.421582],[-73.865276,45.421564],[-73.865365,45.421546],[-73.865455,45.421537],[-73.865582,45.421536],[-73.865659,45.421536],[-73.86571,45.421527],[-73.865697,45.421491],[-73.866042,45.421481],[-73.866107,45.421606],[-73.866183,45.421615],[-73.86626,45.421615],[-73.866337,45.421615],[-73.866413,45.421614],[-73.866541,45.421605],[-73.866541,45.421515],[-73.866923,45.421451],[-73.866924,45.421568],[-73.867052,45.42154],[-73.867012,45.42136],[-73.867421,45.421305],[-73.86746,45.421413],[-73.867549,45.421404],[-73.86751,45.421224],[-73.867893,45.421151],[-73.86797,45.421303],[-73.868124,45.421357],[-73.86881,45.421248],[-73.868877,45.421237],[-73.869125,45.421195],[-73.869145,45.421192],[-73.8694,45.421038],[-73.869413,45.421101],[-73.869502,45.421082],[-73.869463,45.421011],[-73.869783,45.420956],[-73.870165,45.420801],[-73.87019,45.420756],[-73.870241,45.42072],[-73.87033,45.420666],[-73.870381,45.420612],[-73.870419,45.420567],[-73.870508,45.420458],[-73.870456,45.420413],[-73.87043,45.420369],[-73.870417,45.420324],[-73.87043,45.420261],[-73.870468,45.420216],[-73.870608,45.420188],[-73.870672,45.42017],[-73.870736,45.420188],[-73.870787,45.420241],[-73.870839,45.420277],[-73.870902,45.420268],[-73.871005,45.420259],[-73.871107,45.42025],[-73.871196,45.420249],[-73.871299,45.420249],[-73.871401,45.420249],[-73.871477,45.420248],[-73.871567,45.420239],[-73.871595,45.420231],[-73.871631,45.420221],[-73.871669,45.420176],[-73.871668,45.420104],[-73.871668,45.42005],[-73.871757,45.420022],[-73.871821,45.420031],[-73.871847,45.420076],[-73.871949,45.420085],[-73.872026,45.420076],[-73.872089,45.420057],[-73.872166,45.420066],[-73.872256,45.420084],[-73.872371,45.420083],[-73.872447,45.420083],[-73.872499,45.420155],[-73.87255,45.4202],[-73.87264,45.420218],[-73.872691,45.420217],[-73.87287,45.420217],[-73.873673,45.419872],[-73.873799,45.419638],[-73.873875,45.419529],[-73.874244,45.419348],[-73.875556,45.418777],[-73.875607,45.418705],[-73.875619,45.41866],[-73.87567,45.41857],[-73.875708,45.418516],[-73.875759,45.418443],[-73.875797,45.418389],[-73.875809,45.418335],[-73.875847,45.418272],[-73.875885,45.4182],[-73.875897,45.418137],[-73.87591,45.418092],[-73.875922,45.418029],[-73.875973,45.417966],[-73.876036,45.417903],[-73.876074,45.417848],[-73.876125,45.417803],[-73.876163,45.417758],[-73.876227,45.417713],[-73.87629,45.417677],[-73.876379,45.417614],[-73.876443,45.417541],[-73.876506,45.417487],[-73.876544,45.417415],[-73.876557,45.417352],[-73.876582,45.417289],[-73.876683,45.417226],[-73.876772,45.41718],[-73.876836,45.417162],[-73.876913,45.417144],[-73.876977,45.417135],[-73.877053,45.417134],[-73.87713,45.417143],[-73.877207,45.417152],[-73.877283,45.417161],[-73.877373,45.417169],[-73.87745,45.41716],[-73.877539,45.417142],[-73.877654,45.417105],[-73.87773,45.417105],[-73.877794,45.417042],[-73.877883,45.416979],[-73.877946,45.416933],[-73.878022,45.416861],[-73.878086,45.416825],[-73.87815,45.416771],[-73.878202,45.416744],[-73.878239,45.416726],[-73.878315,45.41668],[-73.878379,45.416635],[-73.878468,45.416581],[-73.878531,45.416536],[-73.878595,45.41649],[-73.878646,45.416454],[-73.878633,45.416409],[-73.878632,45.416337],[-73.878632,45.416283],[-73.878619,45.416238],[-73.878644,45.416193],[-73.878631,45.416148],[-73.878567,45.416131],[-73.878465,45.416086],[-73.8784,45.416041],[-73.878387,45.415996],[-73.8784,45.415951],[-73.878399,45.415897],[-73.878348,45.415843],[-73.878297,45.415798],[-73.878283,45.415691],[-73.878283,45.415637],[-73.878295,45.415565],[-73.878333,45.415465],[-73.878358,45.415411],[-73.878332,45.415331],[-73.878331,45.415277],[-73.878318,45.415214],[-73.878331,45.415168],[-73.87833,45.415087],[-73.878342,45.415024],[-73.878393,45.414988],[-73.878444,45.414943],[-73.878469,45.414889],[-73.878533,45.414817],[-73.878558,45.414763],[-73.878596,45.414709],[-73.878634,45.414664],[-73.878697,45.414591],[-73.878787,45.414555],[-73.878876,45.414519],[-73.878952,45.414483],[-73.879003,45.414446],[-73.879041,45.414392],[-73.879105,45.414374],[-73.879182,45.414383],[-73.879271,45.414392],[-73.879347,45.414391],[-73.879411,45.414382],[-73.879501,45.414373],[-73.87959,45.414364],[-73.879692,45.414354],[-73.879782,45.414336],[-73.879871,45.414336],[-73.879948,45.414344],[-73.880025,45.414353],[-73.880114,45.414317],[-73.88019,45.414307],[-73.880394,45.414244],[-73.880484,45.414235],[-73.880586,45.414243],[-73.880688,45.414252],[-73.880752,45.414261],[-73.880829,45.414278],[-73.880893,45.414305],[-73.880957,45.41435],[-73.88106,45.414458],[-73.8811,45.414637],[-73.881152,45.414754],[-73.881255,45.41488],[-73.881447,45.415014],[-73.881934,45.415255],[-73.881986,45.415399],[-73.882167,45.415651],[-73.882129,45.415696],[-73.882219,45.415848],[-73.882372,45.41583],[-73.882691,45.415721],[-73.882806,45.415658],[-73.882882,45.415621],[-73.882959,45.415585],[-73.88301,45.415549],[-73.883112,45.415513],[-73.883201,45.415503],[-73.883265,45.415512],[-73.883367,45.415521],[-73.883444,45.41552],[-73.88352,45.41552],[-73.883597,45.41552],[-73.883674,45.41552],[-73.88375,45.41551],[-73.883852,45.415492],[-73.883916,45.415465],[-73.88398,45.415438],[-73.884044,45.415428],[-73.884108,45.415428],[-73.884324,45.415346],[-73.884465,45.415346],[-73.884529,45.415346],[-73.884669,45.415246],[-73.884706,45.415174],[-73.884834,45.415111],[-73.885075,45.414957],[-73.885304,45.414722],[-73.885354,45.414641],[-73.885392,45.414605],[-73.885494,45.414551],[-73.885609,45.414505],[-73.885685,45.414469],[-73.885774,45.414442],[-73.885838,45.414424],[-73.885902,45.414405],[-73.885966,45.414387],[-73.886055,45.41436],[-73.886132,45.414333],[-73.886195,45.414305],[-73.886272,45.414305],[-73.886361,45.414305],[-73.886425,45.414287],[-73.886515,45.414403],[-73.886605,45.414403],[-73.886591,45.414286],[-73.886975,45.414402],[-73.887565,45.41467],[-73.887667,45.414696],[-73.888154,45.414821],[-73.888895,45.414908],[-73.889049,45.414908],[-73.889176,45.414907],[-73.889393,45.414879],[-73.889432,45.414915],[-73.889509,45.414915],[-73.889572,45.414906],[-73.889623,45.414852],[-73.889674,45.414807],[-73.88975,45.41477],[-73.889827,45.414752],[-73.889967,45.414716],[-73.890057,45.414697],[-73.89012,45.414688],[-73.890184,45.414661],[-73.890286,45.414633],[-73.890388,45.414615],[-73.890426,45.414606],[-73.891052,45.414478],[-73.891038,45.414451],[-73.891345,45.41436],[-73.891409,45.414369],[-73.891472,45.414341],[-73.891549,45.414305],[-73.891612,45.414287],[-73.891676,45.414269],[-73.891766,45.41425],[-73.891829,45.414241],[-73.891906,45.414232],[-73.891995,45.414196],[-73.892084,45.414177],[-73.892225,45.414177],[-73.892365,45.414176],[-73.892455,45.414176],[-73.892583,45.414176],[-73.892647,45.414193],[-73.892711,45.414211],[-73.892775,45.414202],[-73.892851,45.414202],[-73.893235,45.414245],[-73.893248,45.414326],[-73.89344,45.414362],[-73.893452,45.414272],[-73.893797,45.414279],[-73.894539,45.414367],[-73.894679,45.414366],[-73.895279,45.414283],[-73.895436,45.414184],[-73.895521,45.41413],[-73.895559,45.414075],[-73.895699,45.413985],[-73.895813,45.413912],[-73.895864,45.413876],[-73.895928,45.413831],[-73.895991,45.413777],[-73.896055,45.413732],[-73.89608,45.413687],[-73.896105,45.413633],[-73.896219,45.413542],[-73.896283,45.413488],[-73.896346,45.413425],[-73.896384,45.413371],[-73.89646,45.413271],[-73.896575,45.413172],[-73.8966,45.413127],[-73.896638,45.413073],[-73.896663,45.413028],[-73.896726,45.412937],[-73.89679,45.412874],[-73.896866,45.412829],[-73.896917,45.412793],[-73.896942,45.41273],[-73.89698,45.412658],[-73.897043,45.41263],[-73.89712,45.412639],[-73.897184,45.412657],[-73.897261,45.412648],[-73.897376,45.412611],[-73.897452,45.412584],[-73.897567,45.412548],[-73.897643,45.412538],[-73.897732,45.412493],[-73.897822,45.41243],[-73.897936,45.412357],[-73.898,45.412339],[-73.898051,45.412303],[-73.898165,45.41224],[-73.898241,45.412203],[-73.898343,45.41214],[-73.89842,45.412086],[-73.898496,45.412031],[-73.898572,45.411968],[-73.898636,45.411941],[-73.898699,45.411905],[-73.898801,45.411868],[-73.898865,45.41185],[-73.898929,45.411832],[-73.898993,45.411841],[-73.899069,45.411841],[-73.89912,45.411813],[-73.899464,45.411641],[-73.899451,45.41156],[-73.899795,45.411433],[-73.899833,45.411487],[-73.900088,45.411387],[-73.900241,45.41136],[-73.900305,45.411314],[-73.900381,45.41126],[-73.900445,45.411242],[-73.900547,45.411241],[-73.900662,45.41125],[-73.900752,45.411259],[-73.900867,45.411267],[-73.900943,45.411276],[-73.90102,45.411276],[-73.901122,45.411275],[-73.901186,45.411293],[-73.901314,45.411302],[-73.901365,45.411338],[-73.901442,45.411373],[-73.901506,45.411391],[-73.901596,45.411391],[-73.90166,45.4114],[-73.901724,45.411408],[-73.901801,45.411444],[-73.901877,45.411471],[-73.901954,45.411461],[-73.902031,45.411461],[-73.902107,45.411443],[-73.902132,45.411389],[-73.902106,45.411335],[-73.902106,45.411281],[-73.902118,45.411227],[-73.902195,45.411254],[-73.902221,45.411307],[-73.902222,45.411371],[-73.902222,45.411434],[-73.902286,45.411469],[-73.902376,45.411469],[-73.902465,45.411469],[-73.902529,45.411432],[-73.902605,45.411423],[-73.902682,45.411432],[-73.902759,45.411441],[-73.902835,45.411449],[-73.90295,45.411449],[-73.903014,45.411458],[-73.903091,45.411457],[-73.903206,45.411457],[-73.903347,45.411456],[-73.903423,45.411465],[-73.903513,45.411465],[-73.903589,45.411465],[-73.903653,45.411455],[-73.90373,45.411428],[-73.903819,45.411392],[-73.903883,45.411401],[-73.903972,45.411445],[-73.904036,45.411454],[-73.904113,45.411445],[-73.904228,45.411444],[-73.904292,45.411453],[-73.904381,45.411453],[-73.904445,45.411462],[-73.904573,45.41147],[-73.904637,45.411488],[-73.904765,45.411505],[-73.904855,45.411505],[-73.905008,45.411523],[-73.905366,45.411566],[-73.905519,45.411575],[-73.905634,45.411574],[-73.905762,45.411556],[-73.905839,45.411574],[-73.905928,45.411573],[-73.906005,45.411555],[-73.906081,45.411546],[-73.90617,45.411519],[-73.90626,45.411518],[-73.906336,45.411509],[-73.9064,45.411473],[-73.906476,45.411445],[-73.906566,45.411436],[-73.906719,45.411426],[-73.907242,45.411308],[-73.907408,45.411316],[-73.907498,45.411298],[-73.90802,45.411116],[-73.908645,45.411015],[-73.909091,45.410806],[-73.909117,45.410833],[-73.909588,45.410642],[-73.909689,45.410498],[-73.910454,45.410252],[-73.910595,45.410324],[-73.910735,45.410296],[-73.91127,45.410087],[-73.911614,45.409924],[-73.911614,45.409879],[-73.911793,45.409843],[-73.912378,45.409499],[-73.912467,45.40948],[-73.912518,45.409435],[-73.912619,45.409381],[-73.912683,45.409345],[-73.912747,45.409326],[-73.912811,45.409299],[-73.912912,45.409245],[-73.913001,45.409199],[-73.913078,45.409163],[-73.913154,45.409127],[-73.913243,45.409082],[-73.913307,45.409054],[-73.913383,45.408991],[-73.913447,45.408964],[-73.913881,45.408872],[-73.914238,45.408817],[-73.914302,45.408844],[-73.914556,45.408627],[-73.914658,45.408617],[-73.914709,45.408581],[-73.914747,45.408536],[-73.914759,45.408491],[-73.914784,45.408446],[-73.914822,45.408392],[-73.914835,45.408347],[-73.91486,45.408275],[-73.914898,45.408221],[-73.914948,45.408158],[-73.914999,45.408103],[-73.91505,45.408058],[-73.915113,45.407977],[-73.915164,45.407932],[-73.915227,45.407895],[-73.915317,45.40785],[-73.91538,45.407832],[-73.915469,45.407778],[-73.915546,45.407732],[-73.915648,45.407705],[-73.915724,45.407696],[-73.915788,45.407686],[-73.91589,45.407668],[-73.915954,45.407659],[-73.916018,45.407641],[-73.916107,45.407622],[-73.916184,45.407604],[-73.916273,45.407595],[-73.916375,45.407567],[-73.916439,45.407549],[-73.916515,45.407531],[-73.916579,45.407513],[-73.916643,45.407485],[-73.916719,45.407458],[-73.916731,45.407404],[-73.916731,45.407323],[-73.91673,45.407269],[-73.91673,45.407206],[-73.916781,45.40717],[-73.916819,45.407215],[-73.91682,45.407269],[-73.916846,45.407314],[-73.916859,45.40735],[-73.916859,45.407413],[-73.916872,45.407484],[-73.916949,45.407493],[-73.917001,45.407529],[-73.917065,45.407547],[-73.917141,45.407573],[-73.917206,45.4076],[-73.91727,45.407636],[-73.917334,45.407672],[-73.917398,45.407699],[-73.9175,45.407698],[-73.917577,45.407698],[-73.917717,45.40767],[-73.917794,45.40767],[-73.91787,45.40767],[-73.917934,45.407688],[-73.917998,45.407669],[-73.918113,45.407651],[-73.918189,45.407642],[-73.918317,45.407623],[-73.918381,45.407605],[-73.91847,45.407596],[-73.91856,45.407595],[-73.918623,45.407586],[-73.918713,45.407568],[-73.918789,45.40755],[-73.918853,45.407531],[-73.918904,45.407495],[-73.918955,45.40745],[-73.918993,45.407396],[-73.919043,45.407351],[-73.919094,45.407296],[-73.919145,45.40726],[-73.919183,45.407206],[-73.919208,45.407134],[-73.919246,45.40708],[-73.919283,45.407008],[-73.919321,45.406954],[-73.919372,45.406891],[-73.91941,45.406836],[-73.919448,45.406791],[-73.919486,45.406746],[-73.919511,45.406701],[-73.919549,45.406638],[-73.919561,45.406575],[-73.919574,45.40653],[-73.919599,45.406485],[-73.919637,45.40644],[-73.919662,45.406395],[-73.9197,45.406349],[-73.919751,45.406286],[-73.919776,45.406241],[-73.919827,45.406178],[-73.919839,45.406133],[-73.919864,45.406079],[-73.919902,45.406034],[-73.919991,45.405979],[-73.920004,45.405934],[-73.919978,45.405862],[-73.919964,45.405754],[-73.919963,45.405692],[-73.919951,45.405647],[-73.91995,45.405593],[-73.919937,45.40553],[-73.91986,45.40553],[-73.919796,45.405521],[-73.919847,45.405485],[-73.919924,45.405458],[-73.920013,45.405412],[-73.920012,45.405349],[-73.919999,45.405304],[-73.91996,45.405251],[-73.91996,45.405188],[-73.919959,45.40508],[-73.919959,45.405026],[-73.919971,45.404981],[-73.919971,45.4049],[-73.91997,45.404846],[-73.91997,45.404792],[-73.919982,45.404747],[-73.920007,45.404684],[-73.920045,45.404638],[-73.920083,45.404575],[-73.920133,45.404494],[-73.920197,45.404413],[-73.920248,45.404368],[-73.920311,45.404322],[-73.920362,45.404286],[-73.920426,45.40425],[-73.920515,45.404205],[-73.920591,45.404178],[-73.920667,45.404132],[-73.920705,45.404024],[-73.920717,45.403961],[-73.920755,45.403916],[-73.920819,45.403862],[-73.920882,45.403808],[-73.920946,45.403762],[-73.920996,45.403726],[-73.921073,45.403672],[-73.921136,45.403626],[-73.9212,45.403581],[-73.921276,45.403554],[-73.92134,45.403527],[-73.921417,45.403527],[-73.921493,45.403535],[-73.92157,45.403562],[-73.921634,45.403607],[-73.921698,45.403624],[-73.921762,45.403642],[-73.921839,45.403669],[-73.921916,45.403678],[-73.921992,45.403686],[-73.922082,45.403704],[-73.922159,45.403713],[-73.922223,45.403721],[-73.922312,45.403739],[-73.922364,45.403775],[-73.922428,45.403784],[-73.922479,45.403747],[-73.922568,45.403729],[-73.922631,45.40372],[-73.922644,45.403657],[-73.922643,45.403603],[-73.922656,45.403558],[-73.922668,45.403504],[-73.922681,45.403459],[-73.922693,45.403369],[-73.922705,45.403297],[-73.922705,45.403234],[-73.922717,45.403189],[-73.922729,45.403126],[-73.922742,45.403063],[-73.922767,45.403018],[-73.92283,45.402981],[-73.922894,45.402972],[-73.922958,45.402999],[-73.92301,45.403026],[-73.923023,45.40308],[-73.923023,45.403134],[-73.922831,45.403125],[-73.922748,45.403963],[-73.922787,45.404016],[-73.922762,45.40407],[-73.922813,45.404097],[-73.922877,45.404097],[-73.92289,45.40407],[-73.923056,45.404087],[-73.92344,45.40414],[-73.923662,45.403203],[-73.923343,45.403186],[-73.923368,45.403114],[-73.923393,45.403051],[-73.923469,45.403024],[-73.923572,45.403033],[-73.923674,45.40305],[-73.923764,45.403077],[-73.923828,45.403104],[-73.923866,45.403122],[-73.923905,45.403175],[-73.923918,45.403229],[-73.923906,45.403265],[-73.923868,45.403329],[-73.924022,45.4034],[-73.924073,45.403445],[-73.924112,45.403508],[-73.924176,45.403552],[-73.924265,45.403543],[-73.924367,45.403525],[-73.924444,45.403515],[-73.924533,45.403506],[-73.924661,45.403505],[-73.924763,45.403505],[-73.924853,45.403505],[-73.924929,45.403504],[-73.924993,45.403513],[-73.925045,45.403549],[-73.925109,45.403612],[-73.925173,45.403684],[-73.925212,45.403728],[-73.925276,45.403782],[-73.925391,45.403782],[-73.925481,45.40379],[-73.925532,45.403835],[-73.925622,45.403835],[-73.925685,45.403817],[-73.925749,45.403789],[-73.925915,45.40378],[-73.925992,45.403771],[-73.926093,45.403734],[-73.926157,45.403725],[-73.926234,45.403734],[-73.926311,45.403733],[-73.926425,45.403724],[-73.926502,45.403679],[-73.926552,45.403633],[-73.926603,45.403588],[-73.926667,45.403498],[-73.926717,45.403462],[-73.926717,45.403408],[-73.926729,45.403345],[-73.926767,45.4033],[-73.926818,45.403264],[-73.926869,45.4032],[-73.926932,45.403182],[-73.926996,45.403218],[-73.927048,45.403263],[-73.927138,45.403325],[-73.927202,45.403352],[-73.927304,45.40337],[-73.927381,45.40336],[-73.927431,45.403315],[-73.927406,45.403243],[-73.927316,45.403217],[-73.927239,45.403217],[-73.927175,45.403208],[-73.9272,45.403163],[-73.927277,45.403145],[-73.927354,45.403144],[-73.927443,45.403135],[-73.927532,45.403144],[-73.927609,45.403171],[-73.927648,45.403224],[-73.927648,45.403278],[-73.927636,45.403359],[-73.927624,45.403413],[-73.927611,45.403477],[-73.927612,45.40353],[-73.927651,45.403575],[-73.927791,45.403575],[-73.927842,45.40353],[-73.927867,45.403485],[-73.927892,45.403431],[-73.927905,45.403385],[-73.927917,45.403322],[-73.927942,45.403259],[-73.927967,45.403205],[-73.928005,45.403151],[-73.928019,45.403232],[-73.928019,45.403304],[-73.928019,45.403367],[-73.928096,45.40334],[-73.928185,45.40333],[-73.928122,45.403385],[-73.928071,45.403421],[-73.928008,45.403466],[-73.92797,45.403529],[-73.927958,45.403628],[-73.927971,45.403673],[-73.928099,45.4037],[-73.928175,45.40369],[-73.9282,45.403636],[-73.928149,45.403582],[-73.928161,45.403528],[-73.928251,45.403492],[-73.928314,45.403474],[-73.928416,45.403455],[-73.92848,45.403446],[-73.928569,45.403437],[-73.928646,45.403428],[-73.928761,45.403427],[-73.928825,45.403418],[-73.928914,45.4034],[-73.928965,45.403354],[-73.929054,45.403309],[-73.929105,45.403273],[-73.929117,45.403219],[-73.929129,45.403165],[-73.929142,45.40321],[-73.92913,45.403273],[-73.929092,45.403318],[-73.929118,45.403372],[-73.929182,45.403417],[-73.929259,45.403434],[-73.929399,45.403407],[-73.929502,45.403415],[-73.92963,45.403442],[-73.929706,45.40346],[-73.929809,45.403486],[-73.92995,45.403531],[-73.930027,45.403575],[-73.930078,45.403638],[-73.93013,45.403683],[-73.930181,45.403746],[-73.930233,45.4038],[-73.930259,45.403854],[-73.930349,45.403934],[-73.930425,45.403943],[-73.930502,45.403961],[-73.930579,45.403978],[-73.930669,45.403996],[-73.930733,45.404014],[-73.930797,45.40404],[-73.930861,45.404067],[-73.930938,45.404085],[-73.931002,45.404103],[-73.931078,45.404102],[-73.931206,45.404102],[-73.931295,45.404102],[-73.93136,45.404137],[-73.931385,45.404182],[-73.931335,45.404227],[-73.931284,45.404291],[-73.931272,45.404345],[-73.931285,45.40439],[-73.931336,45.404425],[-73.9314,45.404443],[-73.931464,45.40447],[-73.931541,45.404497],[-73.931695,45.404523],[-73.931771,45.404523],[-73.931835,45.404531],[-73.93195,45.404495],[-73.931975,45.40445],[-73.932052,45.404459],[-73.932103,45.404494],[-73.932193,45.404521],[-73.932257,45.404548],[-73.932321,45.404575],[-73.932398,45.404592],[-73.932462,45.404601],[-73.932551,45.404601],[-73.932615,45.404609],[-73.932692,45.404618],[-73.932742,45.404582],[-73.932819,45.404582],[-73.932832,45.404627],[-73.932896,45.404635],[-73.932973,45.404635],[-73.933024,45.404599],[-73.933036,45.404545],[-73.933113,45.404545],[-73.933177,45.404571],[-73.933203,45.404616],[-73.933241,45.404661],[-73.933279,45.404616],[-73.933343,45.404634],[-73.933433,45.404642],[-73.933497,45.404633],[-73.933586,45.404633],[-73.933663,45.404632],[-73.933713,45.404596],[-73.93379,45.40456],[-73.933853,45.404524],[-73.933904,45.404479],[-73.933932,45.404459],[-73.933955,45.404442],[-73.934006,45.404406],[-73.934082,45.40437],[-73.934158,45.404334],[-73.934248,45.404297],[-73.934311,45.40427],[-73.934375,45.404252],[-73.934464,45.404252],[-73.934528,45.40426],[-73.934592,45.404215],[-73.934681,45.404215],[-73.934745,45.404232],[-73.934809,45.40425],[-73.934873,45.404277],[-73.934938,45.404322],[-73.935015,45.404366],[-73.935079,45.404393],[-73.935091,45.404348],[-73.93509,45.404267],[-73.935065,45.404213],[-73.935039,45.404159],[-73.935,45.404097],[-73.934987,45.404025],[-73.935076,45.404051],[-73.935102,45.404096],[-73.935141,45.404195],[-73.935205,45.404204],[-73.935231,45.404258],[-73.935219,45.404357],[-73.935219,45.404411],[-73.935283,45.404419],[-73.93536,45.404419],[-73.935424,45.404428],[-73.935488,45.404455],[-73.935603,45.404454],[-73.935718,45.404436],[-73.935782,45.404426],[-73.935845,45.404417],[-73.935922,45.404417],[-73.93605,45.404407],[-73.936126,45.404407],[-73.93619,45.404389],[-73.936279,45.404371],[-73.936368,45.404352],[-73.936458,45.404334],[-73.936522,45.404325],[-73.9367,45.404234],[-73.937846,45.403843],[-73.938076,45.40377],[-73.938152,45.403743],[-73.938216,45.403706],[-73.938292,45.403697],[-73.938382,45.403697],[-73.938459,45.403696],[-73.938496,45.403642],[-73.938547,45.403588],[-73.938585,45.403534],[-73.938636,45.403471],[-73.938673,45.403408],[-73.938711,45.403362],[-73.938749,45.403308],[-73.938787,45.403263],[-73.938851,45.403227],[-73.938927,45.403218],[-73.938991,45.403235],[-73.939068,45.403235],[-73.939132,45.403217],[-73.93917,45.403172],[-73.939208,45.403118],[-73.939246,45.403072],[-73.939322,45.403063],[-73.939399,45.403045],[-73.939526,45.403026],[-73.939629,45.403017],[-73.939731,45.403007],[-73.939833,45.402989],[-73.939973,45.402944],[-73.940049,45.402925],[-73.940151,45.402907],[-73.940266,45.402889],[-73.94033,45.40287],[-73.940419,45.402852],[-73.940521,45.402833],[-73.940598,45.402833],[-73.940687,45.402833],[-73.940777,45.402833],[-73.940853,45.402823],[-73.940943,45.402823],[-73.941032,45.402814],[-73.941172,45.402795],[-73.941236,45.402786],[-73.941351,45.402767],[-73.941415,45.402758],[-73.941517,45.402767],[-73.941836,45.402675],[-73.941951,45.402675],[-73.942321,45.402674],[-73.942474,45.402619],[-73.942563,45.402601],[-73.942627,45.402591],[-73.942716,45.402573],[-73.942805,45.402546],[-73.94292,45.402527],[-73.94301,45.402509],[-73.943124,45.402482],[-73.943213,45.402463],[-73.943288,45.402443],[-73.943316,45.402436],[-73.94343,45.402417],[-73.943494,45.402408],[-73.943558,45.40239],[-73.943621,45.402354],[-73.943685,45.402335],[-73.943749,45.402326],[-73.943838,45.402299],[-73.944413,45.402252],[-73.944515,45.402251],[-73.944528,45.402287],[-73.944604,45.402278],[-73.945269,45.40232],[-73.945843,45.402264],[-73.946457,45.40228],[-73.946484,45.402459],[-73.946611,45.402441],[-73.946585,45.402315],[-73.94661,45.402288],[-73.947401,45.402204],[-73.947414,45.40215],[-73.948002,45.402201],[-73.947964,45.40231],[-73.948092,45.402354],[-73.948233,45.402399],[-73.948297,45.402425],[-73.948361,45.40247],[-73.948413,45.402506],[-73.948375,45.402614],[-73.948452,45.402632],[-73.94849,45.402559],[-73.948527,45.40246],[-73.948617,45.402478],[-73.94863,45.40246],[-73.948796,45.402486],[-73.949627,45.402636],[-73.949653,45.402609],[-73.949742,45.402636],[-73.949755,45.402591],[-73.950318,45.402723],[-73.950396,45.402849],[-73.950536,45.402893],[-73.950677,45.402893],[-73.951086,45.402918],[-73.951278,45.40298],[-73.951278,45.402954],[-73.954711,45.404164],[-73.954763,45.404175],[-73.954972,45.404222],[-73.95504,45.404237],[-73.955108,45.404252],[-73.955517,45.404314],[-73.956414,45.404751],[-73.956684,45.404885],[-73.957778,45.405888],[-73.957651,45.405952],[-73.957612,45.405898],[-73.957535,45.405925],[-73.957626,45.406024],[-73.957474,45.406204],[-73.957527,45.406429],[-73.957338,45.406853],[-73.957429,45.406942],[-73.957075,45.407439],[-73.956972,45.407412],[-73.956948,45.407547],[-73.957012,45.407583],[-73.956974,45.407637],[-73.956885,45.407584],[-73.956847,45.407629],[-73.956923,45.407655],[-73.956924,45.4077],[-73.956822,45.4078],[-73.956861,45.407853],[-73.956887,45.407908],[-73.95699,45.408024],[-73.957042,45.40806],[-73.957119,45.408122],[-73.95717,45.408167],[-73.95726,45.408239],[-73.957299,45.408284],[-73.95735,45.408329],[-73.957402,45.408373],[-73.95744,45.408418],[-73.957505,45.408445],[-73.957594,45.408489],[-73.957654,45.408531],[-73.957659,45.408534]]],[[[-73.95731,45.404945],[-73.957285,45.404972],[-73.956887,45.404767],[-73.956759,45.404749],[-73.956541,45.404633],[-73.956157,45.404473],[-73.955618,45.404214],[-73.955298,45.404062],[-73.955208,45.404029],[-73.955156,45.40401],[-73.954976,45.403943],[-73.954721,45.403849],[-73.951788,45.402807],[-73.951697,45.402718],[-73.951748,45.402682],[-73.951799,45.402672],[-73.9544,45.40358],[-73.954374,45.403625],[-73.9549,45.403812],[-73.955014,45.403794],[-73.955088,45.403821],[-73.955262,45.403887],[-73.955301,45.403902],[-73.955604,45.404016],[-73.95582,45.403889],[-73.955769,45.403854],[-73.955832,45.403808],[-73.955935,45.403862],[-73.956011,45.403853],[-73.956742,45.404201],[-73.95814,45.404906],[-73.959716,45.405394],[-73.959843,45.405385],[-73.959844,45.405457],[-73.959691,45.405466],[-73.958333,45.405049],[-73.958051,45.40496],[-73.956717,45.404282],[-73.956617,45.404435],[-73.95731,45.404945]]],[[[-73.928811,45.403256],[-73.928734,45.403292],[-73.928645,45.403293],[-73.928581,45.403266],[-73.928632,45.403221],[-73.928695,45.403211],[-73.928759,45.403193],[-73.928823,45.403166],[-73.928873,45.403121],[-73.928899,45.403076],[-73.928925,45.403121],[-73.9289,45.403175],[-73.928861,45.40322],[-73.928811,45.403256]]],[[[-73.926419,45.402887],[-73.926407,45.402941],[-73.926369,45.402986],[-73.926305,45.402977],[-73.926292,45.402932],[-73.926266,45.402888],[-73.926253,45.402816],[-73.926265,45.402753],[-73.92629,45.402698],[-73.926354,45.402671],[-73.926405,45.402716],[-73.926418,45.402779],[-73.926431,45.402833],[-73.926419,45.402887]]],[[[-73.736993,45.432988],[-73.737005,45.432943],[-73.737005,45.432889],[-73.737018,45.432826],[-73.737043,45.432763],[-73.737094,45.4327],[-73.737183,45.432619],[-73.737247,45.432565],[-73.73731,45.432493],[-73.737323,45.43243],[-73.737361,45.432358],[-73.737386,45.432313],[-73.73745,45.43225],[-73.737488,45.432204],[-73.737539,45.432169],[-73.737616,45.432141],[-73.737718,45.432096],[-73.737781,45.432042],[-73.737832,45.432006],[-73.737909,45.431979],[-73.737985,45.431943],[-73.738087,45.431888],[-73.738189,45.431852],[-73.738253,45.431816],[-73.738291,45.431771],[-73.738342,45.431708],[-73.738393,45.431663],[-73.738418,45.431618],[-73.738431,45.431564],[-73.738482,45.431519],[-73.738533,45.431455],[-73.738545,45.431393],[-73.738583,45.431338],[-73.738596,45.431293],[-73.738596,45.43123],[-73.738596,45.431176],[-73.738621,45.431122],[-73.738646,45.431068],[-73.738684,45.431023],[-73.738748,45.430987],[-73.738824,45.430942],[-73.738888,45.430915],[-73.739003,45.430861],[-73.739067,45.430833],[-73.739131,45.430815],[-73.739233,45.430806],[-73.73931,45.430788],[-73.739373,45.430743],[-73.739437,45.43068],[-73.739565,45.430616],[-73.739641,45.43058],[-73.739717,45.430562],[-73.739871,45.430553],[-73.739935,45.430544],[-73.739999,45.430553],[-73.740088,45.430552],[-73.740165,45.430552],[-73.740229,45.430534],[-73.740331,45.430534],[-73.740459,45.430543],[-73.740535,45.430542],[-73.740625,45.430551],[-73.740689,45.430569],[-73.740766,45.430587],[-73.740842,45.430623],[-73.740945,45.430641],[-73.74106,45.430667],[-73.741201,45.430694],[-73.741316,45.430721],[-73.741392,45.43073],[-73.741469,45.430748],[-73.741559,45.430765],[-73.741648,45.430801],[-73.741789,45.43081],[-73.741853,45.430828],[-73.741917,45.430864],[-73.742045,45.43089],[-73.74216,45.430899],[-73.74225,45.430953],[-73.742352,45.430988],[-73.742416,45.431006],[-73.742506,45.431024],[-73.742595,45.431051],[-73.742723,45.431114],[-73.742864,45.431131],[-73.742966,45.43114],[-73.743068,45.43114],[-73.743286,45.43114],[-73.743375,45.431139],[-73.743503,45.431148],[-73.743567,45.431139],[-73.743644,45.431157],[-73.74372,45.431157],[-73.743835,45.431147],[-73.743925,45.431138],[-73.74404,45.431147],[-73.744116,45.431147],[-73.74418,45.431156],[-73.744296,45.431164],[-73.744474,45.431182],[-73.744538,45.4312],[-73.744654,45.431245],[-73.744718,45.431262],[-73.74482,45.431271],[-73.744948,45.431298],[-73.745012,45.431325],[-73.745089,45.431343],[-73.745153,45.431369],[-73.745268,45.431405],[-73.745332,45.431432],[-73.745396,45.431459],[-73.745473,45.431504],[-73.745537,45.431549],[-73.745588,45.431584],[-73.745665,45.43162],[-73.745755,45.431665],[-73.745819,45.431701],[-73.745908,45.431737],[-73.745972,45.431773],[-73.746024,45.431809],[-73.746113,45.431862],[-73.746165,45.431916],[-73.746229,45.431979],[-73.746306,45.43206],[-73.746344,45.432114],[-73.746358,45.432159],[-73.746345,45.432222],[-73.746345,45.432285],[-73.746333,45.432348],[-73.74632,45.432393],[-73.746295,45.432447],[-73.746257,45.432528],[-73.746206,45.4326],[-73.746181,45.432654],[-73.746143,45.432717],[-73.746092,45.432771],[-73.746041,45.432825],[-73.745964,45.432889],[-73.745888,45.432943],[-73.745824,45.432979],[-73.745735,45.432988],[-73.745658,45.433024],[-73.745594,45.43306],[-73.745518,45.433114],[-73.745442,45.433177],[-73.745378,45.433232],[-73.745251,45.433349],[-73.745174,45.433403],[-73.745085,45.433466],[-73.745034,45.433538],[-73.744958,45.433611],[-73.744894,45.433647],[-73.744843,45.433683],[-73.744779,45.433719],[-73.744652,45.433755],[-73.74446,45.433801],[-73.744422,45.433819],[-73.744333,45.433855],[-73.74423,45.433855],[-73.744154,45.433855],[-73.74409,45.433837],[-73.744026,45.433828],[-73.743936,45.433802],[-73.743872,45.433793],[-73.743757,45.433775],[-73.743655,45.433757],[-73.743565,45.43374],[-73.743501,45.433722],[-73.743412,45.433686],[-73.743335,45.433668],[-73.743246,45.433659],[-73.743144,45.433767],[-73.743117,45.433641],[-73.743015,45.433597],[-73.742977,45.433588],[-73.742862,45.433606],[-73.742633,45.433849],[-73.742556,45.433841],[-73.742593,45.433598],[-73.742504,45.433589],[-73.742465,45.43358],[-73.742402,45.433562],[-73.742363,45.433517],[-73.742312,45.433481],[-73.742235,45.43349],[-73.742222,45.433535],[-73.74221,45.433571],[-73.742134,45.433662],[-73.742044,45.433644],[-73.741993,45.433608],[-73.741941,45.433563],[-73.741954,45.433518],[-73.741865,45.433518],[-73.741801,45.433527],[-73.741788,45.433572],[-73.741724,45.433599],[-73.74166,45.433618],[-73.741609,45.433645],[-73.741533,45.433672],[-73.741431,45.433726],[-73.741329,45.433762],[-73.741239,45.433735],[-73.741162,45.433682],[-73.741124,45.433655],[-73.741047,45.433655],[-73.740971,45.433655],[-73.740843,45.433673],[-73.740766,45.433683],[-73.740626,45.433719],[-73.740498,45.433719],[-73.740421,45.433737],[-73.740319,45.433782],[-73.740191,45.433792],[-73.740115,45.433801],[-73.740038,45.433801],[-73.739872,45.433819],[-73.739795,45.433838],[-73.739693,45.433847],[-73.739565,45.433838],[-73.739463,45.433838],[-73.739373,45.433802],[-73.739309,45.433794],[-73.739233,45.433767],[-73.739143,45.433749],[-73.739054,45.433731],[-73.738938,45.433713],[-73.738849,45.433696],[-73.738734,45.43366],[-73.738631,45.433624],[-73.738529,45.433588],[-73.738452,45.433579],[-73.738376,45.433579],[-73.738158,45.43358],[-73.738043,45.43358],[-73.737941,45.43358],[-73.737877,45.43359],[-73.737813,45.433581],[-73.737736,45.433572],[-73.737673,45.433581],[-73.73757,45.433572],[-73.737366,45.433573],[-73.737276,45.433573],[-73.737212,45.433564],[-73.737148,45.433546],[-73.737072,45.43351],[-73.73702,45.433456],[-73.737007,45.433384],[-73.737007,45.43333],[-73.736981,45.433267],[-73.736981,45.433213],[-73.736981,45.43316],[-73.73698,45.433096],[-73.736993,45.433051],[-73.736993,45.432988]]],[[[-73.734307,45.432463],[-73.734307,45.432517],[-73.734307,45.43258],[-73.734294,45.432625],[-73.734244,45.432688],[-73.734206,45.432733],[-73.734154,45.432769],[-73.734078,45.432805],[-73.73395,45.432851],[-73.733874,45.432878],[-73.733759,45.432878],[-73.733746,45.432833],[-73.733746,45.43277],[-73.733758,45.432707],[-73.733758,45.432608],[-73.733783,45.432536],[-73.73377,45.432464],[-73.733795,45.432401],[-73.73382,45.432329],[-73.733858,45.432239],[-73.733871,45.432185],[-73.73396,45.432167],[-73.734037,45.432185],[-73.734242,45.432247],[-73.73428,45.43231],[-73.734319,45.432391],[-73.734307,45.432463]]],[[[-73.722966,45.431442],[-73.723043,45.431406],[-73.723106,45.431379],[-73.72317,45.431334],[-73.723311,45.431261],[-73.723374,45.431234],[-73.723464,45.431198],[-73.72354,45.431162],[-73.723719,45.431081],[-73.723783,45.431053],[-73.723872,45.431044],[-73.723987,45.431026],[-73.724076,45.431008],[-73.724153,45.430999],[-73.724281,45.431007],[-73.724473,45.431016],[-73.724575,45.431025],[-73.72469,45.431034],[-73.72483,45.431033],[-73.724907,45.431069],[-73.724971,45.431087],[-73.725048,45.431114],[-73.725112,45.43115],[-73.725163,45.431204],[-73.725228,45.431276],[-73.725279,45.431347],[-73.725279,45.43141],[-73.72528,45.431464],[-73.725267,45.431527],[-73.725242,45.43168],[-73.725229,45.431725],[-73.725166,45.43178],[-73.725115,45.431816],[-73.725038,45.431906],[-73.725,45.431951],[-73.724911,45.432032],[-73.724835,45.432077],[-73.724771,45.432068],[-73.724656,45.432051],[-73.724579,45.432024],[-73.724515,45.431988],[-73.724438,45.432006],[-73.724349,45.432033],[-73.724272,45.432051],[-73.724119,45.43207],[-73.724029,45.43207],[-73.723953,45.43207],[-73.723889,45.432061],[-73.72371,45.432052],[-73.723646,45.432044],[-73.723569,45.432026],[-73.72348,45.432026],[-73.723403,45.432017],[-73.723326,45.432017],[-73.723186,45.432035],[-73.723109,45.432071],[-73.722994,45.432081],[-73.722879,45.432081],[-73.722802,45.432045],[-73.722789,45.432],[-73.722777,45.431946],[-73.722789,45.431865],[-73.722789,45.431775],[-73.722801,45.431694],[-73.722814,45.431622],[-73.722852,45.431559],[-73.722877,45.431505],[-73.722966,45.431442]]]]}},{"type":"Feature","properties":{"sector_id":"10"},"geometry":{"type":"MultiPolygon","coordinates":[[[[-73.545195,45.45223],[-73.545297,45.45214],[-73.545374,45.452104],[-73.545451,45.452077],[-73.545604,45.451987],[-73.545655,45.451951],[-73.545732,45.451924],[-73.545847,45.451879],[-73.545962,45.451834],[-73.546039,45.451789],[-73.546141,45.45169],[-73.54623,45.451627],[-73.546345,45.451555],[-73.546435,45.451492],[-73.546601,45.451375],[-73.546665,45.451321],[-73.546729,45.451249],[-73.546767,45.451204],[-73.546805,45.451177],[-73.546793,45.451132],[-73.546703,45.451123],[-73.546601,45.451096],[-73.546562,45.451042],[-73.546498,45.450988],[-73.546447,45.450943],[-73.546421,45.450853],[-73.546421,45.450799],[-73.546408,45.450736],[-73.546421,45.45061],[-73.546434,45.450529],[-73.546434,45.45043],[-73.546447,45.450394],[-73.546472,45.45034],[-73.546485,45.450259],[-73.54651,45.450187],[-73.5466,45.45007],[-73.546638,45.450016],[-73.546715,45.449935],[-73.546778,45.449854],[-73.546778,45.449818],[-73.54683,45.449737],[-73.546881,45.449629],[-73.546957,45.449566],[-73.546996,45.449539],[-73.547034,45.449494],[-73.547072,45.449458],[-73.547149,45.449395],[-73.547251,45.449296],[-73.547277,45.449206],[-73.547328,45.449134],[-73.547379,45.449053],[-73.547455,45.448972],[-73.547545,45.448891],[-73.54757,45.448837],[-73.547634,45.448756],[-73.547685,45.44872],[-73.547762,45.448603],[-73.547864,45.448576],[-73.547992,45.448549],[-73.548082,45.448549],[-73.548171,45.448558],[-73.54835,45.448576],[-73.548465,45.448639],[-73.548593,45.448647],[-73.548657,45.448611],[-73.548721,45.448602],[-73.548759,45.448593],[-73.548849,45.448593],[-73.549066,45.448593],[-73.549155,45.448602],[-73.549309,45.448638],[-73.549424,45.448647],[-73.549526,45.448638],[-73.549603,45.44862],[-73.549621,45.448614],[-73.549654,45.448602],[-73.549795,45.448611],[-73.54991,45.448602],[-73.549961,45.448584],[-73.550063,45.448593],[-73.55014,45.448602],[-73.550242,45.448584],[-73.550395,45.448575],[-73.550485,45.448566],[-73.5506,45.448511],[-73.550741,45.448457],[-73.550868,45.448403],[-73.551034,45.448304],[-73.551086,45.448277],[-73.551188,45.448241],[-73.55129,45.448205],[-73.551367,45.448169],[-73.551469,45.448142],[-73.551546,45.448133],[-73.551622,45.448115],[-73.551699,45.448106],[-73.551776,45.448088],[-73.551852,45.448052],[-73.551916,45.448016],[-73.552006,45.448016],[-73.552082,45.447971],[-73.552159,45.447953],[-73.552274,45.447926],[-73.552325,45.447926],[-73.552356,45.447924],[-73.552479,45.447917],[-73.552619,45.447917],[-73.552696,45.447917],[-73.55276,45.447908],[-73.552837,45.447899],[-73.552901,45.447872],[-73.552964,45.447827],[-73.553015,45.447791],[-73.553079,45.447746],[-73.553143,45.44771],[-73.553194,45.447665],[-73.553233,45.44762],[-73.553258,45.447574],[-73.553271,45.447529],[-73.553348,45.447476],[-73.553411,45.44744],[-73.553463,45.447386],[-73.553514,45.44734],[-73.553577,45.447295],[-73.553693,45.447277],[-73.553808,45.44725],[-73.55391,45.447232],[-73.553961,45.447196],[-73.553961,45.447142],[-73.553935,45.44707],[-73.553922,45.446989],[-73.553948,45.446917],[-73.553961,45.446881],[-73.553986,45.446836],[-73.553999,45.446791],[-73.554024,45.446737],[-73.554075,45.446683],[-73.554114,45.446602],[-73.554178,45.446566],[-73.554254,45.446539],[-73.554305,45.446512],[-73.554305,45.446458],[-73.554305,45.446386],[-73.554331,45.446323],[-73.554382,45.446269],[-73.554407,45.446215],[-73.554497,45.446161],[-73.554561,45.446107],[-73.554612,45.446071],[-73.554765,45.446044],[-73.554855,45.446053],[-73.554919,45.446044],[-73.554983,45.446026],[-73.555034,45.44599],[-73.555098,45.445972],[-73.555174,45.445963],[-73.555212,45.445918],[-73.555251,45.445837],[-73.555302,45.445801],[-73.555353,45.445756],[-73.55543,45.44572],[-73.555519,45.445729],[-73.555583,45.445738],[-73.555647,45.445756],[-73.555698,45.44581],[-73.555749,45.445873],[-73.555826,45.4459],[-73.555954,45.445908],[-73.556043,45.445909],[-73.556197,45.445899],[-73.556286,45.445881],[-73.55635,45.445845],[-73.556452,45.445845],[-73.556504,45.445836],[-73.556593,45.445845],[-73.556657,45.445827],[-73.556734,45.445791],[-73.556785,45.445683],[-73.556861,45.445629],[-73.556989,45.445683],[-73.557066,45.445719],[-73.55713,45.445782],[-73.557219,45.445809],[-73.557283,45.445818],[-73.557386,45.4458],[-73.557449,45.4458],[-73.557539,45.445773],[-73.557539,45.445719],[-73.557539,45.445665],[-73.557564,45.445602],[-73.557577,45.445548],[-73.557602,45.445476],[-73.557692,45.44544],[-73.557807,45.445413],[-73.557909,45.445413],[-73.557999,45.445413],[-73.558088,45.445413],[-73.558165,45.445431],[-73.558267,45.445475],[-73.558319,45.445529],[-73.558344,45.445574],[-73.558408,45.445637],[-73.558485,45.445646],[-73.558549,45.445637],[-73.558613,45.44561],[-73.558638,45.445556],[-73.558638,45.445502],[-73.558664,45.445448],[-73.558727,45.445367],[-73.558791,45.445322],[-73.558855,45.445268],[-73.558919,45.44525],[-73.558996,45.445232],[-73.559073,45.445232],[-73.559226,45.445241],[-73.55929,45.445268],[-73.559354,45.445295],[-73.559405,45.445331],[-73.559469,45.445376],[-73.559533,45.445421],[-73.559597,45.445448],[-73.559622,45.445493],[-73.55961,45.445538],[-73.559674,45.445574],[-73.559738,45.445583],[-73.55984,45.445601],[-73.559968,45.445637],[-73.560045,45.445664],[-73.560108,45.445699],[-73.560211,45.445762],[-73.560275,45.445816],[-73.560326,45.44587],[-73.56039,45.445924],[-73.560441,45.445969],[-73.560505,45.44605],[-73.560556,45.446113],[-73.56062,45.446158],[-73.560671,45.446203],[-73.560799,45.446293],[-73.560876,45.446347],[-73.560953,45.446401],[-73.561017,45.446455],[-73.561055,45.4465],[-73.561081,45.446545],[-73.561107,45.446599],[-73.561107,45.446653],[-73.561107,45.446688],[-73.561107,45.446734],[-73.561107,45.446788],[-73.56112,45.446851],[-73.561132,45.446896],[-73.561171,45.446941],[-73.561248,45.44704],[-73.561273,45.447094],[-73.561312,45.447166],[-73.561337,45.447211],[-73.561363,45.447255],[-73.561389,45.447346],[-73.561401,45.447426],[-73.561427,45.44748],[-73.56144,45.447561],[-73.561466,45.447606],[-73.561491,45.447669],[-73.561491,45.447723],[-73.561542,45.447777],[-73.561607,45.447831],[-73.561658,45.447894],[-73.561696,45.447957],[-73.561696,45.44802],[-73.561696,45.448083],[-73.561684,45.448164],[-73.561696,45.448209],[-73.561722,45.448263],[-73.561748,45.448335],[-73.56176,45.44838],[-73.561786,45.448434],[-73.561799,45.448497],[-73.561825,45.448551],[-73.56185,45.448605],[-73.561863,45.448659],[-73.561889,45.448731],[-73.561902,45.448776],[-73.56194,45.448839],[-73.561991,45.44892],[-73.562017,45.448983],[-73.562017,45.449046],[-73.562017,45.449127],[-73.561991,45.449181],[-73.561966,45.449235],[-73.561902,45.449325],[-73.561864,45.449379],[-73.561838,45.449424],[-73.561749,45.449577],[-73.561698,45.44964],[-73.561634,45.449748],[-73.561596,45.449802],[-73.561558,45.449856],[-73.561532,45.449919],[-73.561507,45.449973],[-73.561481,45.450018],[-73.561455,45.450063],[-73.56143,45.450108],[-73.561404,45.450153],[-73.561366,45.450207],[-73.561328,45.450252],[-73.561315,45.450333],[-73.56129,45.450405],[-73.561251,45.450477],[-73.561175,45.450594],[-73.561136,45.450648],[-73.561098,45.450711],[-73.561073,45.450765],[-73.56106,45.450819],[-73.561022,45.450891],[-73.560971,45.450954],[-73.560958,45.450977],[-73.560945,45.450999],[-73.560919,45.451053],[-73.560856,45.451161],[-73.560843,45.451224],[-73.560818,45.451269],[-73.560779,45.451332],[-73.560754,45.451377],[-73.560728,45.45144],[-73.560703,45.451494],[-73.56069,45.451539],[-73.560664,45.451611],[-73.560639,45.451683],[-73.560601,45.451728],[-73.56055,45.451764],[-73.560486,45.451809],[-73.560396,45.451971],[-73.560358,45.452043],[-73.560333,45.452088],[-73.560307,45.452142],[-73.560243,45.452259],[-73.560231,45.452313],[-73.560205,45.452367],[-73.560179,45.452421],[-73.560141,45.452538],[-73.560116,45.45261],[-73.56009,45.452682],[-73.560052,45.452745],[-73.560026,45.452817],[-73.559988,45.452916],[-73.559963,45.452979],[-73.559937,45.453024],[-73.559899,45.453087],[-73.559861,45.453141],[-73.559784,45.453285],[-73.559759,45.45333],[-73.559746,45.453375],[-73.559733,45.453429],[-73.55972,45.453483],[-73.559708,45.453573],[-73.559695,45.453618],[-73.559682,45.453717],[-73.559682,45.453807],[-73.55967,45.453897],[-73.55967,45.453969],[-73.55967,45.454032],[-73.559657,45.454212],[-73.559657,45.454266],[-73.559644,45.454356],[-73.559645,45.454437],[-73.559619,45.4545],[-73.559594,45.454563],[-73.559555,45.454635],[-73.559555,45.454716],[-73.559556,45.45477],[-73.559556,45.454878],[-73.559543,45.454941],[-73.559543,45.455013],[-73.559543,45.455121],[-73.559543,45.455184],[-73.55953,45.455274],[-73.559518,45.455319],[-73.559492,45.455373],[-73.559454,45.455436],[-73.559428,45.455481],[-73.559403,45.455526],[-73.559377,45.45558],[-73.559365,45.455661],[-73.559352,45.455715],[-73.559288,45.455796],[-73.559237,45.455868],[-73.559199,45.45594],[-73.55916,45.456012],[-73.559122,45.456066],[-73.559033,45.456183],[-73.559007,45.456228],[-73.558982,45.456291],[-73.558943,45.456354],[-73.558892,45.456426],[-73.558867,45.45648],[-73.558841,45.456525],[-73.558816,45.45657],[-73.558739,45.456642],[-73.558701,45.456696],[-73.558688,45.456768],[-73.558676,45.456876],[-73.558637,45.456957],[-73.558586,45.457056],[-73.558548,45.45711],[-73.558535,45.457155],[-73.55851,45.457209],[-73.558471,45.45729],[-73.558446,45.457335],[-73.55842,45.45738],[-73.558395,45.457425],[-73.558318,45.457551],[-73.55828,45.457614],[-73.558254,45.457668],[-73.558229,45.457722],[-73.558203,45.457776],[-73.558165,45.457866],[-73.558114,45.457975],[-73.558088,45.458037],[-73.558063,45.458091],[-73.558012,45.458154],[-73.557986,45.458199],[-73.557961,45.458245],[-73.557944,45.458275],[-73.557935,45.45829],[-73.557897,45.458353],[-73.557859,45.458407],[-73.557782,45.458542],[-73.557757,45.458614],[-73.557718,45.458668],[-73.55768,45.45874],[-73.557642,45.458794],[-73.557629,45.458839],[-73.557603,45.458893],[-73.557578,45.458956],[-73.557527,45.459072],[-73.557501,45.459126],[-73.55745,45.459226],[-73.557412,45.459298],[-73.557387,45.459343],[-73.557323,45.459442],[-73.557284,45.459487],[-73.557259,45.459532],[-73.557208,45.459613],[-73.557182,45.459658],[-73.557144,45.459712],[-73.55708,45.459829],[-73.557029,45.459901],[-73.556991,45.459955],[-73.556952,45.46],[-73.556914,45.460054],[-73.556889,45.460099],[-73.55685,45.460153],[-73.556825,45.460225],[-73.556812,45.460279],[-73.556812,45.460342],[-73.556812,45.46045],[-73.5568,45.460504],[-73.5568,45.460576],[-73.5568,45.460657],[-73.556787,45.46072],[-73.556787,45.460819],[-73.556787,45.460891],[-73.556787,45.460963],[-73.556774,45.461035],[-73.556749,45.461107],[-73.556723,45.461161],[-73.556698,45.461206],[-73.556711,45.461251],[-73.556711,45.461305],[-73.556698,45.461359],[-73.556698,45.461439],[-73.556698,45.461512],[-73.556698,45.461601],[-73.556698,45.461656],[-73.556698,45.461719],[-73.556686,45.461781],[-73.556699,45.461835],[-73.556686,45.461943],[-73.556673,45.461988],[-73.55666,45.462033],[-73.556648,45.462078],[-73.556622,45.462133],[-73.556597,45.462186],[-73.556589,45.462231],[-73.556584,45.462259],[-73.556571,45.462313],[-73.556546,45.462403],[-73.556533,45.462448],[-73.55652,45.46251],[-73.556495,45.462565],[-73.556469,45.462645],[-73.556469,45.462726],[-73.556469,45.462808],[-73.556457,45.462907],[-73.556457,45.462996],[-73.556444,45.463086],[-73.556444,45.463185],[-73.556431,45.463266],[-73.556432,45.463347],[-73.556406,45.463446],[-73.556381,45.463545],[-73.556342,45.463617],[-73.55633,45.463707],[-73.55633,45.463788],[-73.556317,45.463833],[-73.556317,45.463923],[-73.556317,45.463995],[-73.556317,45.464076],[-73.556304,45.46413],[-73.556305,45.464184],[-73.556305,45.464256],[-73.556305,45.464337],[-73.556305,45.464418],[-73.556292,45.464472],[-73.556292,45.464535],[-73.556292,45.464589],[-73.556292,45.46467],[-73.556292,45.464733],[-73.556279,45.464778],[-73.55628,45.464832],[-73.55628,45.464904],[-73.55628,45.465003],[-73.556271,45.465035],[-73.556267,45.465048],[-73.556267,45.465156],[-73.55628,45.465237],[-73.556293,45.465309],[-73.556306,45.465372],[-73.556306,45.465435],[-73.556319,45.465498],[-73.556344,45.465624],[-73.556357,45.465669],[-73.556357,45.465732],[-73.556357,45.465804],[-73.556357,45.465876],[-73.556345,45.465975],[-73.556332,45.466038],[-73.556294,45.466146],[-73.556243,45.466218],[-73.556204,45.46629],[-73.556179,45.466362],[-73.556153,45.466425],[-73.556115,45.466479],[-73.556077,45.466524],[-73.556013,45.466614],[-73.555974,45.466668],[-73.555923,45.466749],[-73.555898,45.466794],[-73.555847,45.46683],[-73.55577,45.466884],[-73.555681,45.466938],[-73.555604,45.466983],[-73.55554,45.467001],[-73.555438,45.467046],[-73.555348,45.467082],[-73.555271,45.467118],[-73.555208,45.467136],[-73.555118,45.467163],[-73.555042,45.467199],[-73.55499,45.467235],[-73.554939,45.46728],[-73.554862,45.467317],[-73.554786,45.467353],[-73.554645,45.467398],[-73.554581,45.467416],[-73.554505,45.467434],[-73.554351,45.46747],[-73.554274,45.467479],[-73.554211,45.467497],[-73.554108,45.467497],[-73.554006,45.467497],[-73.553878,45.467506],[-73.55375,45.467524],[-73.553661,45.467533],[-73.553494,45.467569],[-73.553418,45.467587],[-73.553341,45.467596],[-73.553111,45.467605],[-73.553034,45.467623],[-73.552957,45.467641],[-73.552829,45.467677],[-73.55274,45.467722],[-73.552676,45.467749],[-73.552536,45.467767],[-73.552433,45.467759],[-73.552293,45.467768],[-73.552216,45.467777],[-73.552139,45.467786],[-73.552024,45.467795],[-73.551922,45.467804],[-73.551807,45.467804],[-73.551743,45.467813],[-73.551589,45.467795],[-73.551512,45.467777],[-73.551436,45.467741],[-73.551372,45.467732],[-73.551295,45.467759],[-73.55118,45.467795],[-73.551116,45.46784],[-73.551091,45.467894],[-73.551065,45.467948],[-73.551027,45.468002],[-73.550988,45.468065],[-73.550924,45.468101],[-73.550835,45.468146],[-73.550771,45.468209],[-73.550694,45.468236],[-73.550656,45.468308],[-73.550631,45.468353],[-73.550579,45.468416],[-73.550388,45.468497],[-73.550362,45.468533],[-73.550298,45.46856],[-73.55017,45.468614],[-73.550094,45.468632],[-73.55003,45.468677],[-73.549915,45.468759],[-73.549812,45.468813],[-73.549736,45.46884],[-73.549633,45.468885],[-73.549569,45.468921],[-73.549455,45.468966],[-73.549352,45.469011],[-73.549301,45.469056],[-73.54925,45.469092],[-73.549135,45.469173],[-73.549033,45.469236],[-73.548943,45.46929],[-73.548854,45.469335],[-73.54879,45.469362],[-73.548726,45.469389],[-73.548585,45.46947],[-73.548509,45.469515],[-73.548432,45.46956],[-73.548355,45.469614],[-73.548317,45.469677],[-73.548278,45.46974],[-73.548253,45.469785],[-73.548164,45.469866],[-73.548151,45.469911],[-73.548023,45.470028],[-73.547972,45.470163],[-73.548138,45.470226],[-73.548113,45.470262],[-73.547959,45.470235],[-73.54787,45.470406],[-73.54778,45.470496],[-73.547729,45.470532],[-73.547678,45.470568],[-73.547614,45.470622],[-73.547563,45.470694],[-73.54755,45.470732],[-73.547538,45.470766],[-73.547512,45.470811],[-73.547461,45.470856],[-73.547431,45.470877],[-73.54741,45.470892],[-73.547359,45.470937],[-73.547282,45.470973],[-73.547244,45.471018],[-73.547205,45.471045],[-73.547167,45.471099],[-73.547116,45.471135],[-73.547039,45.471171],[-73.54695,45.471225],[-73.54686,45.471261],[-73.546796,45.47127],[-73.546707,45.471306],[-73.546605,45.471379],[-73.546515,45.471378],[-73.546387,45.471423],[-73.546362,45.471504],[-73.546323,45.471541],[-73.546208,45.471577],[-73.546106,45.471568],[-73.545799,45.471676],[-73.545633,45.471739],[-73.545543,45.471748],[-73.545454,45.471775],[-73.54539,45.471802],[-73.5453,45.471838],[-73.545224,45.471856],[-73.545121,45.47191],[-73.545032,45.471937],[-73.54493,45.471955],[-73.54484,45.471955],[-73.544763,45.471955],[-73.544699,45.471982],[-73.544546,45.472099],[-73.544457,45.472198],[-73.544405,45.472252],[-73.544367,45.472306],[-73.544342,45.47236],[-73.544278,45.472468],[-73.544239,45.472495],[-73.544214,45.472558],[-73.544176,45.47263],[-73.544124,45.472711],[-73.544086,45.472765],[-73.544061,45.47281],[-73.544009,45.472846],[-73.543971,45.472891],[-73.543946,45.472981],[-73.543933,45.473026],[-73.543907,45.473116],[-73.543818,45.47317],[-73.543767,45.473224],[-73.54369,45.473251],[-73.543588,45.473278],[-73.543511,45.473323],[-73.543486,45.473368],[-73.543421,45.473395],[-73.543306,45.473476],[-73.543102,45.47353],[-73.542974,45.47363],[-73.542948,45.473683],[-73.542923,45.473756],[-73.542885,45.473836],[-73.542834,45.473908],[-73.54277,45.473971],[-73.542719,45.474062],[-73.542616,45.474143],[-73.542552,45.474196],[-73.542489,45.474251],[-73.542412,45.474305],[-73.542361,45.474341],[-73.542297,45.47435],[-73.542258,45.47435],[-73.542118,45.474395],[-73.542041,45.47439],[-73.541964,45.474386],[-73.541912,45.47437],[-73.541811,45.474341],[-73.541721,45.474296],[-73.541683,45.474251],[-73.54158,45.474251],[-73.541465,45.474278],[-73.541401,45.474323],[-73.541338,45.47435],[-73.541299,45.474413],[-73.541235,45.474485],[-73.541056,45.474548],[-73.540954,45.474557],[-73.5408,45.474593],[-73.540685,45.474611],[-73.540557,45.474638],[-73.540455,45.474701],[-73.540366,45.474755],[-73.540289,45.474764],[-73.540136,45.474791],[-73.540072,45.474827],[-73.539982,45.474872],[-73.539893,45.47489],[-73.539765,45.474908],[-73.53965,45.474918],[-73.539598,45.474963],[-73.539432,45.474963],[-73.539407,45.474963],[-73.539343,45.474981],[-73.539266,45.475008],[-73.539189,45.475062],[-73.539074,45.475035],[-73.538946,45.475008],[-73.538895,45.474972],[-73.538818,45.474963],[-73.538741,45.474954],[-73.538601,45.474936],[-73.538537,45.474945],[-73.538499,45.47499],[-73.538435,45.475026],[-73.538396,45.475062],[-73.538256,45.475062],[-73.538166,45.475026],[-73.538166,45.474972],[-73.538268,45.474945],[-73.538268,45.474819],[-73.538204,45.474756],[-73.538127,45.474711],[-73.537961,45.474639],[-73.537897,45.474621],[-73.53782,45.474558],[-73.537769,45.474504],[-73.537705,45.47445],[-73.537641,45.474369],[-73.537577,45.474306],[-73.537539,45.474216],[-73.537539,45.474171],[-73.537475,45.474072],[-73.537372,45.47401],[-73.537308,45.473946],[-73.537231,45.473893],[-73.53718,45.473839],[-73.537129,45.473776],[-73.537078,45.473722],[-73.537027,45.473668],[-73.536988,45.473614],[-73.536924,45.473497],[-73.536912,45.473461],[-73.53686,45.473371],[-73.53683,45.473323],[-73.536809,45.47329],[-73.536783,45.473245],[-73.536719,45.473155],[-73.536681,45.473074],[-73.53663,45.472984],[-73.536591,45.472939],[-73.536553,45.472867],[-73.536527,45.472777],[-73.536502,45.472705],[-73.536438,45.472633],[-73.536374,45.472561],[-73.53631,45.472525],[-73.536233,45.472471],[-73.536156,45.472417],[-73.536054,45.472363],[-73.53599,45.4723],[-73.535836,45.472201],[-73.535785,45.472156],[-73.535721,45.472111],[-73.535657,45.472075],[-73.535542,45.471976],[-73.535504,45.471922],[-73.535478,45.471877],[-73.535465,45.471832],[-73.535465,45.471778],[-73.535427,45.471725],[-73.53535,45.471635],[-73.535286,45.471545],[-73.535235,45.471491],[-73.535209,45.471437],[-73.535158,45.47132],[-73.535119,45.471248],[-73.535081,45.471176],[-73.535056,45.471131],[-73.535043,45.471041],[-73.535004,45.470951],[-73.534991,45.470861],[-73.534966,45.470771],[-73.53494,45.470681],[-73.534876,45.470564],[-73.534787,45.470492],[-73.534697,45.470456],[-73.534595,45.470402],[-73.534505,45.470366],[-73.534441,45.470339],[-73.534377,45.470303],[-73.534288,45.470258],[-73.534198,45.470231],[-73.534211,45.470141],[-73.534211,45.470069],[-73.534236,45.470015],[-73.534236,45.46997],[-73.534249,45.469925],[-73.534185,45.469898],[-73.534095,45.46988],[-73.533955,45.469862],[-73.53384,45.469844],[-73.533776,45.469826],[-73.533712,45.46979],[-73.533682,45.469767],[-73.533584,45.469691],[-73.533533,45.469646],[-73.533522,45.469636],[-73.533418,45.469538],[-73.533354,45.469484],[-73.533302,45.469422],[-73.533251,45.469323],[-73.533226,45.46926],[-73.5332,45.469197],[-73.533161,45.469116],[-73.533149,45.469062],[-73.53311,45.46899],[-73.533098,45.468954],[-73.533059,45.468855],[-73.532944,45.468639],[-73.532905,45.468558],[-73.532867,45.468477],[-73.532816,45.468414],[-73.532777,45.46836],[-73.532752,45.468252],[-73.532739,45.468189],[-73.532701,45.468108],[-73.532637,45.468018],[-73.532598,45.467919],[-73.532547,45.467838],[-73.532483,45.467712],[-73.532432,45.467595],[-73.532393,45.46755],[-73.532355,45.467505],[-73.532304,45.467433],[-73.532291,45.467406],[-73.532253,45.467343],[-73.532188,45.46728],[-73.53215,45.467244],[-73.532086,45.467217],[-73.531984,45.467172],[-73.531933,45.467118],[-73.531907,45.467082],[-73.531894,45.467037],[-73.531882,45.466992],[-73.531881,45.466921],[-73.531881,45.46692],[-73.531933,45.466866],[-73.531984,45.466812],[-73.532022,45.466776],[-73.532073,45.466758],[-73.53215,45.466722],[-73.532227,45.466713],[-73.532329,45.466713],[-73.532431,45.46674],[-73.532482,45.466749],[-73.532546,45.466767],[-73.532623,45.466785],[-73.532751,45.466812],[-73.532815,45.466803],[-73.533032,45.466785],[-73.533135,45.466785],[-73.533198,45.466776],[-73.533378,45.466758],[-73.533441,45.466749],[-73.533505,45.466731],[-73.533569,45.46665],[-73.53362,45.466623],[-73.533761,45.466506],[-73.533812,45.466434],[-73.53385,45.466407],[-73.533991,45.466317],[-73.534132,45.466272],[-73.534285,45.466173],[-73.534375,45.466092],[-73.534515,45.46602],[-73.534605,45.466002],[-73.534707,45.465948],[-73.534784,45.465903],[-73.534899,45.465831],[-73.534963,45.465795],[-73.535027,45.46575],[-73.535116,45.465695],[-73.535167,45.465633],[-73.535244,45.465588],[-73.535257,45.465516],[-73.535372,45.465479],[-73.535423,45.465435],[-73.535448,45.46539],[-73.535474,45.465345],[-73.535525,45.465299],[-73.535589,45.465255],[-73.535717,45.465155],[-73.535781,45.465111],[-73.535832,45.465074],[-73.536049,45.464948],[-73.536126,45.464885],[-73.536203,45.46484],[-73.536266,45.464795],[-73.53642,45.464687],[-73.536497,45.464633],[-73.536498,45.464632],[-73.536586,45.46457],[-73.53665,45.464534],[-73.536739,45.46448],[-73.536867,45.46439],[-73.536931,45.464354],[-73.537008,45.464318],[-73.537059,45.464282],[-73.5372,45.464174],[-73.537289,45.464111],[-73.537417,45.464021],[-73.537494,45.463976],[-73.53766,45.463886],[-73.537762,45.463805],[-73.537851,45.46376],[-73.537941,45.463706],[-73.537992,45.46367],[-73.53803,45.463643],[-73.538107,45.463589],[-73.538197,45.463526],[-73.538235,45.46349],[-73.538299,45.463454],[-73.538376,45.463427],[-73.538516,45.463337],[-73.538567,45.463301],[-73.538618,45.463265],[-73.538733,45.463211],[-73.538784,45.463157],[-73.538848,45.463121],[-73.538964,45.463049],[-73.539002,45.463013],[-73.539066,45.462968],[-73.539104,45.462932],[-73.539155,45.462878],[-73.539193,45.462824],[-73.539193,45.462752],[-73.539206,45.462653],[-73.539219,45.462563],[-73.539244,45.46241],[-73.539244,45.462329],[-73.539257,45.462266],[-73.539257,45.462194],[-73.53927,45.462059],[-73.539295,45.462005],[-73.539282,45.461942],[-73.539282,45.461888],[-73.539308,45.461762],[-73.539333,45.46169],[-73.539385,45.461609],[-73.539397,45.461537],[-73.53941,45.461429],[-73.539423,45.461375],[-73.539435,45.461294],[-73.539461,45.46124],[-73.539487,45.461159],[-73.539474,45.461078],[-73.539486,45.461033],[-73.539525,45.460961],[-73.53955,45.460889],[-73.539563,45.460844],[-73.539576,45.46079],[-73.539588,45.460718],[-73.539601,45.460646],[-73.539627,45.460547],[-73.539639,45.460457],[-73.539657,45.460376],[-73.539665,45.46034],[-73.539678,45.460268],[-73.53969,45.460196],[-73.539716,45.460034],[-73.539741,45.459935],[-73.539754,45.459854],[-73.539818,45.459674],[-73.539844,45.459593],[-73.539856,45.459449],[-73.539869,45.459404],[-73.539882,45.459332],[-73.539907,45.45926],[-73.539946,45.459206],[-73.539984,45.459089],[-73.540022,45.459026],[-73.54006,45.458954],[-73.540124,45.458837],[-73.540175,45.458756],[-73.540226,45.458684],[-73.54029,45.458621],[-73.540354,45.458531],[-73.54038,45.458477],[-73.540418,45.458423],[-73.540444,45.458369],[-73.540469,45.458324],[-73.540507,45.45827],[-73.540622,45.45809],[-73.540661,45.458027],[-73.540724,45.457928],[-73.540763,45.457874],[-73.540814,45.45782],[-73.540891,45.457703],[-73.540903,45.457622],[-73.540942,45.457568],[-73.541018,45.457532],[-73.541095,45.457478],[-73.541223,45.457361],[-73.541261,45.457307],[-73.541299,45.457262],[-73.541325,45.457208],[-73.541351,45.457163],[-73.541389,45.457091],[-73.541414,45.457046],[-73.541453,45.456992],[-73.541555,45.456857],[-73.541657,45.456722],[-73.541695,45.456641],[-73.541739,45.456587],[-73.541746,45.456578],[-73.54181,45.456542],[-73.541849,45.456461],[-73.541912,45.45638],[-73.541938,45.456317],[-73.541938,45.456272],[-73.541976,45.456227],[-73.542027,45.45611],[-73.542066,45.456047],[-73.542142,45.455948],[-73.542193,45.455894],[-73.542232,45.45584],[-73.542283,45.455786],[-73.542321,45.455732],[-73.542411,45.455597],[-73.542449,45.455525],[-73.5425,45.455462],[-73.542551,45.455381],[-73.542594,45.455309],[-73.542653,45.45521],[-73.542704,45.455129],[-73.542743,45.455075],[-73.542768,45.45503],[-73.542819,45.45494],[-73.542858,45.454895],[-73.542896,45.454841],[-73.542985,45.454715],[-73.543036,45.454652],[-73.543075,45.454598],[-73.543113,45.454553],[-73.543164,45.454499],[-73.543215,45.454445],[-73.543254,45.454391],[-73.543381,45.454256],[-73.543432,45.454184],[-73.543522,45.454121],[-73.543586,45.454084],[-73.543675,45.45404],[-73.543765,45.453967],[-73.543854,45.453886],[-73.543982,45.453832],[-73.544059,45.453778],[-73.544096,45.453752],[-73.544135,45.453724],[-73.544148,45.453679],[-73.544212,45.453616],[-73.54425,45.45358],[-73.544301,45.453508],[-73.544352,45.453391],[-73.544378,45.453346],[-73.544416,45.453301],[-73.544544,45.453103],[-73.544595,45.453031],[-73.544646,45.452959],[-73.544672,45.452914],[-73.54471,45.45286],[-73.544761,45.452788],[-73.544812,45.452734],[-73.544863,45.452662],[-73.544914,45.45259],[-73.544965,45.4525],[-73.544991,45.452455],[-73.545004,45.452401],[-73.54508,45.452311],[-73.545144,45.452266],[-73.545195,45.45223]]],[[[-73.531526,45.471555],[-73.531526,45.471636],[-73.531513,45.471699],[-73.531462,45.471771],[-73.531398,45.47178],[-73.531347,45.471744],[-73.531347,45.47169],[-73.531347,45.471645],[-73.531372,45.471573],[-73.531411,45.471492],[-73.531475,45.471456],[-73.531526,45.471492],[-73.531526,45.471555]]]]}},{"type":"Feature","properties":{"sector_id":"11"},"geometry":{"type":"MultiPolygon","coordinates":[[[[-73.592497,45.491609],[-73.593397,45.49189],[-73.594102,45.492109],[-73.5949,45.492358],[-73.595681,45.4926],[-73.596081,45.492174],[-73.596501,45.491739],[-73.597176,45.491996],[-73.598377,45.492493],[-73.598484,45.492557],[-73.599439,45.49295],[-73.59995,45.493169],[-73.600395,45.493358],[-73.600707,45.49349],[-73.60104,45.493854],[-73.600893,45.494264],[-73.602263,45.49457],[-73.602277,45.494612],[-73.602883,45.495051],[-73.602937,45.495235],[-73.603171,45.495193],[-73.603481,45.495183],[-73.60385,45.495198],[-73.605123,45.495251],[-73.605194,45.495254],[-73.605967,45.495286],[-73.606256,45.495319],[-73.606498,45.495378],[-73.606199,45.495403],[-73.605163,45.495538],[-73.604879,45.495599],[-73.604703,45.495672],[-73.604505,45.495755],[-73.602021,45.498139],[-73.601558,45.498534],[-73.600504,45.499481],[-73.598655,45.501087],[-73.597502,45.501784],[-73.59636,45.502259],[-73.595888,45.502404],[-73.595541,45.502973],[-73.595482,45.503058],[-73.595071,45.503652],[-73.591665,45.508222],[-73.594167,45.509759],[-73.594059,45.510234],[-73.593607,45.510619],[-73.595079,45.510919],[-73.596219,45.511072],[-73.597052,45.511781],[-73.596887,45.512862],[-73.597487,45.51325],[-73.599194,45.513002],[-73.598606,45.513603],[-73.598075,45.514124],[-73.597889,45.514262],[-73.597557,45.514476],[-73.59738,45.514554],[-73.597211,45.514605],[-73.597055,45.514642],[-73.596879,45.514665],[-73.596695,45.514674],[-73.595053,45.514696],[-73.592386,45.514599],[-73.591935,45.514591],[-73.591772,45.514604],[-73.591623,45.514647],[-73.591462,45.5147],[-73.591336,45.514773],[-73.591307,45.514793],[-73.590883,45.515044],[-73.590812,45.515088],[-73.590704,45.515189],[-73.590468,45.51546],[-73.590401,45.515549],[-73.590263,45.515779],[-73.590104,45.515909],[-73.589795,45.516251],[-73.58932,45.516764],[-73.589084,45.516767],[-73.588381,45.516452],[-73.587077,45.515848],[-73.587026,45.515789],[-73.585428,45.515048],[-73.584744,45.514733],[-73.583546,45.514182],[-73.58241,45.513665],[-73.582067,45.513501],[-73.579329,45.512253],[-73.579316,45.512083],[-73.579271,45.511876],[-73.57927,45.51187],[-73.579254,45.511792],[-73.579209,45.511675],[-73.579122,45.511519],[-73.57896,45.511298],[-73.578744,45.511078],[-73.578583,45.510967],[-73.578242,45.510735],[-73.578318,45.510582],[-73.578378,45.510487],[-73.578454,45.510383],[-73.578519,45.51033],[-73.578641,45.510264],[-73.578688,45.510168],[-73.578724,45.5101],[-73.578837,45.509971],[-73.579458,45.509313],[-73.579725,45.508837],[-73.579822,45.508778],[-73.580118,45.508206],[-73.578578,45.507448],[-73.577823,45.507073],[-73.577477,45.5069],[-73.576443,45.5064],[-73.573484,45.504973],[-73.572957,45.50555],[-73.572612,45.506122],[-73.572558,45.50623],[-73.572286,45.506662],[-73.572107,45.506977],[-73.571687,45.507666],[-73.571279,45.508363],[-73.570791,45.509334],[-73.570545,45.509938],[-73.570322,45.510447],[-73.570043,45.511112],[-73.56965,45.511986],[-73.569435,45.512499],[-73.569213,45.513035],[-73.568986,45.513539],[-73.568795,45.513949],[-73.568511,45.514565],[-73.568275,45.515141],[-73.56795,45.515821],[-73.567672,45.516441],[-73.567462,45.51691],[-73.567032,45.517855],[-73.566987,45.517957],[-73.566946,45.518048],[-73.566891,45.51817],[-73.566828,45.518312],[-73.566545,45.51895],[-73.566159,45.519844],[-73.566088,45.519993],[-73.565719,45.52078],[-73.56559,45.521064],[-73.565561,45.521365],[-73.565548,45.522],[-73.565513,45.522567],[-73.565429,45.523053],[-73.565226,45.523811],[-73.564968,45.524615],[-73.564751,45.525351],[-73.564225,45.527022],[-73.563925,45.527946],[-73.563652,45.528809],[-73.563481,45.529365],[-73.563279,45.530006],[-73.563042,45.530763],[-73.56279,45.531544],[-73.56259,45.532119],[-73.56249,45.532456],[-73.562296,45.533052],[-73.56211,45.533659],[-73.561859,45.534442],[-73.561597,45.53523],[-73.56134,45.535923],[-73.561008,45.536548],[-73.560662,45.537241],[-73.560344,45.537835],[-73.560008,45.538474],[-73.559682,45.539073],[-73.559344,45.539672],[-73.55925,45.539851],[-73.55924,45.539871],[-73.558323,45.539778],[-73.557702,45.539719],[-73.556839,45.539638],[-73.556296,45.539589],[-73.556077,45.539566],[-73.555983,45.539557],[-73.555977,45.539556],[-73.555835,45.539541],[-73.555827,45.539541],[-73.555709,45.539529],[-73.55529,45.539487],[-73.554715,45.539426],[-73.553597,45.539314],[-73.552718,45.53923],[-73.552561,45.539215],[-73.552559,45.539215],[-73.552417,45.539201],[-73.550592,45.539063],[-73.550312,45.539033],[-73.550067,45.539006],[-73.549785,45.538961],[-73.549709,45.538944],[-73.54963,45.538926],[-73.549469,45.53889],[-73.549304,45.538846],[-73.549217,45.53882],[-73.54916,45.5388],[-73.548991,45.538738],[-73.548933,45.538717],[-73.548888,45.538697],[-73.54881,45.538663],[-73.548754,45.538639],[-73.548729,45.538628],[-73.54868,45.538606],[-73.548626,45.53858],[-73.548586,45.53856],[-73.548321,45.538408],[-73.548102,45.538261],[-73.54797,45.538165],[-73.547885,45.538097],[-73.547817,45.538037],[-73.547729,45.537952],[-73.547623,45.537839],[-73.547547,45.537753],[-73.547003,45.537094],[-73.54649,45.536474],[-73.546263,45.536184],[-73.546121,45.536007],[-73.545228,45.534894],[-73.544639,45.534159],[-73.544472,45.53395],[-73.544382,45.533839],[-73.544226,45.533628],[-73.544176,45.533544],[-73.543918,45.533492],[-73.542688,45.533229],[-73.541905,45.533014],[-73.541242,45.532832],[-73.541265,45.532768],[-73.54097,45.532714],[-73.542057,45.530023],[-73.541788,45.529933],[-73.542466,45.528673],[-73.542184,45.528583],[-73.542887,45.527296],[-73.542631,45.527224],[-73.542905,45.5267],[-73.543308,45.525928],[-73.543026,45.525847],[-73.543704,45.524578],[-73.544414,45.522281],[-73.545045,45.520241],[-73.544763,45.520178],[-73.545099,45.519197],[-73.546283,45.515741],[-73.546219,45.515732],[-73.546327,45.515409],[-73.546678,45.514364],[-73.549222,45.510134],[-73.549212,45.510131],[-73.549132,45.510107],[-73.547878,45.510152],[-73.546562,45.512384],[-73.546408,45.512429],[-73.546268,45.512844],[-73.546165,45.512816],[-73.545589,45.512376],[-73.545602,45.512313],[-73.546495,45.509289],[-73.549771,45.50918],[-73.550602,45.507686],[-73.550538,45.507686],[-73.546878,45.507768],[-73.546673,45.507777],[-73.546635,45.507966],[-73.546635,45.508209],[-73.546648,45.508371],[-73.546699,45.508533],[-73.546865,45.508011],[-73.54817,45.507984],[-73.548183,45.508064],[-73.548081,45.5081],[-73.547979,45.508136],[-73.547902,45.508191],[-73.547864,45.508236],[-73.548363,45.508226],[-73.54835,45.507965],[-73.549476,45.507956],[-73.54954,45.507974],[-73.549565,45.50801],[-73.549565,45.508046],[-73.549399,45.508379],[-73.549962,45.50837],[-73.549988,45.508397],[-73.549937,45.508505],[-73.549323,45.508541],[-73.549093,45.508964],[-73.548415,45.508991],[-73.548414,45.508937],[-73.548299,45.508946],[-73.548197,45.508946],[-73.548094,45.508946],[-73.548018,45.508946],[-73.547941,45.50892],[-73.547877,45.508874],[-73.547276,45.509217],[-73.547237,45.509226],[-73.547161,45.509235],[-73.54661,45.509253],[-73.546508,45.509253],[-73.546674,45.508659],[-73.54661,45.508659],[-73.546622,45.508587],[-73.546405,45.508551],[-73.546379,45.508623],[-73.546315,45.508614],[-73.546583,45.507759],[-73.546826,45.50694],[-73.551241,45.506749],[-73.552135,45.505282],[-73.549755,45.505436],[-73.547285,45.505599],[-73.547247,45.505581],[-73.547221,45.505554],[-73.547209,45.505518],[-73.547502,45.504672],[-73.552441,45.504364],[-73.552633,45.503608],[-73.552505,45.50359],[-73.549933,45.503772],[-73.54992,45.503718],[-73.549894,45.503654],[-73.552479,45.503455],[-73.552646,45.503491],[-73.552798,45.502897],[-73.548013,45.50325],[-73.547974,45.503205],[-73.54823,45.502332],[-73.548268,45.502296],[-73.552772,45.501971],[-73.552374,45.500018],[-73.552374,45.5],[-73.552309,45.499712],[-73.552194,45.499298],[-73.552014,45.499298],[-73.551989,45.499145],[-73.551899,45.499146],[-73.551899,45.499046],[-73.551912,45.498831],[-73.551886,45.498678],[-73.551911,45.498498],[-73.551937,45.498291],[-73.551962,45.498147],[-73.552039,45.498147],[-73.552052,45.498344],[-73.552295,45.498344],[-73.552486,45.496779],[-73.552127,45.49677],[-73.552127,45.496653],[-73.552114,45.496275],[-73.552152,45.495978],[-73.552156,45.49595],[-73.55219,45.495672],[-73.552408,45.495681],[-73.553071,45.493098],[-73.55351,45.492832],[-73.553579,45.492972],[-73.55366,45.493165],[-73.553989,45.493953],[-73.554272,45.494511],[-73.554449,45.494868],[-73.554495,45.494961],[-73.554776,45.495311],[-73.555126,45.495631],[-73.555522,45.495887],[-73.555697,45.496002],[-73.556055,45.496179],[-73.556846,45.496489],[-73.557378,45.496671],[-73.557887,45.496843],[-73.558096,45.496924],[-73.558875,45.497224],[-73.559453,45.497446],[-73.559756,45.497576],[-73.561361,45.498363],[-73.561384,45.498316],[-73.561417,45.498249],[-73.561458,45.498168],[-73.561479,45.498125],[-73.561538,45.498006],[-73.562038,45.497108],[-73.562273,45.496658],[-73.562367,45.49648],[-73.562481,45.496317],[-73.562646,45.496027],[-73.562701,45.495919],[-73.562987,45.495417],[-73.563751,45.494299],[-73.564197,45.49366],[-73.564762,45.492947],[-73.565383,45.492205],[-73.566082,45.491391],[-73.566493,45.490897],[-73.567191,45.490098],[-73.56776,45.490382],[-73.569968,45.491424],[-73.571747,45.492272],[-73.572284,45.492534],[-73.572407,45.492591],[-73.572563,45.492662],[-73.572678,45.492583],[-73.57289,45.492429],[-73.573131,45.492246],[-73.574123,45.491479],[-73.574148,45.49146],[-73.574763,45.490951],[-73.575117,45.490676],[-73.575361,45.490485],[-73.575461,45.490408],[-73.577067,45.489147],[-73.577175,45.489063],[-73.577609,45.488722],[-73.57828,45.488218],[-73.578863,45.487797],[-73.579201,45.48756],[-73.579954,45.487049],[-73.579969,45.48704],[-73.580359,45.486786],[-73.581111,45.486311],[-73.581134,45.48634],[-73.581221,45.486455],[-73.581331,45.486598],[-73.581477,45.486791],[-73.581528,45.486858],[-73.58166,45.486998],[-73.58186,45.487179],[-73.582259,45.487488],[-73.582999,45.488073],[-73.583088,45.488156],[-73.582392,45.488357],[-73.583722,45.488765],[-73.584075,45.488893],[-73.58474,45.489105],[-73.584824,45.489157],[-73.586338,45.489615],[-73.588871,45.490436],[-73.589766,45.490727],[-73.591271,45.491213],[-73.592497,45.491609]]],[[[-73.551885,45.496986],[-73.551796,45.498012],[-73.551771,45.498282],[-73.551682,45.499046],[-73.551682,45.499074],[-73.551631,45.499173],[-73.551592,45.499371],[-73.551439,45.499749],[-73.550927,45.499713],[-73.551029,45.499164],[-73.551055,45.49902],[-73.551182,45.498453],[-73.551437,45.497445],[-73.551577,45.496725],[-73.551756,45.49587],[-73.551779,45.495766],[-73.551832,45.495528],[-73.551857,45.495402],[-73.551896,45.495348],[-73.55196,45.49533],[-73.552049,45.495339],[-73.552062,45.495393],[-73.552009,45.495878],[-73.551999,45.495969],[-73.551923,45.496653],[-73.551885,45.496986]]],[[[-73.542831,45.504197],[-73.542831,45.504134],[-73.542831,45.504062],[-73.542844,45.503972],[-73.542844,45.503909],[-73.542843,45.50381],[-73.542843,45.503747],[-73.542843,45.503639],[-73.542856,45.503486],[-73.542856,45.503423],[-73.542856,45.50336],[-73.542856,45.503288],[-73.542843,45.503109],[-73.54283,45.503027],[-73.542817,45.502974],[-73.542804,45.502902],[-73.542804,45.502803],[-73.542817,45.50273],[-73.542804,45.502659],[-73.542804,45.502596],[-73.542804,45.502533],[-73.542804,45.502479],[-73.542804,45.502407],[-73.542804,45.502353],[-73.542817,45.502263],[-73.542842,45.502137],[-73.542829,45.502101],[-73.542829,45.50202],[-73.542842,45.501975],[-73.542842,45.501912],[-73.542842,45.501849],[-73.542842,45.501786],[-73.542842,45.501732],[-73.542829,45.501633],[-73.542829,45.501579],[-73.542816,45.501552],[-73.542778,45.501489],[-73.542752,45.501435],[-73.542726,45.501354],[-73.542714,45.5013],[-73.542739,45.501237],[-73.542752,45.501192],[-73.542765,45.501111],[-73.54279,45.50103],[-73.54279,45.500922],[-73.54279,45.50085],[-73.54279,45.500787],[-73.542815,45.500724],[-73.542828,45.500661],[-73.542828,45.50058],[-73.542841,45.500526],[-73.542854,45.500481],[-73.542854,45.500427],[-73.542854,45.500373],[-73.542854,45.500283],[-73.542853,45.50022],[-73.542853,45.500139],[-73.542853,45.500085],[-73.542866,45.500004],[-73.542866,45.5],[-73.542866,45.499914],[-73.542866,45.49986],[-73.542879,45.499761],[-73.542891,45.499698],[-73.542891,45.499608],[-73.542891,45.499545],[-73.542891,45.499491],[-73.542891,45.499437],[-73.542891,45.499365],[-73.542891,45.499293],[-73.542878,45.499248],[-73.542866,45.499203],[-73.542853,45.499158],[-73.542865,45.499095],[-73.542878,45.499014],[-73.542878,45.498951],[-73.542878,45.498861],[-73.542878,45.498789],[-73.542878,45.49869],[-73.542878,45.498627],[-73.542878,45.498573],[-73.542827,45.498528],[-73.542814,45.498474],[-73.542788,45.49842],[-73.54275,45.49833],[-73.54275,45.498267],[-73.542724,45.498231],[-73.54266,45.498141],[-73.542622,45.498042],[-73.542698,45.497989],[-73.542711,45.497935],[-73.542698,45.497844],[-73.542609,45.497763],[-73.54257,45.497683],[-73.542544,45.497601],[-73.542532,45.497548],[-73.542544,45.497485],[-73.542531,45.49744],[-73.542557,45.497368],[-73.542544,45.497296],[-73.542519,45.497251],[-73.542519,45.497188],[-73.542518,45.497134],[-73.542544,45.497098],[-73.542531,45.497044],[-73.542518,45.49699],[-73.542506,45.496936],[-73.54248,45.496846],[-73.542454,45.496783],[-73.542441,45.496675],[-73.542429,45.496612],[-73.542416,45.496567],[-73.54239,45.496495],[-73.54239,45.496405],[-73.542364,45.496324],[-73.542351,45.496279],[-73.542339,45.496198],[-73.542326,45.496117],[-73.542313,45.496],[-73.542287,45.495937],[-73.542262,45.495838],[-73.542249,45.49573],[-73.542249,45.495658],[-73.542236,45.495577],[-73.542223,45.495496],[-73.542197,45.495379],[-73.542159,45.495316],[-73.542133,45.495235],[-73.542108,45.49519],[-73.542065,45.495155],[-73.542044,45.495136],[-73.541992,45.495091],[-73.541967,45.495037],[-73.541967,45.494983],[-73.541967,45.494875],[-73.541954,45.494803],[-73.541941,45.49474],[-73.541941,45.494623],[-73.541966,45.494497],[-73.541941,45.494398],[-73.541915,45.494335],[-73.541889,45.494263],[-73.541851,45.4942],[-73.541851,45.494137],[-73.541851,45.494056],[-73.541838,45.493966],[-73.541787,45.493886],[-73.541799,45.493795],[-73.541761,45.493697],[-73.541735,45.493625],[-73.541697,45.493544],[-73.541671,45.493463],[-73.541658,45.493391],[-73.541633,45.493319],[-73.54162,45.493238],[-73.54162,45.493148],[-73.54162,45.493022],[-73.541607,45.492914],[-73.541581,45.492815],[-73.541569,45.492752],[-73.541543,45.492653],[-73.541543,45.492581],[-73.541543,45.492509],[-73.541517,45.492437],[-73.541504,45.49232],[-73.541479,45.492248],[-73.541453,45.492185],[-73.541453,45.492113],[-73.541427,45.49205],[-73.541414,45.491987],[-73.541389,45.491924],[-73.541363,45.491861],[-73.541338,45.491789],[-73.541312,45.491699],[-73.541273,45.491609],[-73.541235,45.491564],[-73.541196,45.491555],[-73.541171,45.491501],[-73.541184,45.491456],[-73.541171,45.491375],[-73.541107,45.491222],[-73.541068,45.491159],[-73.541055,45.491114],[-73.540966,45.491042],[-73.540953,45.490997],[-73.54094,45.490943],[-73.540889,45.490844],[-73.54085,45.490781],[-73.540761,45.490619],[-73.540697,45.490565],[-73.540671,45.490538],[-73.540658,45.490449],[-73.540582,45.490385],[-73.540543,45.490314],[-73.540492,45.490242],[-73.540454,45.49017],[-73.540364,45.490035],[-73.540351,45.489954],[-73.540313,45.489891],[-73.540236,45.489801],[-73.540146,45.489729],[-73.540095,45.489666],[-73.540031,45.489549],[-73.539967,45.489459],[-73.539903,45.489378],[-73.539864,45.489315],[-73.539813,45.48927],[-73.539775,45.489216],[-73.539723,45.48918],[-73.539685,45.489144],[-73.539659,45.489099],[-73.539621,45.489045],[-73.539583,45.488991],[-73.539531,45.488928],[-73.539493,45.488847],[-73.539429,45.488766],[-73.539403,45.488712],[-73.539327,45.488622],[-73.539263,45.488541],[-73.539224,45.488496],[-73.539186,45.488478],[-73.539147,45.488424],[-73.539133,45.488399],[-73.539122,45.488379],[-73.539083,45.488289],[-73.539066,45.488262],[-73.539639,45.488069],[-73.539817,45.488167],[-73.539901,45.488138],[-73.540409,45.488352],[-73.540999,45.488508],[-73.54184,45.48867],[-73.543807,45.48905],[-73.544061,45.489099],[-73.544188,45.489124],[-73.545779,45.489431],[-73.547424,45.489734],[-73.54744,45.489723],[-73.547545,45.489709],[-73.54771,45.489729],[-73.548764,45.489947],[-73.548987,45.489999],[-73.549103,45.49006],[-73.549468,45.49012],[-73.549968,45.490239],[-73.550646,45.490459],[-73.551261,45.490742],[-73.551629,45.490933],[-73.551908,45.491099],[-73.552249,45.491379],[-73.552238,45.491479],[-73.552225,45.49156],[-73.552737,45.492036],[-73.552929,45.492315],[-73.552904,45.492594],[-73.552254,45.495006],[-73.551653,45.495213],[-73.55164,45.495411],[-73.551589,45.49542],[-73.551589,45.495528],[-73.551678,45.495564],[-73.551649,45.495703],[-73.551615,45.495861],[-73.551385,45.496716],[-73.55136,45.496788],[-73.550886,45.496761],[-73.550657,45.498219],[-73.551067,45.498255],[-73.551016,45.498435],[-73.550901,45.498894],[-73.550875,45.498993],[-73.550837,45.499146],[-73.550786,45.499218],[-73.550709,45.499218],[-73.550543,45.499677],[-73.549379,45.499588],[-73.54943,45.499155],[-73.549302,45.499147],[-73.549606,45.495808],[-73.549568,45.49579],[-73.549999,45.491714],[-73.549935,45.491597],[-73.54973,45.491588],[-73.54982,45.491453],[-73.549692,45.491417],[-73.549653,45.491435],[-73.549576,45.491435],[-73.549487,45.491426],[-73.549449,45.491417],[-73.549384,45.491354],[-73.549282,45.491354],[-73.549257,45.491579],[-73.548988,45.491561],[-73.548911,45.491651],[-73.548594,45.494774],[-73.548581,45.494882],[-73.548327,45.496771],[-73.547946,45.5],[-73.547946,45.500002],[-73.547933,45.500047],[-73.547166,45.500002],[-73.547141,45.5],[-73.546705,45.499958],[-73.545988,45.499904],[-73.546573,45.494828],[-73.545434,45.494766],[-73.544837,45.499931],[-73.544837,45.5],[-73.544837,45.500003],[-73.544837,45.50003],[-73.544824,45.500147],[-73.544659,45.501452],[-73.544557,45.502334],[-73.544493,45.502352],[-73.544493,45.502424],[-73.54448,45.502505],[-73.544468,45.502568],[-73.544481,45.502658],[-73.544468,45.502739],[-73.544468,45.502793],[-73.544455,45.502847],[-73.544442,45.502946],[-73.544442,45.503009],[-73.544442,45.503063],[-73.544442,45.503126],[-73.544443,45.50318],[-73.54443,45.503261],[-73.544417,45.503315],[-73.544417,45.503387],[-73.544404,45.503477],[-73.544392,45.50354],[-73.544392,45.503594],[-73.544366,45.503684],[-73.544353,45.503747],[-73.544341,45.503819],[-73.544315,45.503864],[-73.544302,45.503918],[-73.544277,45.503981],[-73.544264,45.504053],[-73.544264,45.504116],[-73.544226,45.504143],[-73.544264,45.504242],[-73.544213,45.504242],[-73.544098,45.504665],[-73.544137,45.504674],[-73.544086,45.504845],[-73.544124,45.504845],[-73.544009,45.505268],[-73.543932,45.505313],[-73.543818,45.505817],[-73.543766,45.50606],[-73.543588,45.506788],[-73.543537,45.506951],[-73.543575,45.507013],[-73.543422,45.507679],[-73.543371,45.507814],[-73.543307,45.507886],[-73.543192,45.507932],[-73.543051,45.507941],[-73.542885,45.507896],[-73.542834,45.50786],[-73.542795,45.507797],[-73.542782,45.507725],[-73.542782,45.507662],[-73.542782,45.507608],[-73.542782,45.507509],[-73.542782,45.507401],[-73.542782,45.507329],[-73.542782,45.507284],[-73.542769,45.507185],[-73.542756,45.507113],[-73.542756,45.507032],[-73.542756,45.506951],[-73.542756,45.506879],[-73.542756,45.506807],[-73.542756,45.506735],[-73.542756,45.506663],[-73.542756,45.506591],[-73.542769,45.506546],[-73.542769,45.506474],[-73.542769,45.506402],[-73.542769,45.506303],[-73.542781,45.506213],[-73.542781,45.50615],[-73.542781,45.506078],[-73.542794,45.505934],[-73.542807,45.505871],[-73.542807,45.505772],[-73.542806,45.5057],[-73.542806,45.505628],[-73.542806,45.505556],[-73.542819,45.505484],[-73.542819,45.50543],[-73.542806,45.505358],[-73.542806,45.505295],[-73.542806,45.505223],[-73.542806,45.505151],[-73.542806,45.505088],[-73.542806,45.505025],[-73.542819,45.504971],[-73.54278,45.504908],[-73.54278,45.504845],[-73.54278,45.504791],[-73.54278,45.504728],[-73.54278,45.50472],[-73.54278,45.504674],[-73.54278,45.50462],[-73.542793,45.504548],[-73.542806,45.504485],[-73.542818,45.504404],[-73.542818,45.50435],[-73.542831,45.504296],[-73.542831,45.504197]]],[[[-73.534629,45.527146],[-73.534565,45.527146],[-73.534463,45.527128],[-73.534322,45.527083],[-73.534207,45.527029],[-73.534117,45.526993],[-73.534079,45.526957],[-73.534028,45.526903],[-73.533976,45.526822],[-73.533951,45.526741],[-73.533938,45.526696],[-73.533938,45.526633],[-73.533925,45.526525],[-73.533912,45.526444],[-73.533899,45.526372],[-73.533874,45.526309],[-73.533861,45.526273],[-73.533848,45.526192],[-73.533848,45.526138],[-73.533835,45.526057],[-73.533758,45.526075],[-73.533694,45.526094],[-73.533605,45.526093],[-73.533502,45.526094],[-73.533438,45.526085],[-73.533374,45.526067],[-73.533297,45.52604],[-73.533233,45.526013],[-73.533157,45.525995],[-73.533092,45.525977],[-73.533016,45.525959],[-73.532952,45.525923],[-73.532875,45.525887],[-73.532798,45.525851],[-73.532721,45.525815],[-73.532657,45.525779],[-73.53258,45.525734],[-73.532516,45.525707],[-73.532465,45.525671],[-73.532414,45.525626],[-73.53235,45.525581],[-73.532298,45.525545],[-73.532222,45.525518],[-73.532132,45.525518],[-73.532081,45.525563],[-73.53203,45.525599],[-73.531979,45.525635],[-73.531902,45.525644],[-73.531851,45.525599],[-73.531838,45.525554],[-73.531838,45.525491],[-73.531825,45.525419],[-73.531825,45.525356],[-73.531812,45.525284],[-73.531799,45.525176],[-73.531786,45.525113],[-73.531774,45.52505],[-73.531761,45.524987],[-73.531735,45.524924],[-73.531722,45.524861],[-73.531709,45.524798],[-73.531709,45.524726],[-73.531696,45.524654],[-73.531683,45.524492],[-73.531671,45.52442],[-73.531658,45.524339],[-73.531658,45.524267],[-73.53167,45.524177],[-73.53167,45.524123],[-73.53167,45.524015],[-73.53167,45.523953],[-73.53167,45.523835],[-73.53167,45.523763],[-73.53167,45.523674],[-73.53167,45.523593],[-73.531657,45.523466],[-73.531657,45.523385],[-73.531632,45.523278],[-73.531619,45.523206],[-73.531606,45.523098],[-73.531593,45.523026],[-73.531593,45.522954],[-73.531529,45.522747],[-73.531516,45.522702],[-73.531516,45.522639],[-73.531516,45.522567],[-73.531516,45.522504],[-73.531516,45.522441],[-73.531516,45.522378],[-73.531516,45.522315],[-73.531516,45.522252],[-73.531516,45.522189],[-73.531516,45.522117],[-73.531516,45.522027],[-73.531503,45.521973],[-73.53149,45.521928],[-73.53149,45.521856],[-73.53149,45.521793],[-73.531477,45.521721],[-73.531477,45.52164],[-73.531477,45.521568],[-73.531477,45.521505],[-73.531477,45.521388],[-73.531464,45.521325],[-73.531464,45.521226],[-73.531451,45.521127],[-73.531438,45.521064],[-73.531438,45.52101],[-73.531426,45.520974],[-73.531413,45.520938],[-73.531413,45.520884],[-73.531387,45.520785],[-73.531374,45.520722],[-73.531374,45.520632],[-73.531374,45.520569],[-73.531361,45.520506],[-73.531336,45.520425],[-73.531323,45.520371],[-73.531323,45.520299],[-73.531348,45.5202],[-73.531323,45.520137],[-73.531297,45.520083],[-73.531284,45.520029],[-73.531259,45.519885],[-73.531246,45.519741],[-73.531233,45.519669],[-73.53122,45.519597],[-73.531207,45.519525],[-73.531181,45.519444],[-73.531156,45.519399],[-73.531156,45.519345],[-73.531117,45.5193],[-73.531066,45.519237],[-73.531053,45.519192],[-73.531041,45.519121],[-73.531028,45.519067],[-73.531015,45.519004],[-73.530976,45.518841],[-73.530938,45.518815],[-73.530887,45.518734],[-73.530848,45.51868],[-73.53081,45.518626],[-73.530784,45.518572],[-73.530759,45.518509],[-73.530733,45.518455],[-73.530707,45.518401],[-73.530682,45.518347],[-73.530656,45.518293],[-73.530618,45.518221],[-73.530566,45.518158],[-73.530541,45.518104],[-73.530528,45.51805],[-73.530528,45.517996],[-73.530541,45.517933],[-73.530541,45.51787],[-73.530515,45.517771],[-73.530502,45.517708],[-73.530489,45.517645],[-73.530476,45.517582],[-73.530451,45.517483],[-73.530438,45.517375],[-73.530438,45.517321],[-73.530425,45.517222],[-73.530412,45.517159],[-73.530399,45.517087],[-73.530387,45.517024],[-73.530374,45.516952],[-73.530361,45.516889],[-73.530348,45.516817],[-73.530322,45.516709],[-73.530309,45.516664],[-73.530284,45.516583],[-73.530271,45.516502],[-73.530246,45.516385],[-73.530233,45.516322],[-73.53022,45.51625],[-73.530194,45.516187],[-73.530168,45.516088],[-73.530156,45.516016],[-73.53013,45.515935],[-73.530117,45.515854],[-73.530091,45.515746],[-73.530079,45.515674],[-73.530053,45.515566],[-73.53004,45.515494],[-73.530027,45.515422],[-73.530014,45.515359],[-73.529989,45.51526],[-73.529963,45.515206],[-73.529937,45.515117],[-73.529925,45.515054],[-73.529925,45.514981],[-73.529912,45.514919],[-73.529912,45.514819],[-73.529899,45.514766],[-73.529899,45.514685],[-73.529899,45.514595],[-73.529899,45.514523],[-73.529912,45.514451],[-73.529924,45.514388],[-73.529937,45.514325],[-73.52995,45.514262],[-73.529963,45.514199],[-73.529975,45.514136],[-73.530001,45.514082],[-73.530027,45.514028],[-73.530052,45.513974],[-73.530078,45.51392],[-73.530103,45.513857],[-73.530142,45.513803],[-73.530167,45.513749],[-73.530193,45.513677],[-73.530218,45.513632],[-73.530282,45.51356],[-73.530346,45.513506],[-73.530385,45.513461],[-73.530397,45.513416],[-73.530423,45.513335],[-73.530436,45.513272],[-73.530436,45.513182],[-73.530448,45.513119],[-73.530474,45.51302],[-73.530482,45.512976],[-73.530487,45.512948],[-73.530487,45.512885],[-73.530487,45.512822],[-73.530487,45.512723],[-73.530512,45.51266],[-73.530525,45.512597],[-73.530538,45.512534],[-73.530551,45.512426],[-73.530551,45.512363],[-73.53055,45.5123],[-73.530563,45.512237],[-73.530589,45.512147],[-73.530614,45.512084],[-73.530614,45.511985],[-73.530627,45.511922],[-73.53064,45.511859],[-73.530653,45.511787],[-73.530691,45.511688],[-73.530704,45.511616],[-73.530716,45.511526],[-73.530742,45.511463],[-73.530767,45.511391],[-73.530793,45.511328],[-73.530819,45.511265],[-73.530831,45.511202],[-73.530857,45.511112],[-73.53087,45.511058],[-73.530895,45.510995],[-73.530921,45.510932],[-73.530934,45.510878],[-73.530959,45.510824],[-73.530972,45.510797],[-73.530997,45.510725],[-73.531023,45.510671],[-73.531049,45.510626],[-73.531074,45.510536],[-73.531087,45.510482],[-73.531112,45.510401],[-73.531138,45.510347],[-73.531151,45.510302],[-73.531176,45.510257],[-73.531202,45.510167],[-73.531227,45.510122],[-73.531291,45.509942],[-73.531317,45.509888],[-73.531355,45.509807],[-73.531381,45.509762],[-73.531406,45.509708],[-73.531445,45.509663],[-73.53147,45.5096],[-73.531496,45.509537],[-73.531522,45.509474],[-73.531547,45.509411],[-73.531573,45.509348],[-73.531611,45.509285],[-73.531649,45.509213],[-73.531726,45.509078],[-73.531739,45.509024],[-73.531777,45.508934],[-73.531803,45.50888],[-73.531815,45.508817],[-73.531828,45.508754],[-73.531841,45.508691],[-73.531867,45.508628],[-73.531879,45.508565],[-73.531905,45.508493],[-73.531918,45.508421],[-73.531969,45.508331],[-73.531994,45.508277],[-73.532002,45.50826],[-73.53202,45.508223],[-73.532046,45.50816],[-73.532058,45.508088],[-73.532084,45.508016],[-73.532122,45.507953],[-73.53216,45.507854],[-73.532186,45.507782],[-73.532212,45.50771],[-73.532237,45.507638],[-73.532263,45.507575],[-73.532288,45.507476],[-73.532314,45.507413],[-73.532352,45.507341],[-73.532378,45.507287],[-73.532403,45.507224],[-73.532442,45.507152],[-73.532467,45.507071],[-73.532506,45.506999],[-73.532544,45.506927],[-73.532582,45.506819],[-73.532621,45.506747],[-73.532697,45.506657],[-73.532761,45.506612],[-73.532812,45.506567],[-73.532902,45.506495],[-73.533004,45.506441],[-73.533119,45.506387],[-73.533209,45.506369],[-73.533324,45.506351],[-73.533388,45.506333],[-73.533516,45.506306],[-73.533618,45.506297],[-73.533695,45.506279],[-73.533785,45.506279],[-73.533862,45.506279],[-73.533938,45.506288],[-73.534015,45.506297],[-73.534092,45.506324],[-73.534156,45.50636],[-73.534271,45.506396],[-73.534489,45.506504],[-73.534553,45.50654],[-73.534706,45.506666],[-73.534758,45.50672],[-73.534822,45.506774],[-73.53486,45.506828],[-73.53495,45.506899],[-73.535052,45.50698],[-73.535103,45.507043],[-73.535155,45.507097],[-73.535193,45.507151],[-73.53527,45.507223],[-73.535334,45.507277],[-73.535372,45.507331],[-73.535462,45.507421],[-73.535468,45.507429],[-73.535513,45.507484],[-73.535603,45.507592],[-73.535654,45.507655],[-73.535705,45.507727],[-73.535756,45.50779],[-73.535821,45.507853],[-73.535898,45.507952],[-73.535974,45.508051],[-73.536026,45.508123],[-73.53609,45.508222],[-73.536154,45.508294],[-73.536243,45.508411],[-73.536294,45.508483],[-73.536333,45.508528],[-73.536397,45.508609],[-73.536423,45.508654],[-73.536499,45.508735],[-73.536564,45.508807],[-73.536602,45.508852],[-73.536691,45.508969],[-73.536717,45.509014],[-73.536769,45.509095],[-73.53682,45.509166],[-73.536845,45.509212],[-73.536922,45.509329],[-73.536948,45.509373],[-73.536999,45.509454],[-73.537025,45.509499],[-73.537102,45.509634],[-73.537127,45.509679],[-73.537166,45.50976],[-73.537204,45.50985],[-73.53723,45.509895],[-73.537255,45.50994],[-73.537294,45.510066],[-73.53732,45.510111],[-73.537358,45.510183],[-73.537383,45.510255],[-73.537396,45.510327],[-73.537409,45.510372],[-73.537422,45.510444],[-73.537435,45.510525],[-73.537461,45.510597],[-73.537486,45.510678],[-73.537512,45.510723],[-73.537538,45.510804],[-73.537563,45.510849],[-73.537576,45.510894],[-73.537589,45.510939],[-73.537614,45.510984],[-73.53764,45.511065],[-73.537666,45.51111],[-73.537704,45.511191],[-73.53773,45.511272],[-73.537743,45.511326],[-73.537768,45.511416],[-73.537781,45.51147],[-73.537807,45.511515],[-73.537832,45.51165],[-73.537845,45.511695],[-73.537871,45.51174],[-73.537884,45.511794],[-73.537909,45.511884],[-73.537922,45.511938],[-73.537948,45.512028],[-73.537961,45.512073],[-73.537986,45.512154],[-73.537999,45.512226],[-73.538012,45.512271],[-73.538038,45.512343],[-73.538076,45.512424],[-73.538102,45.512496],[-73.53814,45.512576],[-73.538166,45.512649],[-73.538179,45.512729],[-73.538217,45.512801],[-73.538268,45.5129],[-73.538307,45.512999],[-73.538333,45.51308],[-73.538358,45.513197],[-73.538397,45.513287],[-73.538422,45.51335],[-73.538448,45.513449],[-73.538474,45.513521],[-73.538499,45.513575],[-73.538512,45.513683],[-73.538512,45.513773],[-73.538512,45.513845],[-73.538512,45.513926],[-73.538512,45.514052],[-73.538512,45.514133],[-73.538525,45.514259],[-73.538525,45.51434],[-73.538525,45.514466],[-73.538526,45.514592],[-73.538526,45.514664],[-73.538526,45.514745],[-73.538526,45.514835],[-73.538526,45.514916],[-73.538526,45.514997],[-73.538526,45.515132],[-73.538539,45.515267],[-73.538539,45.515321],[-73.538526,45.515366],[-73.538526,45.51542],[-73.538513,45.51551],[-73.538513,45.5156],[-73.538501,45.515726],[-73.538475,45.515807],[-73.538424,45.515933],[-73.538411,45.516059],[-73.538399,45.51614],[-73.538386,45.516185],[-73.538373,45.516266],[-73.53836,45.516347],[-73.538347,45.516437],[-73.538335,45.516482],[-73.538322,45.516572],[-73.538322,45.516662],[-73.538322,45.516716],[-73.538309,45.516761],[-73.538297,45.516896],[-73.538284,45.516941],[-73.538271,45.516986],[-73.538258,45.517076],[-73.538246,45.517157],[-73.538233,45.517292],[-73.538233,45.517346],[-73.53822,45.517391],[-73.53822,45.51749],[-73.538208,45.517571],[-73.538208,45.517661],[-73.538208,45.517742],[-73.538208,45.517814],[-73.538208,45.517922],[-73.538195,45.517994],[-73.538195,45.518066],[-73.538195,45.518147],[-73.538208,45.518281],[-73.538208,45.518336],[-73.538208,45.518398],[-73.538234,45.518452],[-73.538247,45.518506],[-73.538259,45.518596],[-73.538259,45.518659],[-73.53826,45.518758],[-73.53826,45.51883],[-73.538272,45.518938],[-73.538273,45.51901],[-73.538273,45.519073],[-73.538285,45.519127],[-73.53835,45.519217],[-73.538388,45.519289],[-73.538413,45.519361],[-73.538439,45.519433],[-73.538491,45.519541],[-73.538503,45.519622],[-73.538516,45.519667],[-73.538529,45.519748],[-73.538567,45.519811],[-73.538619,45.519919],[-73.538644,45.519991],[-73.53867,45.520063],[-73.538683,45.520108],[-73.538709,45.52018],[-73.538734,45.520261],[-73.538747,45.520306],[-73.53876,45.520378],[-73.538785,45.520459],[-73.538811,45.520531],[-73.538837,45.520621],[-73.538862,45.520702],[-73.538888,45.520783],[-73.538914,45.520846],[-73.53894,45.520918],[-73.538965,45.521017],[-73.538991,45.521089],[-73.539042,45.521197],[-73.539068,45.521269],[-73.539076,45.521334],[-73.539081,45.521368],[-73.539081,45.521431],[-73.539081,45.521485],[-73.539081,45.521539],[-73.539081,45.521602],[-73.539081,45.521692],[-73.539081,45.521746],[-73.539094,45.521809],[-73.539119,45.521853],[-73.539171,45.521916],[-73.539196,45.521962],[-73.539209,45.522007],[-73.539235,45.522069],[-73.539299,45.522123],[-73.53935,45.522168],[-73.539376,45.522213],[-73.539401,45.522258],[-73.53944,45.522303],[-73.539504,45.522357],[-73.539491,45.522402],[-73.539453,45.522474],[-73.539453,45.522537],[-73.539453,45.522654],[-73.539453,45.522726],[-73.539466,45.522843],[-73.539466,45.522915],[-73.53944,45.522978],[-73.539415,45.523041],[-73.539402,45.523104],[-73.539402,45.523194],[-73.539415,45.523248],[-73.539428,45.523329],[-73.539428,45.523383],[-73.539389,45.523437],[-73.539351,45.523482],[-73.5393,45.523527],[-73.539261,45.523608],[-73.539236,45.52368],[-73.53921,45.523788],[-73.539185,45.52386],[-73.539159,45.523977],[-73.539146,45.524058],[-73.539134,45.524103],[-73.539121,45.52422],[-73.539108,45.524292],[-73.539095,45.524337],[-73.539083,45.524427],[-73.53907,45.524508],[-73.539057,45.524589],[-73.539032,45.524661],[-73.539006,45.524733],[-73.538993,45.524805],[-73.538968,45.524868],[-73.538942,45.524931],[-73.538878,45.525012],[-73.538827,45.525057],[-73.538776,45.525111],[-73.538763,45.525165],[-73.538763,45.525219],[-73.538738,45.525282],[-73.538712,45.525363],[-73.538699,45.525417],[-73.538687,45.525489],[-73.538687,45.525552],[-73.538674,45.525606],[-73.538597,45.525651],[-73.538559,45.525714],[-73.538533,45.525768],[-73.538482,45.525822],[-73.538431,45.525885],[-73.53838,45.525948],[-73.538328,45.52602],[-73.538277,45.526137],[-73.538239,45.526209],[-73.538201,45.52629],[-73.53815,45.526362],[-73.538111,45.526443],[-73.538034,45.526551],[-73.537996,45.526623],[-73.537945,45.526695],[-73.537881,45.526767],[-73.537855,45.526812],[-73.537779,45.526929],[-73.537753,45.526974],[-73.537728,45.527019],[-73.537664,45.527136],[-73.537625,45.527199],[-73.537587,45.527271],[-73.537548,45.527343],[-73.537497,45.527415],[-73.537433,45.527478],[-73.537344,45.527577],[-73.537305,45.527649],[-73.537242,45.527757],[-73.537203,45.52782],[-73.537139,45.527919],[-73.537063,45.528027],[-73.537011,45.52809],[-73.536947,45.52818],[-73.536896,45.528225],[-73.536806,45.528306],[-73.536755,45.528369],[-73.536666,45.528459],[-73.536628,45.528522],[-73.536576,45.528585],[-73.536525,45.528657],[-73.536461,45.52872],[-73.536397,45.528783],[-73.536295,45.5289],[-73.536244,45.528963],[-73.536193,45.529026],[-73.536154,45.529089],[-73.536129,45.529143],[-73.53609,45.529206],[-73.536039,45.529269],[-73.535988,45.529323],[-73.535911,45.529422],[-73.53586,45.529476],[-73.535809,45.529539],[-73.535757,45.529602],[-73.535719,45.529665],[-73.535668,45.529737],[-73.535642,45.529791],[-73.535604,45.529845],[-73.53554,45.529926],[-73.535489,45.529962],[-73.535425,45.529998],[-73.535348,45.530007],[-73.535284,45.530052],[-73.535284,45.530106],[-73.535246,45.53016],[-73.535195,45.530205],[-73.535143,45.530259],[-73.535092,45.530313],[-73.535028,45.530358],[-73.535003,45.530412],[-73.53499,45.530547],[-73.534939,45.530646],[-73.534901,45.530718],[-73.534862,45.530781],[-73.534811,45.530853],[-73.534747,45.530916],[-73.534683,45.53097],[-73.534645,45.531033],[-73.534593,45.531087],[-73.534517,45.531168],[-73.534466,45.531222],[-73.534376,45.531285],[-73.534299,45.53133],[-73.534222,45.531357],[-73.534107,45.531402],[-73.534017,45.531402],[-73.533928,45.531403],[-73.533851,45.531411],[-73.533787,45.53142],[-73.533659,45.531421],[-73.533582,45.531429],[-73.533506,45.531439],[-73.533352,45.531439],[-73.533262,45.531439],[-73.533185,45.53143],[-73.533096,45.531412],[-73.53298,45.531385],[-73.532917,45.531358],[-73.532814,45.531322],[-73.532763,45.531286],[-73.532699,45.53125],[-73.532647,45.531205],[-73.532596,45.53116],[-73.532545,45.531115],[-73.532481,45.531052],[-73.53243,45.53098],[-73.532391,45.530935],[-73.532378,45.530872],[-73.532353,45.530809],[-73.532327,45.53071],[-73.532302,45.530602],[-73.532302,45.530539],[-73.532289,45.530431],[-73.532289,45.530368],[-73.532276,45.530314],[-73.53225,45.530251],[-73.53225,45.530161],[-73.532237,45.530089],[-73.532237,45.529972],[-73.532237,45.5299],[-73.532211,45.529837],[-73.532211,45.529774],[-73.532211,45.529711],[-73.532198,45.529648],[-73.532186,45.529576],[-73.532173,45.529504],[-73.53216,45.529387],[-73.53216,45.529234],[-73.53216,45.52918],[-73.53216,45.529099],[-73.53216,45.528973],[-73.532198,45.528919],[-73.532249,45.528856],[-73.532301,45.528812],[-73.532352,45.528775],[-73.532428,45.528712],[-73.53248,45.528676],[-73.532544,45.528649],[-73.532608,45.52864],[-73.532723,45.528631],[-73.532825,45.52864],[-73.532889,45.528649],[-73.533068,45.528667],[-73.533184,45.528676],[-73.53335,45.528685],[-73.533453,45.528694],[-73.533555,45.528694],[-73.533645,45.528703],[-73.533747,45.528721],[-73.533837,45.528739],[-73.533926,45.528748],[-73.534016,45.528757],[-73.53417,45.528757],[-73.534246,45.528721],[-73.534285,45.528667],[-73.534298,45.528613],[-73.534285,45.528568],[-73.534272,45.528523],[-73.534297,45.528469],[-73.534349,45.528415],[-73.5344,45.52837],[-73.534477,45.528307],[-73.534553,45.52828],[-73.534681,45.528244],[-73.534771,45.528217],[-73.53486,45.528199],[-73.534963,45.528181],[-73.535078,45.528145],[-73.535155,45.528136],[-73.535245,45.528109],[-73.535308,45.528082],[-73.535488,45.527992],[-73.535539,45.527956],[-73.53559,45.527911],[-73.535667,45.527857],[-73.535718,45.527812],[-73.535744,45.527758],[-73.535744,45.527695],[-73.535744,45.527632],[-73.535744,45.527578],[-73.535743,45.527524],[-73.535743,45.527461],[-73.535692,45.527425],[-73.535615,45.527407],[-73.535539,45.527371],[-73.535449,45.527326],[-73.535385,45.52729],[-73.535321,45.527245],[-73.535244,45.527227],[-73.535129,45.5272],[-73.535065,45.527182],[-73.534988,45.527173],[-73.534911,45.527164],[-73.534834,45.527155],[-73.534745,45.527155],[-73.534629,45.527146]]],[[[-73.532286,45.526643],[-73.532312,45.526769],[-73.532325,45.526841],[-73.532325,45.526913],[-73.532325,45.526985],[-73.532338,45.527093],[-73.532338,45.52721],[-73.532351,45.527444],[-73.532351,45.527534],[-73.532364,45.527642],[-73.532364,45.527768],[-73.532377,45.527894],[-73.53239,45.527956],[-73.53239,45.528146],[-73.532351,45.528218],[-73.532249,45.528299],[-73.532185,45.528317],[-73.532108,45.528317],[-73.532006,45.528236],[-73.531942,45.528182],[-73.531916,45.528137],[-73.531916,45.527876],[-73.531903,45.527786],[-73.531916,45.527714],[-73.531916,45.527651],[-73.531954,45.527543],[-73.531967,45.527471],[-73.531992,45.527354],[-73.532005,45.5273],[-73.532005,45.527147],[-73.531992,45.527003],[-73.531979,45.526868],[-73.531954,45.52676],[-73.531941,45.526643],[-73.531941,45.526499],[-73.531915,45.526364],[-73.531902,45.526229],[-73.531915,45.526085],[-73.531979,45.52604],[-73.532056,45.526013],[-73.532209,45.526004],[-73.532248,45.526067],[-73.532273,45.526166],[-73.532274,45.526517],[-73.532286,45.52658],[-73.532286,45.526643]]],[[[-73.530066,45.492305],[-73.530092,45.49235],[-73.530092,45.492413],[-73.530053,45.492476],[-73.52999,45.492512],[-73.529926,45.49253],[-73.529836,45.49253],[-73.529772,45.492512],[-73.529708,45.492477],[-73.52967,45.492413],[-73.529657,45.49236],[-73.52967,45.492324],[-73.529644,45.492297],[-73.529631,45.49227],[-73.529644,45.492243],[-73.529772,45.49209],[-73.530028,45.492188],[-73.530053,45.492216],[-73.530066,45.492242],[-73.530041,45.492278],[-73.530066,45.492305]]],[[[-73.527232,45.505552],[-73.527258,45.505147],[-73.528038,45.50512],[-73.528208,45.505125],[-73.52864,45.505138],[-73.528627,45.50558],[-73.528627,45.505588],[-73.528602,45.506145],[-73.528474,45.50619],[-73.528449,45.506365],[-73.528448,45.50637],[-73.52841,45.506577],[-73.528474,45.506586],[-73.528295,45.507306],[-73.527783,45.507243],[-73.527732,45.507513],[-73.528219,45.507594],[-73.528182,45.507731],[-73.528142,45.507882],[-73.528014,45.507963],[-73.527988,45.508062],[-73.528065,45.508197],[-73.527912,45.508305],[-73.527886,45.508395],[-73.527963,45.508476],[-73.527923,45.508604],[-73.527912,45.508638],[-73.527592,45.509349],[-73.527286,45.510015],[-73.527247,45.510168],[-73.526992,45.511203],[-73.526134,45.511095],[-73.52575,45.510438],[-73.525865,45.510105],[-73.526057,45.509619],[-73.526249,45.509124],[-73.526543,45.508432],[-73.526552,45.508413],[-73.526594,45.508332],[-73.526824,45.508134],[-73.526658,45.507847],[-73.526773,45.507748],[-73.52684,45.507544],[-73.526964,45.507172],[-73.52713,45.506506],[-73.527169,45.506191],[-73.527169,45.50619],[-73.527207,45.505831],[-73.527232,45.505552]]],[[[-73.526267,45.520732],[-73.526113,45.52022],[-73.525869,45.519428],[-73.525705,45.51891],[-73.525614,45.518623],[-73.525611,45.518615],[-73.524998,45.516674],[-73.524613,45.515433],[-73.524293,45.514335],[-73.523665,45.512328],[-73.52305,45.510439],[-73.522934,45.510025],[-73.522652,45.509071],[-73.522358,45.508172],[-73.522063,45.507182],[-73.521704,45.506093],[-73.52155,45.505535],[-73.521257,45.504636],[-73.52123,45.504554],[-73.521115,45.504086],[-73.521089,45.50396],[-73.52091,45.503961],[-73.520884,45.503924],[-73.520205,45.501738],[-73.51968,45.500001],[-73.51968,45.5],[-73.519296,45.498787],[-73.519129,45.498283],[-73.51886,45.497671],[-73.51852,45.49696],[-73.519838,45.496501],[-73.519883,45.49574],[-73.519909,45.495745],[-73.520242,45.495727],[-73.5206,45.49579],[-73.520817,45.495871],[-73.520984,45.495907],[-73.521112,45.496015],[-73.521662,45.496186],[-73.522289,45.496384],[-73.522545,45.496482],[-73.523044,45.496671],[-73.52362,45.496887],[-73.524183,45.497157],[-73.524823,45.49749],[-73.525706,45.498029],[-73.525783,45.498065],[-73.525847,45.498102],[-73.525911,45.498164],[-73.525987,45.498218],[-73.526039,45.498254],[-73.52609,45.498299],[-73.526141,45.498353],[-73.526205,45.498407],[-73.526333,45.498488],[-73.52641,45.498542],[-73.526461,45.498578],[-73.526576,45.498677],[-73.526653,45.49874],[-73.526768,45.498848],[-73.526807,45.498893],[-73.526884,45.498956],[-73.52696,45.499019],[-73.527037,45.499082],[-73.527101,45.499145],[-73.527204,45.499253],[-73.527332,45.499361],[-73.527383,45.499406],[-73.527472,45.499478],[-73.527549,45.49955],[-73.527626,45.499622],[-73.527857,45.499874],[-73.527908,45.49991],[-73.527946,45.499955],[-73.527998,45.5],[-73.528036,45.500045],[-73.528113,45.500126],[-73.528177,45.500207],[-73.528215,45.500251],[-73.528253,45.500297],[-73.528305,45.500342],[-73.528381,45.50044],[-73.52842,45.500485],[-73.528484,45.500575],[-73.528535,45.500665],[-73.528586,45.500746],[-73.528612,45.500791],[-73.528676,45.500881],[-73.528702,45.500926],[-73.52874,45.500971],[-73.528766,45.501025],[-73.528842,45.501115],[-73.528868,45.50116],[-73.528906,45.501205],[-73.528945,45.50125],[-73.529009,45.50134],[-73.529047,45.501385],[-73.529073,45.50143],[-73.529098,45.501475],[-73.529163,45.501565],[-73.529201,45.50161],[-73.529227,45.501655],[-73.529291,45.501754],[-73.529329,45.501799],[-73.529355,45.501853],[-73.529419,45.501943],[-73.529444,45.501988],[-73.52947,45.502033],[-73.529483,45.502078],[-73.529521,45.502168],[-73.529534,45.502222],[-73.529547,45.502267],[-73.52956,45.502312],[-73.529598,45.502402],[-73.529624,45.502483],[-73.529662,45.502573],[-73.529675,45.502618],[-73.529688,45.502663],[-73.529701,45.502708],[-73.529739,45.502798],[-73.529752,45.502843],[-73.52979,45.502978],[-73.529803,45.503023],[-73.529816,45.503068],[-73.529842,45.503122],[-73.529867,45.503221],[-73.52988,45.503266],[-73.529893,45.503311],[-73.529906,45.503364],[-73.529931,45.503454],[-73.529944,45.5035],[-73.529957,45.503544],[-73.52997,45.50359],[-73.529995,45.503688],[-73.530008,45.503787],[-73.530021,45.503841],[-73.530034,45.50394],[-73.530047,45.503985],[-73.53006,45.50403],[-73.530072,45.504129],[-73.530085,45.504174],[-73.530098,45.504219],[-73.530124,45.504309],[-73.530124,45.504399],[-73.530137,45.504444],[-73.530137,45.504543],[-73.530137,45.504597],[-73.530137,45.504651],[-73.530137,45.504705],[-73.530162,45.504804],[-73.530175,45.504858],[-73.530188,45.505002],[-73.530188,45.505101],[-73.530201,45.505245],[-73.530201,45.505299],[-73.530201,45.505434],[-73.530201,45.505587],[-73.530201,45.505641],[-73.530201,45.505695],[-73.530201,45.505794],[-73.530201,45.505848],[-73.530201,45.505902],[-73.530176,45.506055],[-73.530163,45.5061],[-73.530163,45.506154],[-73.53015,45.506199],[-73.530125,45.506298],[-73.530112,45.506379],[-73.530099,45.506514],[-73.530087,45.506595],[-73.530061,45.506676],[-73.530048,45.506721],[-73.530036,45.506766],[-73.530023,45.506847],[-73.530023,45.506928],[-73.53001,45.506973],[-73.529997,45.507054],[-73.529972,45.507135],[-73.529921,45.507243],[-73.529882,45.507315],[-73.529857,45.507423],[-73.529844,45.507495],[-73.529818,45.507558],[-73.529793,45.507621],[-73.529793,45.507702],[-73.529793,45.507756],[-73.529767,45.507801],[-73.529755,45.507873],[-73.529753,45.507876],[-73.529729,45.507927],[-73.529718,45.507952],[-73.529697,45.508003],[-73.529691,45.508017],[-73.529665,45.508098],[-73.529639,45.508179],[-73.529601,45.508251],[-73.529576,45.508314],[-73.529524,45.508422],[-73.529473,45.508503],[-73.529435,45.508575],[-73.529358,45.508737],[-73.52932,45.508809],[-73.529269,45.508926],[-73.529243,45.508971],[-73.529218,45.509016],[-73.529179,45.509097],[-73.529154,45.509142],[-73.529141,45.509187],[-73.529102,45.509268],[-73.529064,45.509349],[-73.529051,45.509394],[-73.529,45.509475],[-73.528962,45.509565],[-73.528924,45.509655],[-73.528898,45.5097],[-73.528847,45.509781],[-73.528821,45.509835],[-73.528809,45.50988],[-73.528783,45.509934],[-73.528745,45.510033],[-73.528719,45.510078],[-73.528706,45.510123],[-73.528655,45.510249],[-73.52863,45.510294],[-73.528617,45.510348],[-73.528591,45.510438],[-73.528566,45.510492],[-73.528553,45.510537],[-73.528527,45.510591],[-73.528502,45.510681],[-73.528463,45.510771],[-73.528451,45.510816],[-73.528438,45.51087],[-73.528425,45.510924],[-73.5284,45.510969],[-73.528374,45.511068],[-73.528361,45.511113],[-73.528349,45.511158],[-73.528323,45.511239],[-73.52831,45.511284],[-73.528272,45.511419],[-73.528259,45.511463],[-73.528246,45.511509],[-73.528233,45.511554],[-73.528221,45.511653],[-73.528208,45.511742],[-73.528195,45.51185],[-73.528183,45.511904],[-73.52817,45.51195],[-73.528157,45.512048],[-73.528157,45.512129],[-73.528157,45.512219],[-73.528157,45.5123],[-73.528144,45.512426],[-73.528132,45.512507],[-73.528132,45.512597],[-73.528132,45.512678],[-73.528132,45.512777],[-73.528132,45.512858],[-73.528132,45.512939],[-73.528136,45.512968],[-73.528145,45.513029],[-73.528145,45.51311],[-73.528145,45.513191],[-73.528145,45.513317],[-73.528145,45.513407],[-73.528158,45.513452],[-73.528158,45.513551],[-73.528171,45.513596],[-73.528183,45.51374],[-73.528196,45.51383],[-73.528196,45.513884],[-73.528196,45.513974],[-73.528209,45.514064],[-73.528235,45.51419],[-73.528248,45.51428],[-73.52826,45.514424],[-73.528273,45.514523],[-73.528286,45.514667],[-73.528299,45.514712],[-73.528299,45.514766],[-73.528312,45.514874],[-73.528312,45.514928],[-73.528325,45.514973],[-73.528338,45.515117],[-73.528338,45.515207],[-73.52835,45.515252],[-73.528351,45.515351],[-73.528351,45.515441],[-73.528351,45.515495],[-73.528363,45.515585],[-73.528376,45.51563],[-73.528376,45.515684],[-73.528389,45.515729],[-73.528389,45.515837],[-73.528402,45.515882],[-73.528415,45.515936],[-73.52844,45.516071],[-73.528453,45.516116],[-73.528466,45.516161],[-73.528479,45.516206],[-73.528492,45.516296],[-73.528505,45.516341],[-73.528517,45.516431],[-73.52853,45.516476],[-73.52853,45.516575],[-73.528543,45.516665],[-73.528543,45.516719],[-73.528556,45.516763],[-73.528569,45.516863],[-73.528582,45.516907],[-73.528594,45.516998],[-73.528607,45.517133],[-73.52862,45.517177],[-73.52862,45.517231],[-73.528633,45.517277],[-73.528633,45.517331],[-73.528646,45.51742],[-73.528646,45.517474],[-73.528646,45.517564],[-73.528646,45.517654],[-73.528646,45.517753],[-73.528659,45.517798],[-73.528672,45.517933],[-73.528685,45.517978],[-73.528698,45.518068],[-73.52871,45.518113],[-73.528723,45.518203],[-73.528736,45.518293],[-73.528762,45.518383],[-73.528775,45.518473],[-73.528787,45.518563],[-73.528787,45.518644],[-73.5288,45.518734],[-73.5288,45.518815],[-73.5288,45.518896],[-73.528813,45.519013],[-73.528839,45.519094],[-73.528839,45.519211],[-73.528839,45.519292],[-73.528839,45.519364],[-73.528839,45.519436],[-73.528839,45.519517],[-73.528852,45.51958],[-73.52889,45.519697],[-73.52889,45.519778],[-73.528903,45.519895],[-73.528903,45.519976],[-73.528903,45.520102],[-73.528903,45.520192],[-73.528903,45.520327],[-73.528903,45.520408],[-73.528929,45.520516],[-73.528942,45.520588],[-73.528955,45.520696],[-73.528955,45.520759],[-73.528955,45.520858],[-73.528955,45.520912],[-73.528955,45.520966],[-73.528968,45.521011],[-73.528968,45.521065],[-73.528981,45.521119],[-73.529017,45.521169],[-73.529019,45.521173],[-73.529045,45.521254],[-73.529045,45.521335],[-73.529045,45.521407],[-73.529045,45.52147],[-73.529058,45.521515],[-73.529058,45.521578],[-73.529058,45.521641],[-73.529058,45.521695],[-73.529032,45.521776],[-73.528994,45.521821],[-73.528904,45.521857],[-73.528802,45.521848],[-73.528738,45.52183],[-73.528674,45.521821],[-73.528584,45.521803],[-73.528482,45.521767],[-73.528418,45.52174],[-73.528328,45.521713],[-73.528251,45.521704],[-73.528162,45.521704],[-73.528008,45.521722],[-73.527957,45.521749],[-73.527854,45.521785],[-73.527791,45.521812],[-73.527688,45.521857],[-73.527611,45.521884],[-73.527547,45.521929],[-73.527471,45.521965],[-73.527368,45.52201],[-73.527279,45.522046],[-73.527202,45.522082],[-73.527138,45.522118],[-73.527087,45.522154],[-73.527099,45.522199],[-73.527138,45.522289],[-73.527164,45.522406],[-73.527202,45.522478],[-73.52724,45.522595],[-73.527253,45.52264],[-73.527266,45.522685],[-73.527305,45.522802],[-73.527343,45.522901],[-73.527356,45.522946],[-73.527382,45.523009],[-73.527407,45.52309],[-73.527433,45.523171],[-73.527458,45.523288],[-73.527484,45.52336],[-73.52751,45.523441],[-73.527535,45.523522],[-73.527574,45.523639],[-73.527599,45.52371],[-73.527638,45.523819],[-73.527664,45.52389],[-73.527676,45.523936],[-73.527702,45.524016],[-73.527715,45.524061],[-73.527728,45.524106],[-73.527741,45.524152],[-73.527766,45.524233],[-73.527779,45.524277],[-73.527805,45.524358],[-73.52783,45.524439],[-73.527843,45.524484],[-73.527869,45.524565],[-73.527882,45.524646],[-73.527907,45.524718],[-73.527933,45.524799],[-73.527946,45.52488],[-73.527959,45.524925],[-73.527971,45.52497],[-73.527984,45.525042],[-73.527997,45.525087],[-73.528023,45.525186],[-73.528048,45.525249],[-73.528061,45.525312],[-73.528074,45.525375],[-73.528074,45.525429],[-73.528061,45.52551],[-73.528036,45.525555],[-73.527959,45.525591],[-73.527831,45.525582],[-73.527754,45.525546],[-73.527703,45.52551],[-73.527664,45.525438],[-73.527664,45.525375],[-73.527639,45.525267],[-73.527626,45.525222],[-73.527613,45.525132],[-73.527574,45.525051],[-73.527549,45.52497],[-73.527536,45.524898],[-73.52751,45.524826],[-73.527498,45.524781],[-73.527459,45.524664],[-73.527433,45.524619],[-73.527408,45.524503],[-73.527395,45.52443],[-73.527369,45.524314],[-73.527356,45.524242],[-73.527318,45.524142],[-73.527292,45.52408],[-73.52728,45.524035],[-73.527254,45.523972],[-73.527228,45.5239],[-73.527203,45.523837],[-73.52719,45.523792],[-73.527177,45.523738],[-73.527151,45.523684],[-73.527126,45.523621],[-73.5271,45.523576],[-73.527087,45.523513],[-73.527062,45.523441],[-73.527049,45.523378],[-73.527023,45.523306],[-73.526997,45.523207],[-73.526972,45.523144],[-73.526946,45.523045],[-73.526934,45.522982],[-73.526908,45.522901],[-73.526882,45.522811],[-73.526857,45.522748],[-73.526831,45.522667],[-73.526818,45.522613],[-73.526805,45.522532],[-73.52678,45.522478],[-73.526754,45.522424],[-73.526728,45.522343],[-73.526716,45.522298],[-73.526703,45.522253],[-73.526613,45.521965],[-73.52651,45.521731],[-73.526331,45.521686],[-73.526254,45.521641],[-73.526171,45.521401],[-73.52617,45.521401],[-73.526169,45.521397],[-73.5261,45.5212],[-73.526113,45.521146],[-73.526305,45.521038],[-73.52628,45.520948],[-73.526305,45.520921],[-73.526267,45.520732]],[[-73.5265,45.500333],[-73.526539,45.500342],[-73.526577,45.500351],[-73.526628,45.50036],[-73.52668,45.50036],[-73.526756,45.50036],[-73.526846,45.50036],[-73.526884,45.50036],[-73.526961,45.500387],[-73.527012,45.500423],[-73.527076,45.50045],[-73.527127,45.500468],[-73.527179,45.500477],[-73.52723,45.500486],[-73.527268,45.500504],[-73.527319,45.500513],[-73.527371,45.500522],[-73.527435,45.500531],[-73.527511,45.50054],[-73.527575,45.500558],[-73.527588,45.500531],[-73.527575,45.500504],[-73.527499,45.500459],[-73.527447,45.500441],[-73.527409,45.500432],[-73.527371,45.500423],[-73.527281,45.500387],[-73.527204,45.500351],[-73.52714,45.500333],[-73.527076,45.500306],[-73.527025,45.500279],[-73.526987,45.500252],[-73.526923,45.500216],[-73.526871,45.500171],[-73.526846,45.500144],[-73.526795,45.500126],[-73.526756,45.500099],[-73.526731,45.500063],[-73.526692,45.5],[-73.526602,45.499928],[-73.526539,45.499874],[-73.526475,45.49982],[-73.526411,45.499784],[-73.526359,45.499793],[-73.526308,45.499793],[-73.526257,45.499811],[-73.526231,45.499847],[-73.526206,45.49991],[-73.526206,45.5],[-73.526142,45.500027],[-73.526104,45.500045],[-73.526065,45.500081],[-73.52604,45.500117],[-73.52604,45.500162],[-73.526065,45.500198],[-73.526091,45.500225],[-73.526129,45.500243],[-73.526219,45.500261],[-73.526308,45.500279],[-73.526347,45.500279],[-73.526436,45.500306],[-73.5265,45.500333]],[[-73.523647,45.50081],[-73.523801,45.500909],[-73.523865,45.500918],[-73.523929,45.500918],[-73.523941,45.500945],[-73.523941,45.500972],[-73.523878,45.501062],[-73.52375,45.501224],[-73.523699,45.501359],[-73.523647,45.501584],[-73.523648,45.501818],[-73.52366,45.501944],[-73.523712,45.502088],[-73.523814,45.502295],[-73.523878,45.502547],[-73.523942,45.50279],[-73.524006,45.50297],[-73.524032,45.503168],[-73.524045,45.503537],[-73.524032,45.503906],[-73.52402,45.50423],[-73.524045,45.504473],[-73.524058,45.504797],[-73.524045,45.504986],[-73.525364,45.505066],[-73.525364,45.505021],[-73.525773,45.505039],[-73.525773,45.504985],[-73.525939,45.504985],[-73.52594,45.504905],[-73.525939,45.504823],[-73.525658,45.504823],[-73.52567,45.504319],[-73.5264,45.504328],[-73.5264,45.504436],[-73.52649,45.504436],[-73.52649,45.504526],[-73.526566,45.504526],[-73.526707,45.504535],[-73.52672,45.504013],[-73.526489,45.504076],[-73.526208,45.504067],[-73.526169,45.504013],[-73.525875,45.503995],[-73.526003,45.503024],[-73.526092,45.503024],[-73.526092,45.502925],[-73.526118,45.502835],[-73.526156,45.502799],[-73.526246,45.502772],[-73.526322,45.502754],[-73.526399,45.502753],[-73.526527,45.502781],[-73.526668,45.50278],[-73.526809,45.502763],[-73.526924,45.50278],[-73.526962,45.502798],[-73.526962,45.502834],[-73.526962,45.502933],[-73.526898,45.502942],[-73.52695,45.503248],[-73.527206,45.503284],[-73.527206,45.503554],[-73.527219,45.504454],[-73.527731,45.504472],[-73.527744,45.504319],[-73.528227,45.504327],[-73.528281,45.504328],[-73.528729,45.504346],[-73.528717,45.504741],[-73.528716,45.504778],[-73.528729,45.50503],[-73.528216,45.505003],[-73.528205,45.505003],[-73.527091,45.504976],[-73.527079,45.505516],[-73.527066,45.505705],[-73.527003,45.506175],[-73.527002,45.506182],[-73.526977,45.506407],[-73.526663,45.507519],[-73.526619,45.507676],[-73.526414,45.507829],[-73.52644,45.507892],[-73.526453,45.507964],[-73.526312,45.508063],[-73.526389,45.508297],[-73.526363,45.50836],[-73.526352,45.508385],[-73.526031,45.509098],[-73.525865,45.509584],[-73.525635,45.510438],[-73.526173,45.511293],[-73.527081,45.511392],[-73.527248,45.51078],[-73.527426,45.510177],[-73.527593,45.509817],[-73.527976,45.508863],[-73.528064,45.508623],[-73.528066,45.50862],[-73.528296,45.508026],[-73.528381,45.507759],[-73.528551,45.507225],[-73.528716,45.506385],[-73.528717,45.506379],[-73.528743,45.506046],[-73.528793,45.505596],[-73.528794,45.505587],[-73.528832,45.504859],[-73.528832,45.504787],[-73.528831,45.504745],[-73.528818,45.504202],[-73.528281,45.504184],[-73.528239,45.504185],[-73.527308,45.504202],[-73.527321,45.503959],[-73.527346,45.503518],[-73.527359,45.503221],[-73.527129,45.503221],[-73.527116,45.502915],[-73.527077,45.502924],[-73.527065,45.502825],[-73.527013,45.502762],[-73.527013,45.502726],[-73.527064,45.502546],[-73.527116,45.502375],[-73.527128,45.50234],[-73.52709,45.502303],[-73.526975,45.502268],[-73.526808,45.502196],[-73.526693,45.502124],[-73.526565,45.502106],[-73.526476,45.502079],[-73.526412,45.502043],[-73.52636,45.501953],[-73.526258,45.501746],[-73.526143,45.501458],[-73.526027,45.501476],[-73.525912,45.500855],[-73.525886,45.500756],[-73.525861,45.500558],[-73.525938,45.500558],[-73.525937,45.500459],[-73.525976,45.500396],[-73.52595,45.500333],[-73.525912,45.50027],[-73.525848,45.500234],[-73.525669,45.500162],[-73.525617,45.500117],[-73.525617,45.500072],[-73.525592,45.500036],[-73.525528,45.5],[-73.525477,45.499928],[-73.525579,45.499784],[-73.525668,45.499694],[-73.52563,45.499334],[-73.525476,45.499208],[-73.525233,45.499109],[-73.525105,45.499029],[-73.525067,45.498965],[-73.524964,45.498777],[-73.524926,45.498615],[-73.524823,45.498507],[-73.524452,45.498282],[-73.524286,45.498273],[-73.524132,45.498291],[-73.523697,45.498408],[-73.523582,45.498489],[-73.523531,45.498597],[-73.523518,45.49875],[-73.523544,45.498858],[-73.523569,45.49893],[-73.523595,45.499002],[-73.523608,45.499092],[-73.523582,45.499173],[-73.523493,45.499299],[-73.523442,45.499389],[-73.523429,45.499506],[-73.523583,45.499695],[-73.523775,45.49983],[-73.523851,45.499929],[-73.523864,45.5],[-73.523864,45.500001],[-73.523788,45.500199],[-73.523737,45.500298],[-73.52366,45.500405],[-73.523609,45.500514],[-73.52357,45.500586],[-73.52357,45.500649],[-73.523596,45.500711],[-73.523647,45.50081]],[[-73.521945,45.5],[-73.521944,45.5],[-73.521868,45.499794],[-73.521753,45.499362],[-73.521292,45.49786],[-73.519948,45.498049],[-73.520537,45.5],[-73.520537,45.500001],[-73.521216,45.50226],[-73.522972,45.507883],[-73.524933,45.514434],[-73.52574,45.517241],[-73.52592,45.517205],[-73.526099,45.517178],[-73.52624,45.51716],[-73.526483,45.517133],[-73.526585,45.517115],[-73.526995,45.517052],[-73.527007,45.517016],[-73.526982,45.516908],[-73.526251,45.514425],[-73.525251,45.511185],[-73.524239,45.507784],[-73.523713,45.506021],[-73.522752,45.502844],[-73.522214,45.500964],[-73.522048,45.500352],[-73.521945,45.5]]]]}},{"type":"Feature","properties":{"sector_id":"12"},"geometry":{"type":"Polygon","coordinates":[[[-73.597484,45.519114],[-73.597924,45.519304],[-73.598354,45.519489],[-73.60284,45.521476],[-73.606167,45.522932],[-73.608002,45.523769],[-73.610837,45.525015],[-73.612117,45.525592],[-73.612189,45.52562],[-73.612309,45.525666],[-73.612306,45.525667],[-73.611441,45.52615],[-73.611336,45.526209],[-73.611327,45.526214],[-73.61125,45.526257],[-73.611242,45.526261],[-73.611186,45.526293],[-73.611161,45.526307],[-73.611074,45.526355],[-73.609475,45.527249],[-73.60901,45.527507],[-73.60873,45.527652],[-73.608445,45.527794],[-73.608128,45.527922],[-73.607808,45.528041],[-73.607344,45.528168],[-73.60694,45.528248],[-73.606771,45.528281],[-73.606769,45.528281],[-73.60676,45.528283],[-73.606635,45.528299],[-73.606587,45.528305],[-73.606496,45.528317],[-73.606218,45.528341],[-73.605765,45.528357],[-73.605373,45.528354],[-73.604789,45.528338],[-73.604746,45.528337],[-73.604509,45.528331],[-73.60449,45.52833],[-73.60427,45.528324],[-73.604251,45.528324],[-73.604006,45.528317],[-73.603839,45.528312],[-73.603533,45.528314],[-73.603303,45.528316],[-73.60304,45.528305],[-73.602772,45.528302],[-73.602455,45.528314],[-73.602443,45.528315],[-73.602045,45.528353],[-73.602021,45.528355],[-73.601803,45.528376],[-73.601778,45.528379],[-73.601672,45.528389],[-73.600776,45.528498],[-73.60034,45.528573],[-73.599711,45.528686],[-73.599043,45.528867],[-73.598089,45.529185],[-73.597868,45.529269],[-73.59748,45.529422],[-73.597144,45.529566],[-73.596892,45.529689],[-73.596576,45.529846],[-73.59644,45.529916],[-73.596405,45.529934],[-73.596352,45.529961],[-73.596299,45.529992],[-73.596291,45.529996],[-73.596197,45.530051],[-73.596189,45.530056],[-73.596108,45.530102],[-73.596053,45.530134],[-73.595586,45.530428],[-73.595379,45.530573],[-73.595172,45.530718],[-73.594944,45.530892],[-73.594717,45.531078],[-73.594242,45.531482],[-73.593982,45.531705],[-73.593886,45.531788],[-73.593879,45.531793],[-73.593815,45.531848],[-73.593809,45.531854],[-73.593752,45.531903],[-73.59372,45.53193],[-73.59327,45.532312],[-73.592877,45.532647],[-73.592111,45.533303],[-73.592051,45.533355],[-73.591966,45.533427],[-73.591961,45.533432],[-73.591912,45.533474],[-73.591903,45.533482],[-73.591845,45.533531],[-73.591701,45.533655],[-73.591259,45.534033],[-73.590237,45.534905],[-73.589341,45.535673],[-73.588958,45.535997],[-73.587618,45.53713],[-73.587183,45.537499],[-73.58711,45.537561],[-73.586389,45.538234],[-73.586317,45.538302],[-73.586311,45.538308],[-73.586249,45.538366],[-73.586244,45.53837],[-73.586243,45.538371],[-73.586191,45.538415],[-73.585867,45.538692],[-73.585518,45.538973],[-73.585029,45.539339],[-73.584935,45.539398],[-73.58448,45.539684],[-73.584049,45.539925],[-73.583716,45.540107],[-73.583561,45.540182],[-73.583441,45.54024],[-73.583432,45.540244],[-73.58334,45.540288],[-73.583328,45.540294],[-73.583318,45.540298],[-73.583214,45.540346],[-73.583148,45.540376],[-73.582422,45.540679],[-73.581954,45.540843],[-73.581364,45.541012],[-73.581043,45.541103],[-73.580442,45.54124],[-73.580281,45.541272],[-73.580214,45.541285],[-73.580112,45.541305],[-73.579918,45.541339],[-73.579906,45.541341],[-73.579891,45.541344],[-73.579694,45.54138],[-73.579682,45.541382],[-73.579552,45.541405],[-73.57939,45.541424],[-73.579289,45.541437],[-73.579009,45.541473],[-73.578419,45.541531],[-73.578227,45.541546],[-73.578002,45.541555],[-73.577484,45.541565],[-73.57693,45.54156],[-73.576496,45.54155],[-73.576271,45.54154],[-73.576144,45.541531],[-73.575732,45.541497],[-73.575604,45.541487],[-73.575178,45.541445],[-73.574666,45.541396],[-73.574483,45.541377],[-73.574281,45.541357],[-73.57423,45.541336],[-73.573929,45.54121],[-73.57376,45.54118],[-73.573655,45.541131],[-73.573507,45.541268],[-73.573496,45.541279],[-73.573383,45.541267],[-73.572671,45.541195],[-73.57108,45.541039],[-73.570177,45.540949],[-73.570149,45.540947],[-73.569389,45.540871],[-73.567972,45.540727],[-73.566492,45.540576],[-73.565205,45.540453],[-73.563751,45.540313],[-73.562148,45.540145],[-73.561453,45.540079],[-73.561453,45.540079],[-73.561344,45.540069],[-73.55972,45.53992],[-73.55924,45.539871],[-73.55925,45.539851],[-73.559344,45.539672],[-73.559682,45.539073],[-73.560008,45.538474],[-73.560344,45.537835],[-73.560662,45.537241],[-73.561008,45.536548],[-73.56134,45.535923],[-73.561597,45.53523],[-73.561859,45.534442],[-73.56211,45.533659],[-73.562296,45.533052],[-73.56249,45.532456],[-73.56259,45.532119],[-73.56279,45.531544],[-73.563042,45.530763],[-73.563279,45.530006],[-73.563481,45.529365],[-73.563652,45.528809],[-73.563925,45.527946],[-73.564225,45.527022],[-73.564751,45.525351],[-73.564968,45.524615],[-73.565226,45.523811],[-73.565429,45.523053],[-73.565513,45.522567],[-73.565548,45.522],[-73.565561,45.521365],[-73.56559,45.521064],[-73.565719,45.52078],[-73.566088,45.519993],[-73.566159,45.519844],[-73.566545,45.51895],[-73.566828,45.518312],[-73.566891,45.51817],[-73.566946,45.518048],[-73.566987,45.517957],[-73.567032,45.517855],[-73.567462,45.51691],[-73.567672,45.516441],[-73.56795,45.515821],[-73.568275,45.515141],[-73.568511,45.514565],[-73.568795,45.513949],[-73.568986,45.513539],[-73.569213,45.513035],[-73.569435,45.512499],[-73.56965,45.511986],[-73.570043,45.511112],[-73.570322,45.510447],[-73.570545,45.509938],[-73.570791,45.509334],[-73.571279,45.508363],[-73.571687,45.507666],[-73.572107,45.506977],[-73.572286,45.506662],[-73.572558,45.50623],[-73.572612,45.506122],[-73.572957,45.50555],[-73.573484,45.504973],[-73.576443,45.5064],[-73.577477,45.5069],[-73.577823,45.507073],[-73.578578,45.507448],[-73.580118,45.508206],[-73.579822,45.508778],[-73.579725,45.508837],[-73.579458,45.509313],[-73.578837,45.509971],[-73.578724,45.5101],[-73.578688,45.510168],[-73.578641,45.510264],[-73.578519,45.51033],[-73.578454,45.510383],[-73.578378,45.510487],[-73.578318,45.510582],[-73.578242,45.510735],[-73.578583,45.510967],[-73.578744,45.511078],[-73.57896,45.511298],[-73.579122,45.511519],[-73.579209,45.511675],[-73.579254,45.511792],[-73.57927,45.51187],[-73.579271,45.511876],[-73.579316,45.512083],[-73.579329,45.512253],[-73.582067,45.513501],[-73.58241,45.513665],[-73.583546,45.514182],[-73.584744,45.514733],[-73.585428,45.515048],[-73.587026,45.515789],[-73.587077,45.515848],[-73.588381,45.516452],[-73.589084,45.516767],[-73.58932,45.516764],[-73.589795,45.516251],[-73.590104,45.515909],[-73.590263,45.515779],[-73.590674,45.515948],[-73.591117,45.516114],[-73.591241,45.516138],[-73.591332,45.516153],[-73.591479,45.516161],[-73.59239,45.516776],[-73.593298,45.517137],[-73.595253,45.51801],[-73.595933,45.518314],[-73.596246,45.518453],[-73.596544,45.518586],[-73.596609,45.51871],[-73.597054,45.518915],[-73.597484,45.519114]]]}},{"type":"Feature","properties":{"sector_id":"13"},"geometry":{"type":"Polygon","coordinates":[[[-73.621329,45.531073],[-73.621483,45.531099],[-73.621481,45.531101],[-73.620927,45.531742],[-73.620868,45.53188],[-73.620367,45.532423],[-73.619871,45.532972],[-73.619365,45.533514],[-73.618858,45.53407],[-73.618578,45.534373],[-73.618337,45.534638],[-73.618296,45.534683],[-73.618246,45.534739],[-73.6182,45.53479],[-73.61783,45.534959],[-73.61739,45.53518],[-73.617316,45.535232],[-73.617247,45.535291],[-73.616864,45.5357],[-73.616086,45.536534],[-73.615537,45.53711],[-73.615174,45.537529],[-73.615033,45.537673],[-73.615,45.537708],[-73.614433,45.538299],[-73.614341,45.538486],[-73.614159,45.538746],[-73.614055,45.53893],[-73.613947,45.539112],[-73.613765,45.539543],[-73.613673,45.539763],[-73.613588,45.53995],[-73.613523,45.540081],[-73.613397,45.540329],[-73.613163,45.540687],[-73.61297,45.541076],[-73.612753,45.541502],[-73.612652,45.541685],[-73.612518,45.541883],[-73.612336,45.542117],[-73.61221,45.542267],[-73.612012,45.542484],[-73.611621,45.54289],[-73.611309,45.543234],[-73.611032,45.543553],[-73.610718,45.543892],[-73.61038,45.544272],[-73.610058,45.544633],[-73.609408,45.545353],[-73.608961,45.545839],[-73.608685,45.546141],[-73.608158,45.54673],[-73.607892,45.547019],[-73.607605,45.54733],[-73.607345,45.547611],[-73.607051,45.547945],[-73.603546,45.546348],[-73.603246,45.546672],[-73.602982,45.546956],[-73.602724,45.547222],[-73.602444,45.54751],[-73.602179,45.547807],[-73.601918,45.548109],[-73.601665,45.548398],[-73.60142,45.548677],[-73.600973,45.549213],[-73.600519,45.549749],[-73.600065,45.550277],[-73.599547,45.550882],[-73.599055,45.551484],[-73.598468,45.552188],[-73.598162,45.552531],[-73.597868,45.552864],[-73.597566,45.553206],[-73.59727,45.553549],[-73.59698,45.553892],[-73.596681,45.554246],[-73.596382,45.554588],[-73.595572,45.555506],[-73.595087,45.55606],[-73.594618,45.556614],[-73.594012,45.557315],[-73.593936,45.557406],[-73.593329,45.558073],[-73.592793,45.558694],[-73.592194,45.559373],[-73.591589,45.560076],[-73.590989,45.560753],[-73.590425,45.561409],[-73.589815,45.562109],[-73.589205,45.562796],[-73.588576,45.563531],[-73.587965,45.564218],[-73.587369,45.564909],[-73.587284,45.56501],[-73.586746,45.565612],[-73.58629,45.566149],[-73.586711,45.56628],[-73.586837,45.566319],[-73.58715,45.566415],[-73.586661,45.566978],[-73.586149,45.567541],[-73.585646,45.568102],[-73.585146,45.568658],[-73.585102,45.568818],[-73.584753,45.56928],[-73.584412,45.569687],[-73.584144,45.569778],[-73.583643,45.57035],[-73.583769,45.570786],[-73.582558,45.572146],[-73.582024,45.572285],[-73.581604,45.572685],[-73.581256,45.573083],[-73.580673,45.573749],[-73.580336,45.574135],[-73.580173,45.574322],[-73.579846,45.574697],[-73.579807,45.574741],[-73.579358,45.575256],[-73.57929,45.575333],[-73.57907,45.575585],[-73.578878,45.575804],[-73.578734,45.575968],[-73.578412,45.576338],[-73.578205,45.576575],[-73.577944,45.576873],[-73.577765,45.577078],[-73.5775,45.577382],[-73.577243,45.577678],[-73.577673,45.577862],[-73.57809,45.577954],[-73.576724,45.579309],[-73.57614,45.579799],[-73.575546,45.580289],[-73.573992,45.581925],[-73.57334,45.581708],[-73.572294,45.581359],[-73.571441,45.581074],[-73.570932,45.580905],[-73.570609,45.580787],[-73.570246,45.581365],[-73.569927,45.581855],[-73.569863,45.581957],[-73.569051,45.581698],[-73.568407,45.581481],[-73.567631,45.58122],[-73.565215,45.580424],[-73.561595,45.579205],[-73.560016,45.578683],[-73.559892,45.578643],[-73.55874,45.578271],[-73.55854,45.578199],[-73.55827,45.578052],[-73.558047,45.577878],[-73.557729,45.577588],[-73.556876,45.576791],[-73.556061,45.576008],[-73.555959,45.575915],[-73.555747,45.575794],[-73.555598,45.575731],[-73.554106,45.575241],[-73.552093,45.57457],[-73.549447,45.573691],[-73.549121,45.573579],[-73.549018,45.573542],[-73.548871,45.573497],[-73.548927,45.573405],[-73.548995,45.573313],[-73.55007,45.571715],[-73.55018,45.571551],[-73.550883,45.570518],[-73.550939,45.570423],[-73.551049,45.570262],[-73.551612,45.56943],[-73.552213,45.568543],[-73.552626,45.567921],[-73.553305,45.566902],[-73.553615,45.56642],[-73.553724,45.56625],[-73.554009,45.565814],[-73.554306,45.565376],[-73.55438,45.565249],[-73.554476,45.564824],[-73.554512,45.564682],[-73.554541,45.56437],[-73.554446,45.562753],[-73.554365,45.561095],[-73.554289,45.559352],[-73.554239,45.558276],[-73.554181,45.556933],[-73.554249,45.556362],[-73.554346,45.555273],[-73.55447,45.554638],[-73.5545,45.554503],[-73.554566,45.553628],[-73.55461,45.553305],[-73.554706,45.553105],[-73.554784,45.552434],[-73.554846,45.551741],[-73.554916,45.550985],[-73.554955,45.550566],[-73.555037,45.549777],[-73.555122,45.548876],[-73.555162,45.548458],[-73.55518,45.548273],[-73.555212,45.547952],[-73.555297,45.547441],[-73.555346,45.547311],[-73.555451,45.547093],[-73.555532,45.546925],[-73.555688,45.546598],[-73.556026,45.545954],[-73.556373,45.545307],[-73.556742,45.544591],[-73.557106,45.543925],[-73.557485,45.543177],[-73.557641,45.542894],[-73.557736,45.542721],[-73.557894,45.542435],[-73.558145,45.54196],[-73.558594,45.541108],[-73.558643,45.541015],[-73.559052,45.540234],[-73.55924,45.539871],[-73.55972,45.53992],[-73.561344,45.540069],[-73.561453,45.540079],[-73.561453,45.540079],[-73.562148,45.540145],[-73.563751,45.540313],[-73.565205,45.540453],[-73.566492,45.540576],[-73.567972,45.540727],[-73.569389,45.540871],[-73.570149,45.540947],[-73.570177,45.540949],[-73.57108,45.541039],[-73.572671,45.541195],[-73.573383,45.541267],[-73.573496,45.541279],[-73.573507,45.541268],[-73.573655,45.541131],[-73.57376,45.54118],[-73.573929,45.54121],[-73.57423,45.541336],[-73.574281,45.541357],[-73.574483,45.541377],[-73.574666,45.541396],[-73.575178,45.541445],[-73.575604,45.541487],[-73.575732,45.541497],[-73.576144,45.541531],[-73.576271,45.54154],[-73.576496,45.54155],[-73.57693,45.54156],[-73.577484,45.541565],[-73.578002,45.541555],[-73.578227,45.541546],[-73.578419,45.541531],[-73.579009,45.541473],[-73.579289,45.541437],[-73.57939,45.541424],[-73.579552,45.541405],[-73.579682,45.541382],[-73.579694,45.54138],[-73.579891,45.541344],[-73.579906,45.541341],[-73.579918,45.541339],[-73.580112,45.541305],[-73.580214,45.541285],[-73.580281,45.541272],[-73.580442,45.54124],[-73.581043,45.541103],[-73.581364,45.541012],[-73.581954,45.540843],[-73.582422,45.540679],[-73.583148,45.540376],[-73.583214,45.540346],[-73.583318,45.540298],[-73.583328,45.540294],[-73.58334,45.540288],[-73.583432,45.540244],[-73.583441,45.54024],[-73.583561,45.540182],[-73.583716,45.540107],[-73.584049,45.539925],[-73.58448,45.539684],[-73.584935,45.539398],[-73.585029,45.539339],[-73.585518,45.538973],[-73.585867,45.538692],[-73.586191,45.538415],[-73.586243,45.538371],[-73.586244,45.53837],[-73.586249,45.538366],[-73.586311,45.538308],[-73.586317,45.538302],[-73.586389,45.538234],[-73.58711,45.537561],[-73.587183,45.537499],[-73.587618,45.53713],[-73.588958,45.535997],[-73.589341,45.535673],[-73.590237,45.534905],[-73.591259,45.534033],[-73.591701,45.533655],[-73.591845,45.533531],[-73.591903,45.533482],[-73.591912,45.533474],[-73.591961,45.533432],[-73.591966,45.533427],[-73.592051,45.533355],[-73.592111,45.533303],[-73.592877,45.532647],[-73.59327,45.532312],[-73.59372,45.53193],[-73.593752,45.531903],[-73.593809,45.531854],[-73.593815,45.531848],[-73.593879,45.531793],[-73.593886,45.531788],[-73.593982,45.531705],[-73.594242,45.531482],[-73.594717,45.531078],[-73.594944,45.530892],[-73.595172,45.530718],[-73.595379,45.530573],[-73.595586,45.530428],[-73.596053,45.530134],[-73.596108,45.530102],[-73.596189,45.530056],[-73.596197,45.530051],[-73.596291,45.529996],[-73.596299,45.529992],[-73.596352,45.529961],[-73.596405,45.529934],[-73.59644,45.529916],[-73.596576,45.529846],[-73.596892,45.529689],[-73.597144,45.529566],[-73.59748,45.529422],[-73.597868,45.529269],[-73.598089,45.529185],[-73.599043,45.528867],[-73.599711,45.528686],[-73.60034,45.528573],[-73.600776,45.528498],[-73.601672,45.528389],[-73.601778,45.528379],[-73.601803,45.528376],[-73.602021,45.528355],[-73.602045,45.528353],[-73.602443,45.528315],[-73.602455,45.528314],[-73.602772,45.528302],[-73.60304,45.528305],[-73.603303,45.528316],[-73.603533,45.528314],[-73.603839,45.528312],[-73.604006,45.528317],[-73.604251,45.528324],[-73.60427,45.528324],[-73.60449,45.52833],[-73.604509,45.528331],[-73.604746,45.528337],[-73.604789,45.528338],[-73.605373,45.528354],[-73.605765,45.528357],[-73.606218,45.528341],[-73.606496,45.528317],[-73.606587,45.528305],[-73.606635,45.528299],[-73.60676,45.528283],[-73.606769,45.528281],[-73.606771,45.528281],[-73.60694,45.528248],[-73.607344,45.528168],[-73.607808,45.528041],[-73.608128,45.527922],[-73.608445,45.527794],[-73.60873,45.527652],[-73.60901,45.527507],[-73.609475,45.527249],[-73.611074,45.526355],[-73.611161,45.526307],[-73.611186,45.526293],[-73.611242,45.526261],[-73.61125,45.526257],[-73.611327,45.526214],[-73.611336,45.526209],[-73.611441,45.52615],[-73.612306,45.525667],[-73.612309,45.525666],[-73.613459,45.526182],[-73.614763,45.526754],[-73.616642,45.52758],[-73.616922,45.527659],[-73.617039,45.527692],[-73.616978,45.527864],[-73.616929,45.528073],[-73.616906,45.528195],[-73.616899,45.528309],[-73.616892,45.528469],[-73.616894,45.528568],[-73.616894,45.528599],[-73.616904,45.528675],[-73.616906,45.528684],[-73.616916,45.528765],[-73.616921,45.528783],[-73.616923,45.528793],[-73.616951,45.528897],[-73.616963,45.528934],[-73.617018,45.529109],[-73.61708,45.529246],[-73.617176,45.529412],[-73.617272,45.529553],[-73.617383,45.529695],[-73.617519,45.529837],[-73.617652,45.529964],[-73.617806,45.53009],[-73.618041,45.530252],[-73.61817,45.530332],[-73.6183,45.530401],[-73.618516,45.530499],[-73.618742,45.530589],[-73.618946,45.530657],[-73.619085,45.530697],[-73.619252,45.530744],[-73.619592,45.530818],[-73.620052,45.530897],[-73.620798,45.530981],[-73.621329,45.531073]]]}},{"type":"Feature","properties":{"sector_id":"14"},"geometry":{"type":"Polygon","coordinates":[[[-73.647388,45.530495],[-73.647497,45.53033],[-73.647699,45.53031],[-73.647887,45.530262],[-73.648121,45.530192],[-73.648355,45.530134],[-73.648536,45.530101],[-73.648588,45.530091],[-73.648629,45.530093],[-73.648807,45.530101],[-73.648934,45.530124],[-73.648946,45.530126],[-73.649019,45.53014],[-73.648916,45.530276],[-73.64884,45.530377],[-73.648692,45.530602],[-73.648562,45.5308],[-73.64845,45.53097],[-73.648321,45.531183],[-73.648254,45.53129],[-73.648214,45.531355],[-73.648213,45.531355],[-73.648169,45.531426],[-73.648116,45.531512],[-73.647931,45.531786],[-73.647547,45.53236],[-73.64728,45.532758],[-73.647008,45.533141],[-73.646917,45.533273],[-73.646687,45.5336],[-73.646559,45.533786],[-73.646554,45.533794],[-73.646443,45.53397],[-73.646257,45.534258],[-73.646018,45.534628],[-73.645813,45.534947],[-73.64573,45.535076],[-73.645724,45.535085],[-73.645618,45.535249],[-73.644426,45.537104],[-73.643793,45.538084],[-73.643716,45.538204],[-73.643562,45.538448],[-73.642789,45.539666],[-73.642442,45.540202],[-73.641928,45.540994],[-73.641854,45.541108],[-73.641838,45.541132],[-73.641738,45.54129],[-73.641153,45.542209],[-73.641114,45.54227],[-73.641047,45.542374],[-73.640723,45.542875],[-73.640675,45.542949],[-73.640619,45.543035],[-73.640387,45.543367],[-73.640233,45.543584],[-73.640218,45.543606],[-73.639914,45.543979],[-73.63973,45.544192],[-73.639617,45.544323],[-73.6393,45.544692],[-73.638766,45.545313],[-73.638648,45.54545],[-73.638268,45.545891],[-73.637838,45.546391],[-73.637667,45.54659],[-73.637415,45.546881],[-73.63706,45.547293],[-73.636914,45.547462],[-73.636745,45.547658],[-73.63651,45.547917],[-73.636292,45.548134],[-73.636156,45.548264],[-73.635873,45.548493],[-73.635774,45.548574],[-73.63546,45.548789],[-73.635223,45.548936],[-73.635116,45.548995],[-73.635029,45.549043],[-73.634953,45.549081],[-73.634694,45.549212],[-73.634444,45.549324],[-73.634227,45.549415],[-73.633868,45.54955],[-73.633664,45.549623],[-73.633464,45.549684],[-73.633052,45.549797],[-73.632848,45.549852],[-73.632622,45.549897],[-73.632352,45.549954],[-73.632043,45.550011],[-73.631657,45.550064],[-73.631135,45.550147],[-73.630769,45.550214],[-73.630415,45.550287],[-73.630093,45.55036],[-73.6298,45.55044],[-73.629646,45.550489],[-73.629546,45.550521],[-73.629482,45.550541],[-73.629356,45.550581],[-73.629171,45.550645],[-73.62896,45.550723],[-73.62853,45.550898],[-73.628387,45.550962],[-73.62804,45.551119],[-73.627533,45.551381],[-73.627432,45.551437],[-73.626893,45.551735],[-73.626565,45.551915],[-73.626126,45.552155],[-73.625471,45.552512],[-73.623759,45.553451],[-73.623477,45.553602],[-73.623206,45.553746],[-73.62295,45.55388],[-73.622659,45.554023],[-73.622496,45.554101],[-73.622386,45.554154],[-73.622119,45.554272],[-73.621757,45.554429],[-73.621631,45.554484],[-73.620984,45.554753],[-73.621002,45.554778],[-73.621072,45.554842],[-73.62109,45.554858],[-73.621232,45.554929],[-73.621364,45.554973],[-73.621515,45.555012],[-73.621772,45.555049],[-73.621969,45.555053],[-73.622604,45.555074],[-73.622765,45.555089],[-73.622911,45.555127],[-73.623752,45.555477],[-73.62453,45.555804],[-73.62619,45.556528],[-73.627716,45.557193],[-73.628594,45.557575],[-73.631278,45.558742],[-73.633571,45.559738],[-73.636278,45.560911],[-73.637932,45.561629],[-73.639723,45.562405],[-73.640607,45.562788],[-73.64238,45.563556],[-73.642551,45.563633],[-73.644436,45.56444],[-73.64484,45.564608],[-73.645332,45.564818],[-73.645334,45.564819],[-73.64533,45.564826],[-73.645274,45.564915],[-73.645082,45.565221],[-73.644789,45.565645],[-73.644471,45.56605],[-73.643533,45.567178],[-73.643116,45.56768],[-73.643052,45.567755],[-73.643047,45.567761],[-73.642962,45.567861],[-73.642607,45.568284],[-73.642304,45.568646],[-73.641471,45.569639],[-73.640532,45.57076],[-73.64046,45.570844],[-73.640454,45.570851],[-73.640369,45.57095],[-73.639937,45.571467],[-73.639433,45.57207],[-73.638299,45.573427],[-73.637654,45.574198],[-73.637129,45.574826],[-73.636706,45.575333],[-73.636371,45.575733],[-73.636282,45.575838],[-73.636276,45.575844],[-73.636212,45.575919],[-73.636207,45.575925],[-73.636139,45.576004],[-73.633381,45.5793],[-73.632951,45.579812],[-73.632846,45.579763],[-73.632708,45.579699],[-73.632632,45.579634],[-73.632419,45.579871],[-73.631899,45.58059],[-73.631201,45.581176],[-73.630738,45.581598],[-73.630588,45.581735],[-73.630469,45.581839],[-73.628914,45.583051],[-73.628827,45.583151],[-73.628512,45.583477],[-73.628418,45.583617],[-73.628397,45.583654],[-73.628356,45.583762],[-73.628251,45.583942],[-73.627808,45.584398],[-73.626949,45.585418],[-73.626889,45.58552],[-73.626732,45.585785],[-73.626628,45.586091],[-73.626506,45.586291],[-73.626283,45.586192],[-73.622836,45.584671],[-73.623354,45.584073],[-73.621372,45.583099],[-73.62075,45.582803],[-73.620041,45.582491],[-73.619196,45.582118],[-73.618427,45.581783],[-73.617666,45.581451],[-73.616865,45.5811],[-73.616111,45.580763],[-73.615408,45.580449],[-73.61471,45.580134],[-73.614069,45.57983],[-73.612031,45.578876],[-73.611227,45.578518],[-73.608601,45.577402],[-73.605831,45.576201],[-73.60282,45.574994],[-73.600431,45.573969],[-73.600561,45.573813],[-73.600858,45.573512],[-73.601538,45.572738],[-73.598962,45.571606],[-73.598771,45.571522],[-73.598644,45.571466],[-73.598442,45.571376],[-73.595808,45.570201],[-73.592818,45.568895],[-73.590278,45.567766],[-73.58715,45.566415],[-73.586837,45.566319],[-73.586711,45.56628],[-73.58629,45.566149],[-73.586746,45.565612],[-73.587284,45.56501],[-73.587369,45.564909],[-73.587965,45.564218],[-73.588576,45.563531],[-73.589205,45.562796],[-73.589815,45.562109],[-73.590425,45.561409],[-73.590989,45.560753],[-73.591589,45.560076],[-73.592194,45.559373],[-73.592793,45.558694],[-73.593329,45.558073],[-73.593936,45.557406],[-73.594012,45.557315],[-73.594618,45.556614],[-73.595087,45.55606],[-73.595572,45.555506],[-73.596382,45.554588],[-73.596681,45.554246],[-73.59698,45.553892],[-73.59727,45.553549],[-73.597566,45.553206],[-73.597868,45.552864],[-73.598162,45.552531],[-73.598468,45.552188],[-73.599055,45.551484],[-73.599547,45.550882],[-73.600065,45.550277],[-73.600519,45.549749],[-73.600973,45.549213],[-73.60142,45.548677],[-73.601665,45.548398],[-73.601918,45.548109],[-73.602179,45.547807],[-73.602444,45.54751],[-73.602724,45.547222],[-73.602982,45.546956],[-73.603246,45.546672],[-73.603546,45.546348],[-73.607051,45.547945],[-73.607345,45.547611],[-73.607605,45.54733],[-73.607892,45.547019],[-73.608158,45.54673],[-73.608685,45.546141],[-73.608961,45.545839],[-73.609408,45.545353],[-73.610058,45.544633],[-73.61038,45.544272],[-73.610718,45.543892],[-73.611032,45.543553],[-73.611309,45.543234],[-73.611621,45.54289],[-73.612012,45.542484],[-73.61221,45.542267],[-73.612336,45.542117],[-73.612518,45.541883],[-73.612652,45.541685],[-73.612753,45.541502],[-73.61297,45.541076],[-73.613163,45.540687],[-73.613397,45.540329],[-73.613523,45.540081],[-73.613588,45.53995],[-73.613673,45.539763],[-73.613765,45.539543],[-73.613947,45.539112],[-73.614055,45.53893],[-73.614159,45.538746],[-73.614341,45.538486],[-73.614433,45.538299],[-73.615,45.537708],[-73.615033,45.537673],[-73.615174,45.537529],[-73.615537,45.53711],[-73.616086,45.536534],[-73.616864,45.5357],[-73.617247,45.535291],[-73.617316,45.535232],[-73.61739,45.53518],[-73.61783,45.534959],[-73.6182,45.53479],[-73.618246,45.534739],[-73.618296,45.534683],[-73.618337,45.534638],[-73.618578,45.534373],[-73.618858,45.53407],[-73.619365,45.533514],[-73.619871,45.532972],[-73.620367,45.532423],[-73.620868,45.53188],[-73.620927,45.531742],[-73.621481,45.531101],[-73.621483,45.531099],[-73.621329,45.531073],[-73.620798,45.530981],[-73.620052,45.530897],[-73.619592,45.530818],[-73.619252,45.530744],[-73.619085,45.530697],[-73.618946,45.530657],[-73.618742,45.530589],[-73.618516,45.530499],[-73.6183,45.530401],[-73.61817,45.530332],[-73.618041,45.530252],[-73.617806,45.53009],[-73.617652,45.529964],[-73.617519,45.529837],[-73.617383,45.529695],[-73.617272,45.529553],[-73.617176,45.529412],[-73.61708,45.529246],[-73.617018,45.529109],[-73.616963,45.528934],[-73.616951,45.528897],[-73.616923,45.528793],[-73.616921,45.528783],[-73.616916,45.528765],[-73.616906,45.528684],[-73.616904,45.528675],[-73.616894,45.528599],[-73.616894,45.528568],[-73.616892,45.528469],[-73.616899,45.528309],[-73.616906,45.528195],[-73.616929,45.528073],[-73.616978,45.527864],[-73.617039,45.527692],[-73.617041,45.527688],[-73.617114,45.527519],[-73.61718,45.5274],[-73.617297,45.527223],[-73.617464,45.526986],[-73.61814,45.526226],[-73.61841,45.525923],[-73.618562,45.525753],[-73.620132,45.524001],[-73.620537,45.523549],[-73.620701,45.523608],[-73.622056,45.524098],[-73.622753,45.523376],[-73.623169,45.523483],[-73.623759,45.523654],[-73.624019,45.523715],[-73.624573,45.523874],[-73.625456,45.524125],[-73.625642,45.524178],[-73.625855,45.524246],[-73.626243,45.524359],[-73.627783,45.5248],[-73.631581,45.525902],[-73.63468,45.526802],[-73.63735,45.527577],[-73.637848,45.527721],[-73.638208,45.527826],[-73.640461,45.528481],[-73.640912,45.528612],[-73.641607,45.528814],[-73.644004,45.52951],[-73.646786,45.530304],[-73.64701,45.53039],[-73.647192,45.530476],[-73.647312,45.530582],[-73.647388,45.530495]]]}},{"type":"Feature","properties":{"sector_id":"15"},"geometry":{"type":"Polygon","coordinates":[[[-73.560016,45.578683],[-73.561595,45.579205],[-73.565215,45.580424],[-73.567631,45.58122],[-73.567788,45.581465],[-73.564966,45.583586],[-73.565607,45.584193],[-73.564149,45.585296],[-73.564217,45.585437],[-73.564257,45.585619],[-73.564349,45.586041],[-73.564387,45.587388],[-73.566343,45.588388],[-73.567484,45.590228],[-73.567659,45.590268],[-73.567629,45.590353],[-73.567603,45.590431],[-73.568772,45.59334],[-73.569232,45.594889],[-73.569851,45.596708],[-73.569568,45.597159],[-73.56465,45.595539],[-73.564397,45.595561],[-73.560874,45.594282],[-73.557687,45.593217],[-73.557523,45.593162],[-73.551835,45.590887],[-73.548934,45.590048],[-73.548811,45.590745],[-73.548063,45.591417],[-73.547697,45.591942],[-73.54745,45.592355],[-73.547374,45.592467],[-73.546743,45.593751],[-73.54708,45.593852],[-73.546891,45.594193],[-73.547995,45.594567],[-73.547388,45.595529],[-73.546327,45.595258],[-73.545638,45.595423],[-73.54555,45.595557],[-73.545451,45.595584],[-73.545371,45.595696],[-73.545317,45.595906],[-73.545143,45.595937],[-73.543939,45.598247],[-73.544242,45.598337],[-73.544573,45.598434],[-73.545016,45.599579],[-73.544895,45.599959],[-73.545091,45.600251],[-73.544485,45.601851],[-73.542544,45.60126],[-73.540675,45.600797],[-73.540115,45.601529],[-73.540195,45.601844],[-73.54023,45.601933],[-73.540225,45.602037],[-73.542947,45.602801],[-73.542188,45.604129],[-73.539686,45.603007],[-73.539246,45.603319],[-73.539045,45.603224],[-73.538169,45.60286],[-73.538039,45.602806],[-73.537245,45.602486],[-73.537174,45.60258],[-73.536948,45.60248],[-73.536629,45.602984],[-73.536659,45.603128],[-73.536487,45.603465],[-73.536992,45.603607],[-73.53699,45.604079],[-73.537282,45.604623],[-73.537871,45.604704],[-73.537678,45.605254],[-73.539212,45.605933],[-73.54126,45.606787],[-73.541659,45.606931],[-73.541448,45.607174],[-73.541077,45.607634],[-73.540826,45.607869],[-73.541311,45.608088],[-73.541537,45.60856],[-73.541403,45.609014],[-73.54121,45.609504],[-73.54221,45.609762],[-73.543155,45.610013],[-73.543734,45.610136],[-73.545401,45.610813],[-73.545108,45.611081],[-73.544697,45.611818],[-73.545004,45.612063],[-73.544862,45.612312],[-73.545373,45.612426],[-73.545647,45.612422],[-73.545858,45.612377],[-73.546525,45.612629],[-73.546533,45.612761],[-73.546165,45.613193],[-73.545789,45.613629],[-73.544111,45.615081],[-73.541566,45.614503],[-73.541376,45.614689],[-73.537946,45.614024],[-73.537244,45.615885],[-73.535437,45.615555],[-73.525102,45.613773],[-73.524959,45.613748],[-73.522884,45.613355],[-73.520799,45.612994],[-73.518645,45.61267],[-73.516531,45.612312],[-73.514457,45.611957],[-73.514381,45.611943],[-73.5125,45.611618],[-73.512355,45.611592],[-73.512232,45.61157],[-73.512057,45.611539],[-73.51043,45.611256],[-73.509329,45.611082],[-73.508655,45.610938],[-73.508048,45.610791],[-73.507415,45.61074],[-73.507372,45.610665],[-73.507295,45.610674],[-73.507231,45.610691],[-73.507154,45.610701],[-73.507053,45.610711],[-73.506974,45.610705],[-73.506864,45.610696],[-73.506859,45.610692],[-73.506834,45.610638],[-73.507205,45.610602],[-73.507282,45.610584],[-73.50741,45.610548],[-73.507372,45.610502],[-73.507205,45.610494],[-73.507154,45.610404],[-73.507077,45.610287],[-73.50709,45.610242],[-73.507128,45.610197],[-73.507141,45.610143],[-73.507167,45.610044],[-73.50718,45.609918],[-73.507269,45.609756],[-73.507321,45.609576],[-73.50741,45.609306],[-73.507449,45.609198],[-73.507462,45.609063],[-73.507487,45.609018],[-73.507539,45.608865],[-73.507551,45.60882],[-73.507603,45.608748],[-73.507667,45.608658],[-73.507718,45.608541],[-73.507718,45.608487],[-73.507731,45.608442],[-73.507756,45.608397],[-73.507833,45.608217],[-73.507859,45.608163],[-73.50791,45.608109],[-73.507923,45.608055],[-73.507949,45.60801],[-73.507974,45.607911],[-73.508051,45.607803],[-73.508064,45.607758],[-73.508115,45.607668],[-73.50841,45.607236],[-73.508448,45.606813],[-73.5085,45.606723],[-73.508538,45.606597],[-73.508577,45.606489],[-73.508615,45.606417],[-73.508666,45.606264],[-73.508679,45.606219],[-73.508692,45.606147],[-73.508756,45.606021],[-73.508769,45.605967],[-73.508794,45.605886],[-73.508807,45.60576],[-73.508859,45.605643],[-73.508884,45.605472],[-73.508923,45.605328],[-73.508935,45.60514],[-73.508948,45.605004],[-73.508974,45.604959],[-73.508987,45.604915],[-73.509051,45.604825],[-73.509051,45.604672],[-73.509089,45.604564],[-73.509102,45.604519],[-73.50914,45.604411],[-73.50914,45.604348],[-73.509153,45.604213],[-73.509179,45.604168],[-73.509192,45.604123],[-73.509243,45.603664],[-73.509307,45.603538],[-73.50932,45.603358],[-73.509332,45.603205],[-73.50932,45.60316],[-73.509332,45.603097],[-73.509332,45.602953],[-73.509345,45.602773],[-73.509345,45.602584],[-73.509358,45.602314],[-73.509358,45.602197],[-73.509383,45.602125],[-73.509371,45.601981],[-73.509371,45.601801],[-73.509369,45.601756],[-73.509358,45.60136],[-73.509358,45.601225],[-73.509371,45.601171],[-73.509371,45.601063],[-73.509383,45.601018],[-73.509396,45.600973],[-73.509473,45.600874],[-73.509486,45.600829],[-73.509486,45.600775],[-73.509473,45.60073],[-73.509473,45.600676],[-73.509409,45.60055],[-73.509358,45.60046],[-73.509319,45.600361],[-73.509294,45.600316],[-73.509281,45.600226],[-73.509281,45.600145],[-73.509293,45.600073],[-73.509294,45.60001],[-73.509281,45.599965],[-73.509268,45.599903],[-73.509242,45.59984],[-73.509242,45.599786],[-73.509229,45.599741],[-73.509216,45.599687],[-73.509204,45.599641],[-73.509204,45.599578],[-73.509216,45.599507],[-73.509229,45.599461],[-73.509242,45.599381],[-73.509217,45.599309],[-73.509191,45.599255],[-73.509178,45.599192],[-73.509178,45.599066],[-73.509165,45.599012],[-73.509152,45.598904],[-73.509152,45.59885],[-73.509165,45.598787],[-73.509152,45.598679],[-73.509152,45.598589],[-73.509152,45.598517],[-73.509152,45.598427],[-73.509127,45.598355],[-73.509088,45.598256],[-73.509062,45.598202],[-73.50905,45.598148],[-73.509049,45.598094],[-73.50905,45.598022],[-73.509024,45.597887],[-73.509011,45.597842],[-73.508986,45.59777],[-73.50896,45.597716],[-73.508947,45.597671],[-73.508921,45.597599],[-73.508896,45.597536],[-73.508883,45.597482],[-73.50887,45.597437],[-73.508857,45.597365],[-73.508832,45.597311],[-73.508806,45.597257],[-73.508768,45.597203],[-73.508742,45.597149],[-73.508729,45.597086],[-73.508716,45.597023],[-73.508703,45.59696],[-73.508691,45.596897],[-73.50869,45.596843],[-73.508678,45.596789],[-73.508678,45.596735],[-73.508678,45.596663],[-73.508678,45.5966],[-73.508678,45.596519],[-73.508678,45.596447],[-73.508665,45.596384],[-73.508626,45.596339],[-73.508588,45.596267],[-73.508549,45.596222],[-73.508511,45.596177],[-73.508473,45.596123],[-73.508447,45.596069],[-73.508396,45.596015],[-73.50837,45.595943],[-73.508357,45.595898],[-73.508306,45.595853],[-73.508242,45.59579],[-73.508216,45.595745],[-73.508152,45.595637],[-73.508139,45.595583],[-73.508101,45.595502],[-73.508049,45.59543],[-73.508011,45.595385],[-73.507972,45.595322],[-73.507947,45.595268],[-73.507921,45.595214],[-73.507908,45.59516],[-73.507908,45.595106],[-73.507908,45.595043],[-73.507896,45.594963],[-73.507896,45.59489],[-73.507883,45.594836],[-73.507873,45.594782],[-73.50787,45.594765],[-73.507844,45.594639],[-73.507831,45.594585],[-73.507819,45.59454],[-73.507806,45.594486],[-73.50778,45.594432],[-73.507767,45.59436],[-73.507754,45.594306],[-73.507742,45.594252],[-73.507742,45.594198],[-73.507729,45.594153],[-73.50769,45.594072],[-73.507639,45.594018],[-73.507588,45.593946],[-73.507549,45.593892],[-73.507524,45.593838],[-73.507498,45.593757],[-73.507511,45.593694],[-73.507511,45.59364],[-73.507511,45.593577],[-73.507511,45.593505],[-73.507472,45.593451],[-73.507447,45.593406],[-73.507395,45.593307],[-73.50737,45.593253],[-73.507344,45.593199],[-73.507331,45.593145],[-73.507331,45.593082],[-73.507331,45.593019],[-73.507331,45.592947],[-73.507331,45.592893],[-73.507318,45.592812],[-73.507306,45.59274],[-73.507306,45.592686],[-73.50728,45.592632],[-73.507229,45.592596],[-73.507165,45.59256],[-73.507113,45.592515],[-73.507088,45.592461],[-73.507062,45.592398],[-73.507049,45.592344],[-73.507024,45.592263],[-73.507011,45.592173],[-73.506985,45.592092],[-73.50696,45.592047],[-73.506934,45.592002],[-73.506895,45.591957],[-73.506831,45.59193],[-73.506882,45.59184],[-73.506101,45.591975],[-73.506024,45.591939],[-73.505819,45.59184],[-73.505691,45.591858],[-73.505742,45.592038],[-73.505562,45.592065],[-73.504845,45.589942],[-73.504204,45.588007],[-73.504127,45.587773],[-73.503934,45.587746],[-73.504985,45.585316],[-73.505036,45.585325],[-73.505229,45.585371],[-73.505447,45.5851],[-73.505459,45.585065],[-73.505511,45.584934],[-73.505582,45.584758],[-73.505639,45.584615],[-73.50569,45.584462],[-73.5056,45.584291],[-73.505421,45.584228],[-73.504831,45.584048],[-73.504652,45.584003],[-73.505484,45.581969],[-73.505984,45.580709],[-73.505843,45.580673],[-73.50592,45.580529],[-73.506984,45.578973],[-73.508047,45.577434],[-73.509008,45.576039],[-73.509187,45.575769],[-73.509227,45.57573],[-73.511416,45.573591],[-73.514004,45.571062],[-73.513837,45.570981],[-73.514093,45.570945],[-73.514119,45.5709],[-73.517513,45.569064],[-73.516104,45.568498],[-73.515604,45.5683],[-73.515553,45.568246],[-73.515553,45.568183],[-73.51563,45.568093],[-73.51572,45.568003],[-73.515937,45.567751],[-73.51595,45.567661],[-73.515796,45.567544],[-73.515758,45.567535],[-73.515617,45.567616],[-73.515502,45.567508],[-73.515873,45.567301],[-73.516544,45.566949],[-73.518038,45.566167],[-73.524043,45.558958],[-73.525272,45.557482],[-73.525105,45.557401],[-73.525285,45.557158],[-73.524952,45.557005],[-73.525054,45.556861],[-73.524093,45.556493],[-73.523786,45.55687],[-73.523581,45.556808],[-73.520636,45.560398],[-73.52047,45.560318],[-73.521481,45.559093],[-73.521263,45.559004],[-73.521058,45.559004],[-73.520917,45.558959],[-73.520866,45.55886],[-73.520956,45.558716],[-73.521084,45.5585],[-73.521263,45.558248],[-73.521481,45.558068],[-73.521583,45.557888],[-73.521711,45.557762],[-73.52166,45.557645],[-73.521532,45.557555],[-73.521468,45.557501],[-73.521365,45.557438],[-73.521083,45.557321],[-73.520814,45.557213],[-73.519099,45.558932],[-73.518548,45.55868],[-73.518625,45.558626],[-73.520225,45.556997],[-73.522389,45.554801],[-73.524115,45.552725],[-73.525309,45.551288],[-73.527194,45.549019],[-73.528956,45.546899],[-73.527803,45.547115],[-73.5277,45.547097],[-73.527508,45.546557],[-73.527547,45.546512],[-73.52811,45.546404],[-73.528838,45.546264],[-73.531234,45.545801],[-73.532309,45.54455],[-73.532309,45.544451],[-73.529044,45.545099],[-73.529326,45.544244],[-73.532373,45.543668],[-73.532296,45.543551],[-73.532194,45.543434],[-73.532129,45.543254],[-73.53195,45.543281],[-73.531886,45.543092],[-73.532091,45.543047],[-73.532014,45.542921],[-73.531911,45.542795],[-73.531758,45.542651],[-73.531412,45.542678],[-73.531335,45.542633],[-73.531386,45.541904],[-73.533745,45.541406],[-73.534625,45.54122],[-73.5346,45.54113],[-73.536587,45.539183],[-73.540243,45.535603],[-73.541242,45.532832],[-73.541905,45.533014],[-73.542688,45.533229],[-73.543918,45.533492],[-73.544176,45.533544],[-73.544226,45.533628],[-73.544382,45.533839],[-73.544472,45.53395],[-73.544639,45.534159],[-73.545228,45.534894],[-73.546121,45.536007],[-73.546263,45.536184],[-73.54649,45.536474],[-73.547003,45.537094],[-73.547547,45.537753],[-73.547623,45.537839],[-73.547729,45.537952],[-73.547817,45.538037],[-73.547885,45.538097],[-73.54797,45.538165],[-73.548102,45.538261],[-73.548321,45.538408],[-73.548586,45.53856],[-73.548626,45.53858],[-73.54868,45.538606],[-73.548729,45.538628],[-73.548754,45.538639],[-73.54881,45.538663],[-73.548888,45.538697],[-73.548933,45.538717],[-73.548991,45.538738],[-73.54916,45.5388],[-73.549217,45.53882],[-73.549304,45.538846],[-73.549469,45.53889],[-73.54963,45.538926],[-73.549709,45.538944],[-73.549785,45.538961],[-73.550067,45.539006],[-73.550312,45.539033],[-73.550592,45.539063],[-73.552417,45.539201],[-73.552559,45.539215],[-73.552561,45.539215],[-73.552718,45.53923],[-73.553597,45.539314],[-73.554715,45.539426],[-73.55529,45.539487],[-73.555709,45.539529],[-73.555827,45.539541],[-73.555835,45.539541],[-73.555977,45.539556],[-73.555983,45.539557],[-73.556077,45.539566],[-73.556296,45.539589],[-73.556839,45.539638],[-73.557702,45.539719],[-73.558323,45.539778],[-73.55924,45.539871],[-73.559052,45.540234],[-73.558643,45.541015],[-73.558594,45.541108],[-73.558145,45.54196],[-73.557894,45.542435],[-73.557736,45.542721],[-73.557641,45.542894],[-73.557485,45.543177],[-73.557106,45.543925],[-73.556742,45.544591],[-73.556373,45.545307],[-73.556026,45.545954],[-73.555688,45.546598],[-73.555532,45.546925],[-73.555451,45.547093],[-73.555346,45.547311],[-73.555297,45.547441],[-73.555212,45.547952],[-73.55518,45.548273],[-73.555162,45.548458],[-73.555122,45.548876],[-73.555037,45.549777],[-73.554955,45.550566],[-73.554916,45.550985],[-73.554846,45.551741],[-73.554784,45.552434],[-73.554706,45.553105],[-73.55461,45.553305],[-73.554566,45.553628],[-73.5545,45.554503],[-73.55447,45.554638],[-73.554346,45.555273],[-73.554249,45.556362],[-73.554181,45.556933],[-73.554239,45.558276],[-73.554289,45.559352],[-73.554365,45.561095],[-73.554446,45.562753],[-73.554541,45.56437],[-73.554512,45.564682],[-73.554476,45.564824],[-73.55438,45.565249],[-73.554306,45.565376],[-73.554009,45.565814],[-73.553724,45.56625],[-73.553615,45.56642],[-73.553305,45.566902],[-73.552626,45.567921],[-73.552213,45.568543],[-73.551612,45.56943],[-73.551049,45.570262],[-73.550939,45.570423],[-73.550883,45.570518],[-73.55018,45.571551],[-73.55007,45.571715],[-73.548995,45.573313],[-73.548927,45.573405],[-73.548871,45.573497],[-73.549018,45.573542],[-73.549121,45.573579],[-73.549447,45.573691],[-73.552093,45.57457],[-73.554106,45.575241],[-73.555598,45.575731],[-73.555747,45.575794],[-73.555959,45.575915],[-73.556061,45.576008],[-73.556876,45.576791],[-73.557729,45.577588],[-73.558047,45.577878],[-73.55827,45.578052],[-73.55854,45.578199],[-73.55874,45.578271],[-73.559892,45.578643],[-73.560016,45.578683]]]}},{"type":"Feature","properties":{"sector_id":"16"},"geometry":{"type":"Polygon","coordinates":[[[-73.626506,45.586291],[-73.626628,45.586091],[-73.626732,45.585785],[-73.626889,45.58552],[-73.626949,45.585418],[-73.627808,45.584398],[-73.628251,45.583942],[-73.628356,45.583762],[-73.628397,45.583654],[-73.628418,45.583617],[-73.628512,45.583477],[-73.628827,45.583151],[-73.629059,45.583297],[-73.629093,45.583319],[-73.629326,45.583485],[-73.629564,45.583679],[-73.62962,45.583729],[-73.629647,45.583753],[-73.629586,45.583831],[-73.628082,45.585632],[-73.623361,45.591288],[-73.623089,45.591611],[-73.62247,45.592346],[-73.620227,45.595006],[-73.62002,45.595253],[-73.618258,45.597365],[-73.617558,45.598204],[-73.617276,45.598542],[-73.617164,45.598675],[-73.615268,45.600919],[-73.61475,45.601532],[-73.61468,45.601618],[-73.614677,45.601622],[-73.614592,45.601725],[-73.614589,45.60173],[-73.614507,45.601829],[-73.61341,45.60317],[-73.613299,45.603305],[-73.612959,45.60372],[-73.612365,45.604446],[-73.611828,45.605094],[-73.610357,45.60685],[-73.60992,45.607362],[-73.609612,45.607701],[-73.609257,45.608093],[-73.608899,45.608453],[-73.608528,45.608805],[-73.608157,45.609156],[-73.60776,45.609498],[-73.60735,45.609832],[-73.6061,45.610786],[-73.605918,45.610925],[-73.605832,45.610859],[-73.604508,45.609849],[-73.603819,45.610227],[-73.604064,45.610855],[-73.603425,45.611308],[-73.601714,45.611919],[-73.602354,45.612588],[-73.602568,45.612786],[-73.60175,45.61289],[-73.601176,45.612991],[-73.600858,45.61306],[-73.600382,45.613197],[-73.600013,45.613318],[-73.599651,45.613462],[-73.599101,45.613705],[-73.598966,45.613765],[-73.598623,45.613939],[-73.598452,45.614015],[-73.598194,45.614142],[-73.597345,45.61459],[-73.596673,45.614971],[-73.595996,45.615408],[-73.595577,45.615678],[-73.595407,45.615787],[-73.595158,45.615948],[-73.59482,45.616179],[-73.593844,45.616845],[-73.59205,45.618048],[-73.590097,45.619376],[-73.588217,45.620661],[-73.586647,45.621744],[-73.584122,45.623466],[-73.581574,45.625224],[-73.581436,45.625317],[-73.579063,45.626922],[-73.577174,45.628224],[-73.577038,45.628323],[-73.574476,45.630073],[-73.573545,45.630697],[-73.572608,45.631318],[-73.569885,45.633096],[-73.568256,45.63416],[-73.567593,45.634595],[-73.550043,45.626351],[-73.549947,45.626307],[-73.548508,45.625666],[-73.548333,45.625589],[-73.548177,45.62552],[-73.548003,45.625444],[-73.547194,45.625093],[-73.547057,45.625034],[-73.536174,45.620037],[-73.53638,45.619381],[-73.537244,45.615885],[-73.537946,45.614024],[-73.541376,45.614689],[-73.541566,45.614503],[-73.544111,45.615081],[-73.545789,45.613629],[-73.546165,45.613193],[-73.546533,45.612761],[-73.546525,45.612629],[-73.545858,45.612377],[-73.545647,45.612422],[-73.545373,45.612426],[-73.544862,45.612312],[-73.545004,45.612063],[-73.544697,45.611818],[-73.545108,45.611081],[-73.545401,45.610813],[-73.543734,45.610136],[-73.543155,45.610013],[-73.54221,45.609762],[-73.54121,45.609504],[-73.541403,45.609014],[-73.541537,45.60856],[-73.541311,45.608088],[-73.540826,45.607869],[-73.541077,45.607634],[-73.541448,45.607174],[-73.541659,45.606931],[-73.54126,45.606787],[-73.539212,45.605933],[-73.537678,45.605254],[-73.537871,45.604704],[-73.537282,45.604623],[-73.53699,45.604079],[-73.536992,45.603607],[-73.536487,45.603465],[-73.536659,45.603128],[-73.536629,45.602984],[-73.536948,45.60248],[-73.537174,45.60258],[-73.537245,45.602486],[-73.538039,45.602806],[-73.538169,45.60286],[-73.539045,45.603224],[-73.539246,45.603319],[-73.539686,45.603007],[-73.542188,45.604129],[-73.542947,45.602801],[-73.540225,45.602037],[-73.54023,45.601933],[-73.540195,45.601844],[-73.540115,45.601529],[-73.540675,45.600797],[-73.542544,45.60126],[-73.544485,45.601851],[-73.545091,45.600251],[-73.544895,45.599959],[-73.545016,45.599579],[-73.544573,45.598434],[-73.544242,45.598337],[-73.543939,45.598247],[-73.545143,45.595937],[-73.545317,45.595906],[-73.545371,45.595696],[-73.545451,45.595584],[-73.54555,45.595557],[-73.545638,45.595423],[-73.546327,45.595258],[-73.547388,45.595529],[-73.547995,45.594567],[-73.546891,45.594193],[-73.54708,45.593852],[-73.546743,45.593751],[-73.547374,45.592467],[-73.54745,45.592355],[-73.547697,45.591942],[-73.548063,45.591417],[-73.548811,45.590745],[-73.548934,45.590048],[-73.551835,45.590887],[-73.557523,45.593162],[-73.557687,45.593217],[-73.560874,45.594282],[-73.564397,45.595561],[-73.56465,45.595539],[-73.569568,45.597159],[-73.569851,45.596708],[-73.569232,45.594889],[-73.568772,45.59334],[-73.567603,45.590431],[-73.567629,45.590353],[-73.567659,45.590268],[-73.567484,45.590228],[-73.566343,45.588388],[-73.564387,45.587388],[-73.564349,45.586041],[-73.564257,45.585619],[-73.564217,45.585437],[-73.564149,45.585296],[-73.565607,45.584193],[-73.564966,45.583586],[-73.567788,45.581465],[-73.567631,45.58122],[-73.568407,45.581481],[-73.569051,45.581698],[-73.569863,45.581957],[-73.569927,45.581855],[-73.570246,45.581365],[-73.570609,45.580787],[-73.570932,45.580905],[-73.571441,45.581074],[-73.572294,45.581359],[-73.57334,45.581708],[-73.573992,45.581925],[-73.575546,45.580289],[-73.57614,45.579799],[-73.576724,45.579309],[-73.57809,45.577954],[-73.577673,45.577862],[-73.577243,45.577678],[-73.5775,45.577382],[-73.577765,45.577078],[-73.577944,45.576873],[-73.578205,45.576575],[-73.578412,45.576338],[-73.578734,45.575968],[-73.578878,45.575804],[-73.57907,45.575585],[-73.57929,45.575333],[-73.579358,45.575256],[-73.579807,45.574741],[-73.579846,45.574697],[-73.580173,45.574322],[-73.580336,45.574135],[-73.580673,45.573749],[-73.581256,45.573083],[-73.581604,45.572685],[-73.582024,45.572285],[-73.582558,45.572146],[-73.583769,45.570786],[-73.583643,45.57035],[-73.584144,45.569778],[-73.584412,45.569687],[-73.584753,45.56928],[-73.585102,45.568818],[-73.585146,45.568658],[-73.585646,45.568102],[-73.586149,45.567541],[-73.586661,45.566978],[-73.58715,45.566415],[-73.590278,45.567766],[-73.592818,45.568895],[-73.595808,45.570201],[-73.598442,45.571376],[-73.598644,45.571466],[-73.598771,45.571522],[-73.598962,45.571606],[-73.601538,45.572738],[-73.600858,45.573512],[-73.600561,45.573813],[-73.600431,45.573969],[-73.60282,45.574994],[-73.605831,45.576201],[-73.608601,45.577402],[-73.611227,45.578518],[-73.612031,45.578876],[-73.614069,45.57983],[-73.61471,45.580134],[-73.615408,45.580449],[-73.616111,45.580763],[-73.616865,45.5811],[-73.617666,45.581451],[-73.618427,45.581783],[-73.619196,45.582118],[-73.620041,45.582491],[-73.62075,45.582803],[-73.621372,45.583099],[-73.623354,45.584073],[-73.622836,45.584671],[-73.626283,45.586192],[-73.626506,45.586291]]]}},{"type":"Feature","properties":{"sector_id":"17"},"geometry":{"type":"MultiPolygon","coordinates":[[[[-73.654467,45.587273],[-73.654416,45.587228],[-73.654365,45.587192],[-73.654339,45.587147],[-73.654326,45.587102],[-73.654351,45.587048],[-73.654403,45.587003],[-73.654467,45.586976],[-73.654543,45.586958],[-73.654607,45.58694],[-73.654659,45.586904],[-73.654671,45.586859],[-73.654735,45.586822],[-73.654774,45.586795],[-73.654697,45.586786],[-73.654773,45.586696],[-73.654722,45.586679],[-73.654799,45.586561],[-73.654901,45.586606],[-73.654914,45.586561],[-73.654978,45.586579],[-73.654991,45.586525],[-73.655003,45.586471],[-73.655042,45.586426],[-73.65508,45.586372],[-73.655131,45.586318],[-73.655157,45.586273],[-73.655156,45.586201],[-73.655144,45.586156],[-73.655131,45.586111],[-73.655105,45.586057],[-73.655092,45.585985],[-73.655104,45.58594],[-73.655117,45.585877],[-73.655143,45.585832],[-73.655181,45.585787],[-73.655207,45.585742],[-73.655219,45.585679],[-73.655219,45.585634],[-73.655206,45.585589],[-73.655193,45.585544],[-73.655206,45.58549],[-73.655244,45.585445],[-73.655295,45.585391],[-73.655359,45.585283],[-73.655384,45.58522],[-73.655423,45.585166],[-73.655474,45.585067],[-73.655499,45.585022],[-73.655537,45.58495],[-73.655563,45.584896],[-73.655601,45.584815],[-73.655627,45.58477],[-73.655665,45.584707],[-73.655703,45.584635],[-73.655741,45.584581],[-73.65578,45.584526],[-73.655818,45.584472],[-73.655856,45.584428],[-73.655895,45.584382],[-73.65592,45.584337],[-73.655958,45.584274],[-73.656047,45.584228],[-73.656062,45.584229],[-73.656369,45.584265],[-73.656382,45.584427],[-73.656357,45.584589],[-73.656268,45.584913],[-73.65623,45.58503],[-73.656128,45.585336],[-73.65609,45.585471],[-73.655988,45.585777],[-73.65595,45.585885],[-73.655797,45.586119],[-73.655605,45.58629],[-73.655554,45.586389],[-73.655389,45.586831],[-73.654826,45.587155],[-73.655661,45.587991],[-73.655755,45.588086],[-73.656253,45.588591],[-73.656291,45.588629],[-73.656543,45.588536],[-73.656374,45.588756],[-73.656257,45.58891],[-73.656052,45.588704],[-73.655129,45.587775],[-73.654621,45.587263],[-73.654506,45.587327],[-73.654467,45.587273]]],[[[-73.652557,45.582689],[-73.654212,45.58336],[-73.654329,45.583584],[-73.654304,45.583638],[-73.654278,45.583683],[-73.654253,45.583737],[-73.654227,45.583782],[-73.654214,45.583827],[-73.654202,45.583899],[-73.654189,45.583944],[-73.654164,45.583989],[-73.654138,45.584034],[-73.654126,45.584124],[-73.654126,45.584178],[-73.654113,45.584223],[-73.654088,45.584268],[-73.654062,45.584313],[-73.654011,45.584358],[-73.653986,45.584421],[-73.653973,45.584466],[-73.653973,45.584529],[-73.65396,45.584574],[-73.653935,45.584619],[-73.653896,45.584664],[-73.653871,45.584718],[-73.653845,45.584763],[-73.65382,45.584826],[-73.653794,45.584889],[-73.653756,45.584934],[-73.653731,45.584988],[-73.653705,45.585033],[-73.653692,45.585087],[-73.653667,45.585132],[-73.653667,45.585195],[-73.653654,45.585249],[-73.65368,45.585303],[-73.65368,45.585357],[-73.653681,45.585411],[-73.653668,45.585474],[-73.653655,45.585519],[-73.653643,45.585573],[-73.653617,45.585618],[-73.653579,45.585672],[-73.653515,45.585717],[-73.653438,45.585762],[-73.653374,45.585799],[-73.653323,45.585835],[-73.653246,45.585907],[-73.653195,45.58597],[-73.653182,45.586024],[-73.65318,45.586037],[-73.65317,45.586087],[-73.653157,45.58615],[-73.653144,45.586195],[-73.653119,45.58624],[-73.653106,45.586321],[-73.653106,45.586375],[-73.653094,45.586465],[-73.653094,45.586537],[-73.653107,45.5866],[-73.65312,45.586645],[-73.653146,45.586708],[-73.653146,45.586789],[-73.653121,45.586843],[-73.653082,45.586888],[-73.653031,45.586924],[-73.652967,45.586942],[-73.652903,45.586978],[-73.65289,45.587023],[-73.652865,45.587086],[-73.652839,45.587131],[-73.652801,45.587194],[-73.652788,45.587239],[-73.652776,45.587284],[-73.652763,45.587338],[-73.652763,45.587392],[-73.65275,45.587437],[-73.652738,45.587491],[-73.652725,45.587554],[-73.652713,45.587599],[-73.6527,45.587653],[-73.6527,45.587716],[-73.652687,45.587761],[-73.652675,45.587806],[-73.652662,45.587887],[-73.652662,45.58795],[-73.65265,45.588004],[-73.652637,45.588058],[-73.652637,45.588121],[-73.652637,45.588202],[-73.652625,45.588247],[-73.652612,45.588301],[-73.652586,45.588364],[-73.652587,45.588418],[-73.652574,45.588499],[-73.652574,45.588571],[-73.652562,45.588616],[-73.652549,45.588679],[-73.652536,45.588742],[-73.652536,45.588814],[-73.652524,45.588859],[-73.652524,45.58894],[-73.652511,45.588985],[-73.652511,45.589057],[-73.652512,45.589129],[-73.652512,45.589201],[-73.652499,45.589264],[-73.652499,45.589318],[-73.6525,45.589381],[-73.6525,45.58948],[-73.6525,45.589534],[-73.6525,45.589624],[-73.6525,45.589705],[-73.6525,45.589768],[-73.652488,45.589822],[-73.652475,45.589894],[-73.652463,45.589957],[-73.652424,45.59002],[-73.652399,45.590074],[-73.652335,45.590146],[-73.652284,45.590218],[-73.65222,45.590281],[-73.652182,45.590326],[-73.652131,45.590389],[-73.652067,45.590443],[-73.652028,45.590488],[-73.65199,45.590534],[-73.651926,45.590596],[-73.651875,45.590651],[-73.651837,45.590696],[-73.65176,45.590768],[-73.651721,45.590813],[-73.651645,45.590876],[-73.651555,45.590948],[-73.651466,45.591011],[-73.651415,45.591047],[-73.651351,45.59111],[-73.651299,45.591146],[-73.651261,45.591191],[-73.651184,45.591254],[-73.651133,45.591291],[-73.651056,45.591363],[-73.651037,45.59138],[-73.651005,45.591408],[-73.650929,45.591471],[-73.650877,45.591516],[-73.650826,45.591552],[-73.650711,45.59166],[-73.650673,45.591705],[-73.650622,45.591768],[-73.650545,45.59184],[-73.65052,45.591885],[-73.650481,45.591948],[-73.650443,45.592011],[-73.650405,45.592056],[-73.650354,45.59211],[-73.650328,45.592146],[-73.65029,45.592191],[-73.650252,45.592237],[-73.650226,45.592282],[-73.650188,45.592354],[-73.650162,45.592399],[-73.650124,45.592444],[-73.650073,45.592534],[-73.650047,45.592579],[-73.649983,45.592678],[-73.649945,45.592732],[-73.649894,45.592777],[-73.649843,45.592831],[-73.649792,45.592912],[-73.649766,45.592957],[-73.649741,45.593011],[-73.649703,45.593065],[-73.64969,45.59311],[-73.649664,45.593164],[-73.649626,45.593227],[-73.649601,45.593299],[-73.649575,45.593344],[-73.64955,45.593407],[-73.649524,45.59347],[-73.649486,45.593551],[-73.649473,45.593596],[-73.649409,45.593659],[-73.649358,45.593695],[-73.649307,45.593731],[-73.649282,45.593785],[-73.649269,45.59383],[-73.649269,45.593893],[-73.649256,45.593947],[-73.649231,45.594001],[-73.649205,45.594101],[-73.64918,45.594163],[-73.649155,45.594208],[-73.649142,45.594253],[-73.649103,45.594308],[-73.649052,45.594344],[-73.648988,45.594389],[-73.648924,45.594407],[-73.648847,45.594434],[-73.648783,45.594452],[-73.648707,45.594506],[-73.64863,45.594569],[-73.648592,45.594614],[-73.648528,45.59465],[-73.648476,45.594695],[-73.648425,45.59474],[-73.648374,45.594803],[-73.64831,45.594849],[-73.648296,45.594861],[-73.648259,45.594893],[-73.648182,45.594921],[-73.648131,45.594957],[-73.64808,45.595002],[-73.648016,45.595065],[-73.647965,45.59511],[-73.647901,45.595173],[-73.64785,45.595209],[-73.647799,45.595254],[-73.647747,45.595308],[-73.647709,45.595371],[-73.647671,45.595416],[-73.647645,45.595461],[-73.64762,45.595506],[-73.647569,45.595551],[-73.647505,45.595596],[-73.647428,45.595633],[-73.647364,45.59566],[-73.6473,45.595696],[-73.647249,45.595741],[-73.647197,45.595777],[-73.647108,45.595849],[-73.647044,45.595894],[-73.64698,45.59593],[-73.646929,45.595966],[-73.646852,45.59602],[-73.646801,45.596074],[-73.64675,45.596119],[-73.646699,45.596164],[-73.64666,45.596218],[-73.646609,45.596254],[-73.646545,45.596299],[-73.646494,45.596336],[-73.64643,45.596381],[-73.646379,45.596426],[-73.646315,45.596462],[-73.646264,45.596507],[-73.646213,45.596543],[-73.646161,45.596588],[-73.646097,45.596642],[-73.646034,45.596687],[-73.64597,45.596759],[-73.645957,45.596786],[-73.645867,45.596876],[-73.645816,45.59693],[-73.645752,45.596993],[-73.645701,45.597029],[-73.64565,45.597075],[-73.645611,45.597119],[-73.645586,45.597164],[-73.645561,45.597246],[-73.645535,45.597327],[-73.645522,45.597372],[-73.64551,45.597444],[-73.645497,45.597489],[-73.645484,45.597561],[-73.645459,45.597606],[-73.645433,45.597651],[-73.645395,45.597723],[-73.64537,45.597777],[-73.645357,45.597822],[-73.645331,45.597867],[-73.645319,45.597912],[-73.645293,45.597984],[-73.645281,45.598029],[-73.645276,45.598042],[-73.645255,45.598101],[-73.645255,45.598155],[-73.645251,45.598169],[-73.645243,45.5982],[-73.645232,45.598218],[-73.645217,45.598245],[-73.645102,45.598344],[-73.645089,45.598389],[-73.645051,45.598443],[-73.645025,45.598497],[-73.644987,45.598542],[-73.644936,45.598587],[-73.644885,45.598632],[-73.644847,45.598686],[-73.644821,45.59874],[-73.644796,45.598785],[-73.644732,45.598866],[-73.644706,45.598911],[-73.644681,45.598956],[-73.644655,45.599001],[-73.644604,45.599073],[-73.644566,45.599128],[-73.644527,45.599199],[-73.644502,45.599244],[-73.644476,45.599326],[-73.644464,45.599371],[-73.644426,45.599452],[-73.644387,45.599533],[-73.644374,45.599596],[-73.644336,45.599686],[-73.644311,45.599731],[-73.644285,45.599776],[-73.64426,45.59983],[-73.644196,45.599902],[-73.644145,45.599956],[-73.644119,45.600001],[-73.644106,45.600046],[-73.644056,45.600118],[-73.643991,45.600127],[-73.643953,45.600172],[-73.643953,45.600226],[-73.643915,45.600271],[-73.643889,45.600316],[-73.643877,45.600361],[-73.643838,45.600406],[-73.643813,45.600451],[-73.643774,45.600505],[-73.643736,45.60055],[-73.643723,45.600595],[-73.643685,45.60064],[-73.643621,45.60064],[-73.643544,45.600676],[-73.643506,45.600722],[-73.64348,45.600776],[-73.643468,45.60083],[-73.643455,45.600875],[-73.64343,45.600956],[-73.643455,45.601064],[-73.643494,45.601118],[-73.64352,45.601171],[-73.64352,45.601207],[-73.643508,45.60145],[-73.643495,45.601495],[-73.643418,45.601558],[-73.643418,45.60163],[-73.643412,45.601642],[-73.643393,45.601675],[-73.643329,45.601721],[-73.643316,45.601766],[-73.643291,45.601811],[-73.643291,45.601919],[-73.643279,45.602243],[-73.643177,45.602405],[-73.643139,45.602522],[-73.643088,45.602639],[-73.643062,45.602693],[-73.64305,45.602756],[-73.642986,45.602891],[-73.642922,45.603026],[-73.642807,45.603143],[-73.64273,45.603314],[-73.642718,45.603467],[-73.642693,45.603521],[-73.642577,45.603665],[-73.642526,45.603719],[-73.642463,45.603818],[-73.642335,45.603971],[-73.642233,45.604115],[-73.642181,45.60417],[-73.642181,45.604223],[-73.642169,45.604269],[-73.642118,45.604359],[-73.641875,45.604773],[-73.64185,45.604836],[-73.641799,45.605259],[-73.641787,45.605304],[-73.641761,45.605349],[-73.641736,45.605457],[-73.641723,45.605565],[-73.641698,45.605709],[-73.641685,45.605754],[-73.641651,45.60588],[-73.641634,45.605943],[-73.641609,45.605988],[-73.641597,45.606069],[-73.641558,45.606177],[-73.641533,45.606276],[-73.641507,45.606321],[-73.641379,45.60642],[-73.641137,45.60687],[-73.641073,45.607014],[-73.640997,45.607176],[-73.640958,45.607248],[-73.640946,45.607312],[-73.640856,45.607438],[-73.640754,45.607483],[-73.640651,45.607564],[-73.640562,45.607717],[-73.640524,45.60787],[-73.640486,45.607915],[-73.640448,45.608059],[-73.640435,45.608122],[-73.64033,45.608223],[-73.640294,45.608257],[-73.640269,45.608374],[-73.640205,45.6085],[-73.640116,45.608671],[-73.640065,45.608716],[-73.640052,45.608797],[-73.639937,45.608887],[-73.639898,45.608932],[-73.639847,45.608996],[-73.639822,45.609094],[-73.639707,45.609212],[-73.639592,45.609347],[-73.639336,45.609635],[-73.639195,45.609806],[-73.639132,45.609878],[-73.638378,45.610941],[-73.63811,45.611337],[-73.63788,45.611688],[-73.637624,45.612013],[-73.637407,45.612283],[-73.637254,45.612643],[-73.637254,45.61276],[-73.637118,45.612999],[-73.637075,45.613075],[-73.636769,45.613723],[-73.636629,45.614047],[-73.636348,45.614714],[-73.635979,45.615632],[-73.635737,45.616235],[-73.635404,45.616631],[-73.634919,45.617415],[-73.634868,45.617442],[-73.634318,45.618207],[-73.633884,45.618874],[-73.633833,45.619189],[-73.633486,45.619581],[-73.633411,45.619666],[-73.633053,45.61999],[-73.632234,45.620693],[-73.631466,45.621333],[-73.631056,45.621783],[-73.630391,45.622324],[-73.629828,45.622757],[-73.628957,45.623423],[-73.628471,45.623784],[-73.628138,45.624018],[-73.627587,45.624361],[-73.627569,45.624372],[-73.627485,45.624424],[-73.626973,45.624766],[-73.626755,45.625001],[-73.626563,45.625208],[-73.626346,45.625343],[-73.626243,45.625406],[-73.626051,45.625541],[-73.625731,45.625785],[-73.625398,45.626001],[-73.625232,45.626172],[-73.625052,45.626289],[-73.624822,45.626425],[-73.624348,45.626686],[-73.623951,45.626956],[-73.623592,45.627182],[-73.623208,45.627506],[-73.622735,45.627929],[-73.62253,45.628083],[-73.622248,45.628326],[-73.621851,45.628668],[-73.62139,45.629083],[-73.621246,45.629222],[-73.621083,45.62938],[-73.620892,45.629623],[-73.620663,45.629877],[-73.620589,45.629768],[-73.619728,45.62894],[-73.61684,45.626761],[-73.616412,45.626436],[-73.616295,45.626332],[-73.612755,45.623194],[-73.609216,45.620126],[-73.609131,45.620038],[-73.607526,45.618497],[-73.606364,45.617375],[-73.605641,45.61671],[-73.605141,45.616242],[-73.60292,45.6132],[-73.602856,45.613118],[-73.602663,45.612875],[-73.602568,45.612786],[-73.602354,45.612588],[-73.601714,45.611919],[-73.603425,45.611308],[-73.604064,45.610855],[-73.603819,45.610227],[-73.604508,45.609849],[-73.605832,45.610859],[-73.605918,45.610925],[-73.6061,45.610786],[-73.60735,45.609832],[-73.60776,45.609498],[-73.608157,45.609156],[-73.608528,45.608805],[-73.608899,45.608453],[-73.609257,45.608093],[-73.609612,45.607701],[-73.60992,45.607362],[-73.610357,45.60685],[-73.611828,45.605094],[-73.612365,45.604446],[-73.612959,45.60372],[-73.613299,45.603305],[-73.61341,45.60317],[-73.614507,45.601829],[-73.614589,45.60173],[-73.614592,45.601725],[-73.614677,45.601622],[-73.61468,45.601618],[-73.61475,45.601532],[-73.615268,45.600919],[-73.617164,45.598675],[-73.617276,45.598542],[-73.617558,45.598204],[-73.618258,45.597365],[-73.62002,45.595253],[-73.620227,45.595006],[-73.62247,45.592346],[-73.623089,45.591611],[-73.623361,45.591288],[-73.628082,45.585632],[-73.629586,45.583831],[-73.629647,45.583753],[-73.62962,45.583729],[-73.629564,45.583679],[-73.629326,45.583485],[-73.629093,45.583319],[-73.629059,45.583297],[-73.628827,45.583151],[-73.628914,45.583051],[-73.630469,45.581839],[-73.630588,45.581735],[-73.630738,45.581598],[-73.631201,45.581176],[-73.631899,45.58059],[-73.632419,45.579871],[-73.632632,45.579634],[-73.632708,45.579699],[-73.632846,45.579763],[-73.632951,45.579812],[-73.633381,45.5793],[-73.636139,45.576004],[-73.636207,45.575925],[-73.636212,45.575919],[-73.636437,45.576014],[-73.636944,45.576222],[-73.637756,45.576555],[-73.638478,45.576856],[-73.639048,45.577083],[-73.639592,45.577316],[-73.639946,45.577468],[-73.640219,45.577608],[-73.64042,45.577741],[-73.64052,45.577661],[-73.641397,45.57806],[-73.644059,45.579073],[-73.644342,45.579254],[-73.645423,45.579713],[-73.647289,45.580482],[-73.648268,45.580951],[-73.649203,45.581332],[-73.649777,45.581472],[-73.650257,45.581673],[-73.650936,45.582011],[-73.651137,45.582095],[-73.651342,45.582125],[-73.652557,45.582689]]]]}},{"type":"Feature","properties":{"sector_id":"18"},"geometry":{"type":"MultiPolygon","coordinates":[[[[-73.615159,45.636207],[-73.614992,45.636198],[-73.6148,45.636243],[-73.614749,45.636198],[-73.614787,45.636171],[-73.61489,45.636126],[-73.615005,45.636108],[-73.615146,45.636072],[-73.615326,45.636045],[-73.615467,45.636071],[-73.615569,45.636134],[-73.615544,45.636179],[-73.615377,45.636215],[-73.615159,45.636207]]],[[[-73.612104,45.634977],[-73.612168,45.634941],[-73.61236,45.634896],[-73.612822,45.63494],[-73.613143,45.634877],[-73.613861,45.634876],[-73.613925,45.634903],[-73.614118,45.635083],[-73.61417,45.635191],[-73.614157,45.635488],[-73.614132,45.635596],[-73.614068,45.635695],[-73.613812,45.635884],[-73.613658,45.635974],[-73.61353,45.636073],[-73.613248,45.636236],[-73.612826,45.636578],[-73.612339,45.63692],[-73.611852,45.637155],[-73.611698,45.637245],[-73.611544,45.637326],[-73.611262,45.637425],[-73.611185,45.637461],[-73.611057,45.637525],[-73.610788,45.63757],[-73.610493,45.637651],[-73.610403,45.637678],[-73.61007,45.63775],[-73.609442,45.637922],[-73.609083,45.637949],[-73.609006,45.637949],[-73.608801,45.638013],[-73.608672,45.638031],[-73.608506,45.637896],[-73.60848,45.637851],[-73.608518,45.637806],[-73.608544,45.637716],[-73.608633,45.637626],[-73.608902,45.637383],[-73.60894,45.637347],[-73.609568,45.636905],[-73.609914,45.636653],[-73.610093,45.636563],[-73.610439,45.63631],[-73.610619,45.636148],[-73.610759,45.636067],[-73.610887,45.635959],[-73.611016,45.635878],[-73.611233,45.635689],[-73.61122,45.635599],[-73.611169,45.635509],[-73.611117,45.635464],[-73.611117,45.635419],[-73.611143,45.635392],[-73.611194,45.635374],[-73.611361,45.635329],[-73.611489,45.635383],[-73.611617,45.635337],[-73.611745,45.635256],[-73.612104,45.634977]]],[[[-73.611392,45.638316],[-73.611546,45.638181],[-73.61161,45.638208],[-73.611752,45.638343],[-73.611816,45.638352],[-73.611854,45.638298],[-73.611854,45.638253],[-73.611982,45.638199],[-73.611956,45.638154],[-73.611892,45.638127],[-73.611841,45.638082],[-73.611841,45.638037],[-73.611905,45.638001],[-73.611969,45.638027],[-73.612033,45.638117],[-73.612097,45.638126],[-73.612174,45.63809],[-73.612226,45.638045],[-73.61229,45.638027],[-73.612328,45.637982],[-73.612264,45.637964],[-73.6122,45.637982],[-73.612174,45.637928],[-73.612289,45.637838],[-73.612418,45.637829],[-73.612507,45.637757],[-73.612763,45.637577],[-73.61302,45.637451],[-73.613173,45.637297],[-73.613532,45.63709],[-73.613634,45.637],[-73.613942,45.636766],[-73.614275,45.636622],[-73.614737,45.636504],[-73.615006,45.636423],[-73.615236,45.63636],[-73.615403,45.636377],[-73.615647,45.636422],[-73.615814,45.636413],[-73.615852,45.636359],[-73.615916,45.636296],[-73.615955,45.636197],[-73.616057,45.636107],[-73.616006,45.636071],[-73.615839,45.635981],[-73.615633,45.635891],[-73.615402,45.6359],[-73.615159,45.635901],[-73.615018,45.635937],[-73.614864,45.635991],[-73.61471,45.636045],[-73.614748,45.63591],[-73.614761,45.635865],[-73.614889,45.635685],[-73.61494,45.635622],[-73.615029,45.63546],[-73.615208,45.6351],[-73.615464,45.634857],[-73.615657,45.634775],[-73.615913,45.634712],[-73.616041,45.634748],[-73.616157,45.634838],[-73.616285,45.63491],[-73.616324,45.634955],[-73.616363,45.635162],[-73.616364,45.635468],[-73.616505,45.635674],[-73.616518,45.635773],[-73.616493,45.635908],[-73.616531,45.636052],[-73.616493,45.636142],[-73.616429,45.636187],[-73.616173,45.636296],[-73.616134,45.636341],[-73.616109,45.636557],[-73.616058,45.636701],[-73.615943,45.636782],[-73.615879,45.6368],[-73.615751,45.6368],[-73.615225,45.636999],[-73.615161,45.637017],[-73.614904,45.637035],[-73.614699,45.637107],[-73.614456,45.637287],[-73.614161,45.637449],[-73.6137,45.637711],[-73.613444,45.637945],[-73.613316,45.638026],[-73.613149,45.638188],[-73.61274,45.638558],[-73.612637,45.638621],[-73.61256,45.638693],[-73.612445,45.638756],[-73.612304,45.638792],[-73.61224,45.638783],[-73.612176,45.638738],[-73.612098,45.638603],[-73.611842,45.638532],[-73.611778,45.638541],[-73.611649,45.638505],[-73.611392,45.638361],[-73.611392,45.638316]]],[[[-73.611303,45.638739],[-73.611214,45.638712],[-73.611072,45.638685],[-73.610983,45.638676],[-73.610906,45.638676],[-73.610841,45.638658],[-73.610829,45.638623],[-73.610828,45.638596],[-73.610816,45.638578],[-73.61079,45.638532],[-73.610815,45.638506],[-73.610854,45.638506],[-73.610918,45.638514],[-73.610957,45.638487],[-73.611034,45.638487],[-73.611072,45.638523],[-73.611226,45.63855],[-73.611277,45.638559],[-73.611367,45.638586],[-73.611419,45.638631],[-73.611508,45.63864],[-73.611573,45.638658],[-73.611637,45.638712],[-73.611714,45.638757],[-73.611804,45.638802],[-73.611919,45.63881],[-73.611945,45.638837],[-73.611996,45.638837],[-73.612035,45.638837],[-73.612048,45.638873],[-73.612035,45.638891],[-73.612009,45.638909],[-73.611907,45.638918],[-73.611765,45.638892],[-73.611663,45.638883],[-73.611624,45.638856],[-73.61156,45.63882],[-73.611496,45.638811],[-73.611419,45.638784],[-73.611368,45.638757],[-73.611303,45.638739]]],[[[-73.608224,45.638121],[-73.608134,45.638076],[-73.608313,45.637968],[-73.608506,45.637968],[-73.608518,45.638013],[-73.608454,45.63813],[-73.608301,45.638184],[-73.608224,45.638121]]],[[[-73.604039,45.643398],[-73.603783,45.643506],[-73.603654,45.643515],[-73.603603,45.64356],[-73.603552,45.64365],[-73.603488,45.643677],[-73.603462,45.643812],[-73.603398,45.643839],[-73.603334,45.64384],[-73.603308,45.643795],[-73.603244,45.643786],[-73.60318,45.643813],[-73.603142,45.643858],[-73.603193,45.643948],[-73.60318,45.643993],[-73.603116,45.643984],[-73.603026,45.643894],[-73.602924,45.644029],[-73.602911,45.644074],[-73.60295,45.644119],[-73.603014,45.644155],[-73.603053,45.644245],[-73.603027,45.64429],[-73.602899,45.644335],[-73.602771,45.644353],[-73.602514,45.644497],[-73.60245,45.644515],[-73.602309,45.644524],[-73.602001,45.644525],[-73.601937,45.64457],[-73.601873,45.644579],[-73.60186,45.644534],[-73.601911,45.644444],[-73.601911,45.644399],[-73.601873,45.644354],[-73.60168,45.644327],[-73.601616,45.6443],[-73.601564,45.644255],[-73.6015,45.644264],[-73.601475,45.644309],[-73.601411,45.644318],[-73.601359,45.644273],[-73.601359,45.644228],[-73.601295,45.64421],[-73.601193,45.6443],[-73.601193,45.644345],[-73.601257,45.644381],[-73.601321,45.644381],[-73.601385,45.644417],[-73.601411,45.644462],[-73.601398,45.644507],[-73.601385,45.644552],[-73.601334,45.644597],[-73.601129,45.644615],[-73.60077,45.644616],[-73.600706,45.644571],[-73.600693,45.644481],[-73.600744,45.644436],[-73.601077,45.644264],[-73.601256,45.644138],[-73.601385,45.64412],[-73.601513,45.644066],[-73.601538,45.644021],[-73.601538,45.643931],[-73.601666,45.643859],[-73.601731,45.643841],[-73.601743,45.643886],[-73.601807,45.643877],[-73.601961,45.643697],[-73.601897,45.643607],[-73.602025,45.643562],[-73.602076,45.643517],[-73.602141,45.643535],[-73.602205,45.643508],[-73.602358,45.643373],[-73.60232,45.643327],[-73.602345,45.643283],[-73.602538,45.643228],[-73.602858,45.643039],[-73.602922,45.643039],[-73.602986,45.643048],[-73.603012,45.643093],[-73.602987,45.643192],[-73.602923,45.643228],[-73.602858,45.643237],[-73.602807,45.643282],[-73.602782,45.643372],[-73.602846,45.643417],[-73.602974,45.643381],[-73.603012,45.643336],[-73.603141,45.643417],[-73.603205,45.643417],[-73.603269,45.643381],[-73.603423,45.643246],[-73.603448,45.643201],[-73.603384,45.643165],[-73.603256,45.643192],[-73.603217,45.643147],[-73.603153,45.64312],[-73.603192,45.643075],[-73.603256,45.643048],[-73.603384,45.643039],[-73.603512,45.64303],[-73.603641,45.643065],[-73.603769,45.643056],[-73.603961,45.642948],[-73.604051,45.642858],[-73.604115,45.642831],[-73.604243,45.642822],[-73.604307,45.642795],[-73.604333,45.64275],[-73.604358,45.642705],[-73.604332,45.642525],[-73.604204,45.642444],[-73.604165,45.642354],[-73.604191,45.642309],[-73.604332,45.642255],[-73.604499,45.642219],[-73.604755,45.642192],[-73.604883,45.642128],[-73.604947,45.642119],[-73.605011,45.642137],[-73.605204,45.642128],[-73.60546,45.642047],[-73.605524,45.64202],[-73.605653,45.641966],[-73.605781,45.641993],[-73.606038,45.642082],[-73.60623,45.642091],[-73.606294,45.642118],[-73.60641,45.642208],[-73.606449,45.642262],[-73.606718,45.642343],[-73.606795,45.64237],[-73.606962,45.642405],[-73.607026,45.642369],[-73.60709,45.642369],[-73.607154,45.642324],[-73.607141,45.642234],[-73.60709,45.642171],[-73.607077,45.642144],[-73.607089,45.642054],[-73.606999,45.641964],[-73.606743,45.641857],[-73.606602,45.641839],[-73.606473,45.641848],[-73.606345,45.641794],[-73.606281,45.641785],[-73.606152,45.641731],[-73.606409,45.641659],[-73.606742,45.641668],[-73.606999,45.64173],[-73.607192,45.641739],[-73.607256,45.641721],[-73.607448,45.641595],[-73.607435,45.641361],[-73.607511,45.641271],[-73.607498,45.641226],[-73.607421,45.641136],[-73.607357,45.641118],[-73.607293,45.641136],[-73.607165,45.641127],[-73.607152,45.641082],[-73.60719,45.641037],[-73.606998,45.64093],[-73.606856,45.640921],[-73.606728,45.640975],[-73.6066,45.641029],[-73.606279,45.641038],[-73.606087,45.641119],[-73.605882,45.641111],[-73.605754,45.641165],[-73.605625,45.641192],[-73.605241,45.641363],[-73.605049,45.64139],[-73.60492,45.641462],[-73.604856,45.641472],[-73.604818,45.641427],[-73.604792,45.641382],[-73.604805,45.641337],[-73.60492,45.641247],[-73.605048,45.641201],[-73.605087,45.641147],[-73.605138,45.641111],[-73.605394,45.640994],[-73.605586,45.640868],[-73.606099,45.640652],[-73.606253,45.640606],[-73.606291,45.640597],[-73.606548,45.64048],[-73.606637,45.640435],[-73.606868,45.640336],[-73.607253,45.640228],[-73.607509,45.640128],[-73.607586,45.640101],[-73.607778,45.640074],[-73.607907,45.640038],[-73.607958,45.640038],[-73.608099,45.640047],[-73.608304,45.640101],[-73.60851,45.640154],[-73.608702,45.640235],[-73.6091,45.640307],[-73.609229,45.64037],[-73.609229,45.640415],[-73.609152,45.640514],[-73.609126,45.640577],[-73.609101,45.640622],[-73.609024,45.640721],[-73.608922,45.640955],[-73.608781,45.64109],[-73.608653,45.641171],[-73.608602,45.641261],[-73.608538,45.641396],[-73.608474,45.64145],[-73.608358,45.641468],[-73.608153,45.641495],[-73.608025,45.641541],[-73.607846,45.641721],[-73.607807,45.641766],[-73.607615,45.641847],[-73.607551,45.641883],[-73.607487,45.641973],[-73.607487,45.642207],[-73.607423,45.642252],[-73.607398,45.642297],[-73.607411,45.642342],[-73.607296,45.642477],[-73.607142,45.642936],[-73.607104,45.642945],[-73.607078,45.642936],[-73.607014,45.6429],[-73.60695,45.642882],[-73.606822,45.642919],[-73.606758,45.642909],[-73.606693,45.642928],[-73.606591,45.643018],[-73.60645,45.643063],[-73.606322,45.643126],[-73.606219,45.643216],[-73.606168,45.643306],[-73.606091,45.643396],[-73.606002,45.643594],[-73.605848,45.64372],[-73.605733,45.643855],[-73.605541,45.643954],[-73.6054,45.644027],[-73.605336,45.644036],[-73.60522,45.64409],[-73.605118,45.644189],[-73.604657,45.644549],[-73.6044,45.644675],[-73.604144,45.644765],[-73.604093,45.644811],[-73.60408,45.644856],[-73.604055,45.644901],[-73.603875,45.645027],[-73.603811,45.645072],[-73.603491,45.645279],[-73.603337,45.64536],[-73.603222,45.64545],[-73.603158,45.645468],[-73.602978,45.645594],[-73.602888,45.645694],[-73.602799,45.645748],[-73.602645,45.64582],[-73.602517,45.645802],[-73.602465,45.645766],[-73.602517,45.645712],[-73.602696,45.645586],[-73.602786,45.645496],[-73.602978,45.645379],[-73.603042,45.645361],[-73.603093,45.645333],[-73.603144,45.645306],[-73.60317,45.645288],[-73.60326,45.645243],[-73.603311,45.645216],[-73.603337,45.645189],[-73.603388,45.645153],[-73.603452,45.645099],[-73.603503,45.645054],[-73.603567,45.645],[-73.603644,45.644937],[-73.603708,45.644865],[-73.603772,45.64482],[-73.603887,45.644676],[-73.604041,45.644541],[-73.604079,45.644451],[-73.604207,45.644406],[-73.604284,45.644316],[-73.604413,45.644243],[-73.604579,45.644009],[-73.604758,45.643829],[-73.604732,45.643739],[-73.604745,45.643694],[-73.604796,45.643649],[-73.604835,45.643559],[-73.604796,45.643514],[-73.604539,45.643407],[-73.604347,45.643299],[-73.604283,45.64329],[-73.604218,45.643308],[-73.604103,45.643389],[-73.604039,45.643398]]],[[[-73.586647,45.621744],[-73.588217,45.620661],[-73.590097,45.619376],[-73.59205,45.618048],[-73.593844,45.616845],[-73.59482,45.616179],[-73.595158,45.615948],[-73.595407,45.615787],[-73.595577,45.615678],[-73.595996,45.615408],[-73.596673,45.614971],[-73.597345,45.61459],[-73.598194,45.614142],[-73.598452,45.614015],[-73.598623,45.613939],[-73.598966,45.613765],[-73.599101,45.613705],[-73.599651,45.613462],[-73.600013,45.613318],[-73.600382,45.613197],[-73.600858,45.61306],[-73.601176,45.612991],[-73.60175,45.61289],[-73.602568,45.612786],[-73.602663,45.612875],[-73.602856,45.613118],[-73.60292,45.6132],[-73.605141,45.616242],[-73.605641,45.61671],[-73.606364,45.617375],[-73.607526,45.618497],[-73.609131,45.620038],[-73.609216,45.620126],[-73.612755,45.623194],[-73.616295,45.626332],[-73.616412,45.626436],[-73.61684,45.626761],[-73.619728,45.62894],[-73.620589,45.629768],[-73.620663,45.629877],[-73.620649,45.629893],[-73.620277,45.630245],[-73.620188,45.630335],[-73.620188,45.63038],[-73.620239,45.630479],[-73.620214,45.630524],[-73.620021,45.630578],[-73.619714,45.630776],[-73.619522,45.630875],[-73.619407,45.630965],[-73.619343,45.631118],[-73.619266,45.631235],[-73.619253,45.631298],[-73.619138,45.631398],[-73.618997,45.631443],[-73.617741,45.631786],[-73.617677,45.631795],[-73.617613,45.631804],[-73.617446,45.631759],[-73.617061,45.631724],[-73.616753,45.631724],[-73.616433,45.631778],[-73.616215,45.631859],[-73.616151,45.631905],[-73.616074,45.631995],[-73.615664,45.632193],[-73.615485,45.632328],[-73.615062,45.632509],[-73.614934,45.632545],[-73.614868,45.63254],[-73.614818,45.632536],[-73.61469,45.632563],[-73.61468,45.632571],[-73.614575,45.632653],[-73.614549,45.632698],[-73.614434,45.632878],[-73.614229,45.63295],[-73.61396,45.632987],[-73.613704,45.63314],[-73.613319,45.633329],[-73.612845,45.633528],[-73.612525,45.633681],[-73.612371,45.633735],[-73.612281,45.633771],[-73.612089,45.633852],[-73.611948,45.633978],[-73.611897,45.633942],[-73.61141,45.634294],[-73.611474,45.634348],[-73.610872,45.634699],[-73.610834,45.634789],[-73.610847,45.634933],[-73.610898,45.634978],[-73.611091,45.635086],[-73.611168,45.635176],[-73.611168,45.635221],[-73.611079,45.635293],[-73.611014,45.635338],[-73.61095,45.635365],[-73.610873,45.635347],[-73.610616,45.635122],[-73.610552,45.635095],[-73.610296,45.635159],[-73.610168,45.635222],[-73.610027,45.635303],[-73.609912,45.635411],[-73.609835,45.635546],[-73.609643,45.635636],[-73.609476,45.635771],[-73.609399,45.635861],[-73.609207,45.63597],[-73.60913,45.635997],[-73.608874,45.636168],[-73.608823,45.636222],[-73.608746,45.636258],[-73.608579,45.636411],[-73.608503,45.636456],[-73.608336,45.6366],[-73.607888,45.636898],[-73.60767,45.637078],[-73.607529,45.637321],[-73.607427,45.637411],[-73.607363,45.637429],[-73.607235,45.63742],[-73.606914,45.637573],[-73.606722,45.637637],[-73.606658,45.637673],[-73.606571,45.637756],[-73.606517,45.637808],[-73.606235,45.637952],[-73.605992,45.638096],[-73.605902,45.638033],[-73.605825,45.638087],[-73.605415,45.638421],[-73.604838,45.638754],[-73.604429,45.639096],[-73.604224,45.639196],[-73.604172,45.639313],[-73.604006,45.639421],[-73.603967,45.639421],[-73.603711,45.639628],[-73.603583,45.639772],[-73.603276,45.639988],[-73.602904,45.640187],[-73.602712,45.640295],[-73.602533,45.640421],[-73.602263,45.640538],[-73.602058,45.640655],[-73.601956,45.640754],[-73.6017,45.640935],[-73.601456,45.641133],[-73.601008,45.641439],[-73.60088,45.641484],[-73.600764,45.641565],[-73.600649,45.641709],[-73.600624,45.641763],[-73.600598,45.641808],[-73.600572,45.641835],[-73.600342,45.642078],[-73.600201,45.642223],[-73.600137,45.642331],[-73.599907,45.64252],[-73.599689,45.64261],[-73.599509,45.642727],[-73.59942,45.642817],[-73.599356,45.642988],[-73.599202,45.643231],[-73.599131,45.643314],[-73.599125,45.643321],[-73.59901,45.643411],[-73.598985,45.643456],[-73.598511,45.643925],[-73.598203,45.644141],[-73.598152,45.644186],[-73.598037,45.644321],[-73.597832,45.644429],[-73.597691,45.644528],[-73.597345,45.644754],[-73.596935,45.644979],[-73.596819,45.645069],[-73.596691,45.645141],[-73.596473,45.645339],[-73.596397,45.645366],[-73.59632,45.645357],[-73.596268,45.645402],[-73.596294,45.645465],[-73.596269,45.645492],[-73.596204,45.645546],[-73.59614,45.645583],[-73.596076,45.645609],[-73.595922,45.645646],[-73.59582,45.645727],[-73.595756,45.645772],[-73.595717,45.64579],[-73.595563,45.645862],[-73.595474,45.645952],[-73.595359,45.646159],[-73.595346,45.646213],[-73.595346,45.64633],[-73.595308,45.646402],[-73.595256,45.646465],[-73.595193,45.64651],[-73.594923,45.646627],[-73.594757,45.646654],[-73.594551,45.646663],[-73.594346,45.646727],[-73.59418,45.646844],[-73.593987,45.646943],[-73.593821,45.647123],[-73.593705,45.647213],[-73.593642,45.647258],[-73.5935,45.647258],[-73.593449,45.647303],[-73.593372,45.647393],[-73.593206,45.647528],[-73.593103,45.647673],[-73.593039,45.647727],[-73.592872,45.64779],[-73.592834,45.647808],[-73.592783,45.647835],[-73.592693,45.647898],[-73.592527,45.648033],[-73.592322,45.64833],[-73.592258,45.648375],[-73.592129,45.64842],[-73.592053,45.648456],[-73.591681,45.648528],[-73.591617,45.648591],[-73.591578,45.648637],[-73.59145,45.648691],[-73.591283,45.648808],[-73.591322,45.648853],[-73.591283,45.64888],[-73.591142,45.648988],[-73.590873,45.649195],[-73.590464,45.649645],[-73.590387,45.649726],[-73.590323,45.649753],[-73.590284,45.649744],[-73.590194,45.649727],[-73.59013,45.649727],[-73.59004,45.649736],[-73.589887,45.649853],[-73.58981,45.649961],[-73.58972,45.650024],[-73.58963,45.650096],[-73.589566,45.650195],[-73.589566,45.65024],[-73.589567,45.650285],[-73.589451,45.650366],[-73.588695,45.650708],[-73.588631,45.650727],[-73.588579,45.650789],[-73.58799,45.65106],[-73.587913,45.651105],[-73.587772,45.651177],[-73.587515,45.651366],[-73.587272,45.651591],[-73.587144,45.651663],[-73.587092,45.651627],[-73.587118,45.65169],[-73.586951,45.651763],[-73.586657,45.651916],[-73.58649,45.651979],[-73.586285,45.652078],[-73.58617,45.652168],[-73.586028,45.65224],[-73.585785,45.652321],[-73.585528,45.652438],[-73.585169,45.652565],[-73.58508,45.652601],[-73.584951,45.6527],[-73.584733,45.652808],[-73.584631,45.652862],[-73.584336,45.653033],[-73.584195,45.653123],[-73.583939,45.65334],[-73.583669,45.653493],[-73.583608,45.653521],[-73.583554,45.653547],[-73.583285,45.653673],[-73.583208,45.653736],[-73.583131,45.653808],[-73.582913,45.654069],[-73.582862,45.654141],[-73.582708,45.654276],[-73.582606,45.654348],[-73.582465,45.654447],[-73.582375,45.654555],[-73.58208,45.654834],[-73.581978,45.654925],[-73.581875,45.65497],[-73.58158,45.655123],[-73.581452,45.655204],[-73.581273,45.655276],[-73.580849,45.65533],[-73.580644,45.655375],[-73.580554,45.655394],[-73.580375,45.655394],[-73.580157,45.655529],[-73.580157,45.655619],[-73.58008,45.655709],[-73.579952,45.655745],[-73.579901,45.65579],[-73.579721,45.655907],[-73.57958,45.655907],[-73.57949,45.655997],[-73.579413,45.656024],[-73.579323,45.656033],[-73.579234,45.656015],[-73.579169,45.65597],[-73.579067,45.655952],[-73.578836,45.656097],[-73.578041,45.656529],[-73.577746,45.656664],[-73.577669,45.656673],[-73.577502,45.656826],[-73.577438,45.656871],[-73.577105,45.657025],[-73.577054,45.65707],[-73.576913,45.657313],[-73.576849,45.657349],[-73.576772,45.657367],[-73.576605,45.657358],[-73.576451,45.657358],[-73.576246,45.657529],[-73.576169,45.657574],[-73.576131,45.657628],[-73.575913,45.657781],[-73.575861,45.657988],[-73.575708,45.658078],[-73.57522,45.658349],[-73.574823,45.65861],[-73.574644,45.6587],[-73.574464,45.658826],[-73.574297,45.658925],[-73.573926,45.659204],[-73.57381,45.659303],[-73.57358,45.659582],[-73.573567,45.659618],[-73.573529,45.659708],[-73.573452,45.659826],[-73.573439,45.660032],[-73.573337,45.660365],[-73.573299,45.660419],[-73.573106,45.660582],[-73.572696,45.660726],[-73.572208,45.660807],[-73.571567,45.660825],[-73.571438,45.660807],[-73.571387,45.660862],[-73.571323,45.660889],[-73.57122,45.660889],[-73.571143,45.660889],[-73.571028,45.660889],[-73.570861,45.660952],[-73.570514,45.660943],[-73.570117,45.660952],[-73.57004,45.660952],[-73.56995,45.66097],[-73.569834,45.660997],[-73.569501,45.660998],[-73.569193,45.661097],[-73.569077,45.661124],[-73.568757,45.661142],[-73.568693,45.661124],[-73.568641,45.661079],[-73.568577,45.661088],[-73.5685,45.661124],[-73.568307,45.661151],[-73.567935,45.661143],[-73.567589,45.661269],[-73.567448,45.661269],[-73.567371,45.661251],[-73.56723,45.661197],[-73.567153,45.661188],[-73.567076,45.661206],[-73.566883,45.661287],[-73.566729,45.661323],[-73.566627,45.661413],[-73.566255,45.661602],[-73.566165,45.661666],[-73.565999,45.66181],[-73.565806,45.661909],[-73.565678,45.661981],[-73.565485,45.662053],[-73.565293,45.662125],[-73.565229,45.662134],[-73.565036,45.662242],[-73.564921,45.662278],[-73.564857,45.662323],[-73.564523,45.662449],[-73.564305,45.662476],[-73.564241,45.662512],[-73.564164,45.662603],[-73.563869,45.662792],[-73.56351,45.663053],[-73.563267,45.663206],[-73.563087,45.663278],[-73.562869,45.663404],[-73.562715,45.663458],[-73.562446,45.663611],[-73.562292,45.663656],[-73.562164,45.663737],[-73.562022,45.663755],[-73.561689,45.663909],[-73.561625,45.663936],[-73.561458,45.664116],[-73.561394,45.664143],[-73.56133,45.664134],[-73.561202,45.664179],[-73.561137,45.664161],[-73.561073,45.66417],[-73.560868,45.664305],[-73.560804,45.664368],[-73.560595,45.66453],[-73.560432,45.664656],[-73.560099,45.664809],[-73.559457,45.665142],[-73.559162,45.665323],[-73.55888,45.665467],[-73.5587,45.66553],[-73.55847,45.665539],[-73.558277,45.665602],[-73.558033,45.665728],[-73.557662,45.665989],[-73.557187,45.666304],[-73.557033,45.666377],[-73.556584,45.666566],[-73.556353,45.666692],[-73.556302,45.666746],[-73.556084,45.666863],[-73.555686,45.667106],[-73.555353,45.667385],[-73.555225,45.667565],[-73.554648,45.668033],[-73.554596,45.668105],[-73.554404,45.668276],[-73.554199,45.668393],[-73.554058,45.668502],[-73.553865,45.668619],[-73.553852,45.668664],[-73.553545,45.668907],[-73.553404,45.669051],[-73.553173,45.669249],[-73.553109,45.669285],[-73.553083,45.669339],[-73.553045,45.669393],[-73.55298,45.669429],[-73.552852,45.669528],[-73.552698,45.669771],[-73.552519,45.669942],[-73.552134,45.670131],[-73.551441,45.670446],[-73.550671,45.670717],[-73.550492,45.670789],[-73.550107,45.670789],[-73.549914,45.670807],[-73.549722,45.670798],[-73.549465,45.67078],[-73.548952,45.670654],[-73.548759,45.670663],[-73.548464,45.670681],[-73.548143,45.670682],[-73.547899,45.670727],[-73.547578,45.670763],[-73.547283,45.670772],[-73.546436,45.670916],[-73.546359,45.670916],[-73.546282,45.670934],[-73.545961,45.670998],[-73.54573,45.67107],[-73.545487,45.671106],[-73.54523,45.671223],[-73.545063,45.671358],[-73.544614,45.671592],[-73.544293,45.671799],[-73.543883,45.672033],[-73.543626,45.672204],[-73.543306,45.672366],[-73.542933,45.672618],[-73.54251,45.672816],[-73.542305,45.672952],[-73.542177,45.673042],[-73.541997,45.673168],[-73.541715,45.67333],[-73.541625,45.673366],[-73.541291,45.673573],[-73.541022,45.673744],[-73.540791,45.673924],[-73.540522,45.674041],[-73.540342,45.674176],[-73.540214,45.674257],[-73.539919,45.674383],[-73.539649,45.674572],[-73.539521,45.674644],[-73.539303,45.674734],[-73.539174,45.674788],[-73.538405,45.675328],[-73.538328,45.675365],[-73.538263,45.6754],[-73.53784,45.675581],[-73.537506,45.675851],[-73.537224,45.676013],[-73.536852,45.676247],[-73.536621,45.676346],[-73.536493,45.676427],[-73.536223,45.676697],[-73.536159,45.676787],[-73.536005,45.676922],[-73.535954,45.677129],[-73.535685,45.677444],[-73.535518,45.677579],[-73.535184,45.677966],[-73.535082,45.678173],[-73.535095,45.678218],[-73.535095,45.678263],[-73.534877,45.678578],[-73.534697,45.678758],[-73.53462,45.678866],[-73.534569,45.67892],[-73.534518,45.679037],[-73.534415,45.67919],[-73.534377,45.679379],[-73.534351,45.679424],[-73.534197,45.679568],[-73.534133,45.679676],[-73.53403,45.67991],[-73.534043,45.680063],[-73.533966,45.680153],[-73.533902,45.680162],[-73.533838,45.680207],[-73.533646,45.680378],[-73.533376,45.680729],[-73.533299,45.680837],[-73.533209,45.681017],[-73.533081,45.68117],[-73.532722,45.681449],[-73.532311,45.681809],[-73.532157,45.681944],[-73.532132,45.681989],[-73.531991,45.682124],[-73.531477,45.682493],[-73.531298,45.682637],[-73.531067,45.682934],[-73.530733,45.683204],[-73.530669,45.683258],[-73.530631,45.683321],[-73.530181,45.683609],[-73.529771,45.68378],[-73.529386,45.683987],[-73.529078,45.684329],[-73.528898,45.684473],[-73.528705,45.684554],[-73.528577,45.684635],[-73.528321,45.684968],[-73.528128,45.685175],[-73.527859,45.685517],[-73.527718,45.685778],[-73.5275,45.686084],[-73.527217,45.68666],[-73.527192,45.686768],[-73.527179,45.687029],[-73.527141,45.687209],[-73.527051,45.687398],[-73.526833,45.687605],[-73.526537,45.687938],[-73.526191,45.688343],[-73.526037,45.68855],[-73.52578,45.68882],[-73.525678,45.688964],[-73.525241,45.689432],[-73.524934,45.689846],[-73.524805,45.689963],[-73.524741,45.690026],[-73.524305,45.690548],[-73.524035,45.690791],[-73.523907,45.690935],[-73.523586,45.691241],[-73.523509,45.691385],[-73.523316,45.691592],[-73.523124,45.691844],[-73.522816,45.692213],[-73.52279,45.692276],[-73.522739,45.69242],[-73.522726,45.692528],[-73.522701,45.692573],[-73.522701,45.692663],[-73.522547,45.692996],[-73.522406,45.693194],[-73.52229,45.693473],[-73.522251,45.693518],[-73.522213,45.693635],[-73.522226,45.693788],[-73.522175,45.693878],[-73.521918,45.693968],[-73.521674,45.694157],[-73.521405,45.694355],[-73.521084,45.694625],[-73.520775,45.694832],[-73.520634,45.694967],[-73.519299,45.695786],[-73.517592,45.696605],[-73.517566,45.696641],[-73.517194,45.696722],[-73.517104,45.696776],[-73.516975,45.696866],[-73.516834,45.696893],[-73.516706,45.696938],[-73.516051,45.697064],[-73.515922,45.697118],[-73.515666,45.697154],[-73.515537,45.69719],[-73.514189,45.697514],[-73.513483,45.697784],[-73.513175,45.697875],[-73.512944,45.697973],[-73.5127,45.698091],[-73.512109,45.698163],[-73.511737,45.698289],[-73.511339,45.698369],[-73.510735,45.69855],[-73.51053,45.698595],[-73.510427,45.69864],[-73.510286,45.69873],[-73.509888,45.698838],[-73.509618,45.698874],[-73.509425,45.698955],[-73.50931,45.699036],[-73.509156,45.699099],[-73.508964,45.699143],[-73.508963,45.699144],[-73.508848,45.69918],[-73.508786,45.699171],[-73.508783,45.699171],[-73.508488,45.699144],[-73.508308,45.699144],[-73.50782,45.699207],[-73.507551,45.699261],[-73.50714,45.69936],[-73.5066,45.699549],[-73.506395,45.699603],[-73.505958,45.699603],[-73.505676,45.699648],[-73.505381,45.699657],[-73.505149,45.699684],[-73.504816,45.699711],[-73.504007,45.699711],[-73.503763,45.699684],[-73.503069,45.699567],[-73.502902,45.699522],[-73.502684,45.699504],[-73.502568,45.699486],[-73.502401,45.699423],[-73.50235,45.699369],[-73.50235,45.699315],[-73.502709,45.698919],[-73.502953,45.698838],[-73.503185,45.698838],[-73.503557,45.698685],[-73.50366,45.698613],[-73.503685,45.698577],[-73.503647,45.698559],[-73.503608,45.698568],[-73.503544,45.698622],[-73.503287,45.698703],[-73.502928,45.698721],[-73.502851,45.698703],[-73.502774,45.698649],[-73.502735,45.698568],[-73.502697,45.698451],[-73.502658,45.698379],[-73.50226,45.697758],[-73.502209,45.697461],[-73.502209,45.69738],[-73.502209,45.69729],[-73.502196,45.6972],[-73.502183,45.697146],[-73.502286,45.697164],[-73.502427,45.697209],[-73.50253,45.697263],[-73.502555,45.697335],[-73.502748,45.697353],[-73.502748,45.697299],[-73.502671,45.697218],[-73.50235,45.697065],[-73.501939,45.696984],[-73.501605,45.696876],[-73.501104,45.696877],[-73.50095,45.696877],[-73.500424,45.696921],[-73.500295,45.696966],[-73.5,45.697002],[-73.499923,45.697011],[-73.499679,45.697101],[-73.499435,45.697119],[-73.499204,45.697173],[-73.499011,45.697146],[-73.498703,45.697227],[-73.498523,45.697353],[-73.498074,45.697515],[-73.497817,45.697605],[-73.497586,45.69765],[-73.497265,45.697722],[-73.497072,45.697767],[-73.49652,45.697974],[-73.496366,45.698064],[-73.496173,45.6981],[-73.495904,45.698127],[-73.495454,45.698109],[-73.495287,45.698136],[-73.494915,45.698325],[-73.494697,45.698478],[-73.494376,45.698604],[-73.493913,45.698586],[-73.493669,45.698739],[-73.49349,45.698793],[-73.493323,45.698865],[-73.492937,45.699099],[-73.492693,45.699117],[-73.492462,45.699189],[-73.492077,45.699342],[-73.491884,45.699387],[-73.491743,45.699441],[-73.491473,45.699549],[-73.491383,45.699576],[-73.490998,45.699719],[-73.490651,45.699827],[-73.490369,45.699917],[-73.490074,45.700016],[-73.489753,45.700124],[-73.489457,45.700214],[-73.489085,45.700304],[-73.488854,45.700412],[-73.488712,45.700457],[-73.488584,45.700511],[-73.488121,45.700799],[-73.488044,45.700817],[-73.487248,45.700817],[-73.487158,45.700835],[-73.486786,45.700862],[-73.486504,45.700943],[-73.486221,45.700997],[-73.48599,45.70106],[-73.485758,45.701204],[-73.485515,45.701312],[-73.485463,45.701312],[-73.485104,45.701203],[-73.484834,45.701212],[-73.484577,45.701312],[-73.484346,45.701482],[-73.484115,45.701491],[-73.483909,45.701536],[-73.483704,45.701554],[-73.483601,45.701635],[-73.483524,45.701671],[-73.483516,45.701674],[-73.483447,45.701698],[-73.48337,45.701698],[-73.483216,45.701662],[-73.482933,45.701617],[-73.482664,45.701653],[-73.48224,45.701707],[-73.481919,45.701725],[-73.481649,45.701734],[-73.481187,45.701878],[-73.480776,45.701959],[-73.48066,45.702067],[-73.480313,45.702193],[-73.479812,45.702382],[-73.479684,45.702454],[-73.479427,45.702453],[-73.479145,45.702426],[-73.478785,45.70239],[-73.478464,45.702489],[-73.478194,45.702624],[-73.478053,45.702723],[-73.477835,45.702786],[-73.47709,45.702858],[-73.477128,45.702669],[-73.477231,45.702561],[-73.477462,45.702084],[-73.477591,45.702084],[-73.477681,45.701985],[-73.477848,45.701814],[-73.477874,45.701715],[-73.477912,45.701562],[-73.477938,45.701463],[-73.477977,45.701355],[-73.478066,45.701256],[-73.478156,45.701104],[-73.478246,45.701013],[-73.478195,45.70095],[-73.478105,45.701005],[-73.478041,45.701067],[-73.477835,45.701391],[-73.477655,45.70176],[-73.477565,45.701814],[-73.477488,45.701715],[-73.477475,45.701589],[-73.477514,45.701445],[-73.47763,45.701319],[-73.477797,45.701148],[-73.477964,45.700869],[-73.477977,45.700771],[-73.478529,45.70051],[-73.478606,45.700285],[-73.478619,45.700177],[-73.478619,45.700123],[-73.478581,45.700069],[-73.478619,45.699907],[-73.478619,45.699727],[-73.478709,45.699376],[-73.478876,45.699367],[-73.478722,45.699241],[-73.478709,45.699205],[-73.478761,45.699097],[-73.478851,45.698989],[-73.47894,45.698971],[-73.478952,45.698956],[-73.479005,45.69889],[-73.479043,45.698737],[-73.479185,45.698719],[-73.479262,45.698557],[-73.479287,45.698485],[-73.479326,45.698377],[-73.479352,45.698296],[-73.479609,45.697873],[-73.479737,45.697739],[-73.479776,45.697594],[-73.47984,45.697351],[-73.47984,45.697289],[-73.479904,45.697109],[-73.479981,45.697001],[-73.480058,45.696965],[-73.48011,45.696902],[-73.480161,45.696893],[-73.480161,45.69674],[-73.480097,45.696722],[-73.48011,45.696578],[-73.480187,45.696578],[-73.480187,45.696443],[-73.480238,45.69629],[-73.480316,45.695984],[-73.48038,45.695876],[-73.480495,45.695642],[-73.480483,45.695489],[-73.480483,45.695237],[-73.480483,45.695183],[-73.480521,45.694958],[-73.480663,45.694688],[-73.480855,45.694508],[-73.48083,45.694382],[-73.480958,45.694211],[-73.481035,45.694067],[-73.481151,45.693699],[-73.481318,45.693384],[-73.481485,45.693141],[-73.481626,45.692979],[-73.481806,45.692763],[-73.48187,45.692619],[-73.482012,45.692439],[-73.482394,45.692177],[-73.48259,45.692043],[-73.482679,45.691935],[-73.482885,45.691764],[-73.483078,45.691458],[-73.483103,45.691314],[-73.483155,45.69126],[-73.483463,45.691143],[-73.483578,45.691035],[-73.483797,45.690865],[-73.483887,45.690694],[-73.484054,45.690532],[-73.484118,45.690433],[-73.484246,45.690325],[-73.484323,45.690289],[-73.484619,45.689983],[-73.484811,45.689821],[-73.485017,45.689587],[-73.485145,45.689506],[-73.485364,45.689353],[-73.485633,45.689074],[-73.48571,45.68902],[-73.485736,45.688903],[-73.485621,45.688786],[-73.485492,45.688732],[-73.485467,45.688678],[-73.485466,45.688651],[-73.485556,45.688633],[-73.48571,45.68857],[-73.485967,45.688543],[-73.486134,45.688408],[-73.486224,45.688345],[-73.48629,45.688292],[-73.486301,45.688282],[-73.486519,45.688291],[-73.486673,45.688345],[-73.487174,45.687941],[-73.487341,45.687797],[-73.487701,45.687518],[-73.487701,45.68741],[-73.487791,45.687266],[-73.48797,45.687086],[-73.487983,45.686942],[-73.488099,45.68687],[-73.488266,45.68669],[-73.488317,45.686582],[-73.488446,45.686411],[-73.488561,45.686159],[-73.488613,45.68606],[-73.488702,45.685709],[-73.488818,45.685529],[-73.488908,45.68525],[-73.488998,45.685133],[-73.489088,45.684944],[-73.489139,45.684854],[-73.489203,45.684683],[-73.489216,45.684458],[-73.489229,45.684287],[-73.489357,45.684161],[-73.489422,45.683973],[-73.489434,45.68382],[-73.48946,45.683622],[-73.489512,45.683388],[-73.489576,45.683055],[-73.489627,45.682839],[-73.489705,45.682488],[-73.489718,45.682432],[-73.489743,45.682326],[-73.489769,45.682173],[-73.489871,45.682011],[-73.48991,45.681768],[-73.49,45.681624],[-73.490013,45.681264],[-73.490038,45.681147],[-73.49009,45.681075],[-73.490154,45.680904],[-73.490128,45.680167],[-73.490167,45.679843],[-73.49018,45.679573],[-73.490064,45.67915],[-73.49,45.679096],[-73.490004,45.679075],[-73.490065,45.678727],[-73.490065,45.678664],[-73.490129,45.678331],[-73.49009,45.67816],[-73.490116,45.678106],[-73.490296,45.677998],[-73.490283,45.677755],[-73.490322,45.677629],[-73.490463,45.677161],[-73.490488,45.676954],[-73.490604,45.676729],[-73.490707,45.67636],[-73.490784,45.676081],[-73.490758,45.675784],[-73.490656,45.67537],[-73.490668,45.675055],[-73.49072,45.674867],[-73.490977,45.674525],[-73.491054,45.674471],[-73.491054,45.674237],[-73.491067,45.674137],[-73.491092,45.67394],[-73.491195,45.673652],[-73.491195,45.673382],[-73.491233,45.672923],[-73.491298,45.672716],[-73.491375,45.67259],[-73.491413,45.672455],[-73.491349,45.672284],[-73.491336,45.672113],[-73.491362,45.671897],[-73.491439,45.671681],[-73.491388,45.671564],[-73.491324,45.67151],[-73.491298,45.671447],[-73.491247,45.671393],[-73.491234,45.671339],[-73.491195,45.671177],[-73.491375,45.670889],[-73.491375,45.670817],[-73.491478,45.670709],[-73.491452,45.670638],[-73.49135,45.670485],[-73.491273,45.670449],[-73.49126,45.670341],[-73.491285,45.670287],[-73.491289,45.67028],[-73.491362,45.670143],[-73.491427,45.669954],[-73.491504,45.669576],[-73.491375,45.669378],[-73.491362,45.669225],[-73.491401,45.66891],[-73.491401,45.668676],[-73.491414,45.668199],[-73.491414,45.668109],[-73.491388,45.66801],[-73.491401,45.667758],[-73.491453,45.667542],[-73.491465,45.667245],[-73.49135,45.667029],[-73.49135,45.666933],[-73.49135,45.666696],[-73.491427,45.666516],[-73.491568,45.666345],[-73.491671,45.666318],[-73.491748,45.666274],[-73.491889,45.666265],[-73.491966,45.666094],[-73.491902,45.665761],[-73.491953,45.665464],[-73.491864,45.665248],[-73.491851,45.665113],[-73.491684,45.664987],[-73.491581,45.664879],[-73.491504,45.664852],[-73.491427,45.664798],[-73.491338,45.66469],[-73.491261,45.664384],[-73.491261,45.664177],[-73.491363,45.663997],[-73.491376,45.663943],[-73.49144,45.663592],[-73.491325,45.663349],[-73.491299,45.663268],[-73.491283,45.663239],[-73.491248,45.663178],[-73.491145,45.663124],[-73.491145,45.663088],[-73.491235,45.663079],[-73.491209,45.662998],[-73.491068,45.662782],[-73.490914,45.662458],[-73.490645,45.662251],[-73.490555,45.6619],[-73.490478,45.66145],[-73.490427,45.661207],[-73.490298,45.66118],[-73.490196,45.660892],[-73.490273,45.660847],[-73.490222,45.660748],[-73.490209,45.660676],[-73.490183,45.660649],[-73.490209,45.660605],[-73.490068,45.660577],[-73.490068,45.660542],[-73.490094,45.660352],[-73.490286,45.660226],[-73.490414,45.660074],[-73.490325,45.659966],[-73.49026,45.65984],[-73.490196,45.659777],[-73.490145,45.65957],[-73.490017,45.659471],[-73.48976,45.659291],[-73.489632,45.659219],[-73.489478,45.65912],[-73.489324,45.659084],[-73.48917,45.659066],[-73.488952,45.659093],[-73.488875,45.659084],[-73.488862,45.65903],[-73.489054,45.658949],[-73.489144,45.658841],[-73.489144,45.658652],[-73.48918,45.658616],[-73.489234,45.658562],[-73.489298,45.658526],[-73.489414,45.658508],[-73.489555,45.658517],[-73.489811,45.658616],[-73.489683,45.658292],[-73.489606,45.658067],[-73.489568,45.657959],[-73.489465,45.657806],[-73.489234,45.657734],[-73.488978,45.65768],[-73.488888,45.657644],[-73.488682,45.657356],[-73.48867,45.657293],[-73.488657,45.657239],[-73.488734,45.657131],[-73.48876,45.656915],[-73.488721,45.656618],[-73.488619,45.656402],[-73.488554,45.65624],[-73.488593,45.655916],[-73.488734,45.65579],[-73.488747,45.65561],[-73.488529,45.655502],[-73.488472,45.655465],[-73.488311,45.655358],[-73.488118,45.655169],[-73.488119,45.654773],[-73.488016,45.654629],[-73.48799,45.654575],[-73.487952,45.654341],[-73.488016,45.654108],[-73.4879,45.653901],[-73.487759,45.65391],[-73.487695,45.653883],[-73.487503,45.653837],[-73.487426,45.653783],[-73.4874,45.653685],[-73.487362,45.653604],[-73.487375,45.653487],[-73.487413,45.653433],[-73.487516,45.653406],[-73.487426,45.653073],[-73.487349,45.652857],[-73.487195,45.652218],[-73.487142,45.651884],[-73.487093,45.65157],[-73.487054,45.651048],[-73.487041,45.650949],[-73.48699,45.65067],[-73.486926,45.650445],[-73.486913,45.650337],[-73.486862,45.650049],[-73.486798,45.649905],[-73.486734,45.649851],[-73.486657,45.649833],[-73.486606,45.649788],[-73.486554,45.649752],[-73.48649,45.649671],[-73.486464,45.64959],[-73.486465,45.649482],[-73.486452,45.649338],[-73.486439,45.649284],[-73.486426,45.649185],[-73.486554,45.649122],[-73.486593,45.649095],[-73.486696,45.649069],[-73.486824,45.649032],[-73.486952,45.649024],[-73.48708,45.649014],[-73.487196,45.649006],[-73.487205,45.648979],[-73.487234,45.648889],[-73.487222,45.648511],[-73.487209,45.647935],[-73.487209,45.647467],[-73.487286,45.647287],[-73.487363,45.646963],[-73.487415,45.646747],[-73.487543,45.646459],[-73.48762,45.646333],[-73.487735,45.646036],[-73.4878,45.645892],[-73.487851,45.645775],[-73.487954,45.645388],[-73.487943,45.645261],[-73.487928,45.645082],[-73.488056,45.645082],[-73.488121,45.644947],[-73.488172,45.644803],[-73.488262,45.644479],[-73.488146,45.644129],[-73.488134,45.643904],[-73.488159,45.643544],[-73.488159,45.643212],[-73.488159,45.643094],[-73.488249,45.642842],[-73.488172,45.642257],[-73.48816,45.642113],[-73.488096,45.64187],[-73.488108,45.641627],[-73.488096,45.641438],[-73.48807,45.641348],[-73.488032,45.641213],[-73.487672,45.640412],[-73.48766,45.640331],[-73.487634,45.640151],[-73.487308,45.639508],[-73.487301,45.639494],[-73.487211,45.639404],[-73.487249,45.639341],[-73.487275,45.639269],[-73.487378,45.63917],[-73.487429,45.639053],[-73.487442,45.639008],[-73.487416,45.638972],[-73.487121,45.638847],[-73.487173,45.638793],[-73.487557,45.638874],[-73.487686,45.638937],[-73.487814,45.638937],[-73.488006,45.638829],[-73.488148,45.638703],[-73.48825,45.638568],[-73.488417,45.638406],[-73.488545,45.638208],[-73.488674,45.638001],[-73.488827,45.637821],[-73.48902,45.637695],[-73.489302,45.637587],[-73.48952,45.637317],[-73.489713,45.637101],[-73.489867,45.636921],[-73.490021,45.63675],[-73.490021,45.63657],[-73.490085,45.63648],[-73.4902,45.636219],[-73.490322,45.636003],[-73.490418,45.635832],[-73.490457,45.635589],[-73.49056,45.635464],[-73.49088,45.63532],[-73.491009,45.635239],[-73.491381,45.634861],[-73.491432,45.634825],[-73.491637,45.634564],[-73.491701,45.634429],[-73.491688,45.634384],[-73.491624,45.634294],[-73.491522,45.634204],[-73.491458,45.634159],[-73.491329,45.634114],[-73.491214,45.634033],[-73.491086,45.633853],[-73.491086,45.633808],[-73.491201,45.633673],[-73.491265,45.633574],[-73.491406,45.633394],[-73.491496,45.633313],[-73.491612,45.633124],[-73.49174,45.633034],[-73.491881,45.632899],[-73.491921,45.632833],[-73.492009,45.632683],[-73.492061,45.632458],[-73.492138,45.632341],[-73.492163,45.632278],[-73.492125,45.632188],[-73.492176,45.632071],[-73.492215,45.632044],[-73.492343,45.631945],[-73.492292,45.631855],[-73.492048,45.631738],[-73.491894,45.631657],[-73.491766,45.631558],[-73.490648,45.632594],[-73.490522,45.63271],[-73.490368,45.632647],[-73.490462,45.632559],[-73.492289,45.630847],[-73.49251,45.630641],[-73.492561,45.630641],[-73.492651,45.630713],[-73.492651,45.630821],[-73.492728,45.630848],[-73.492766,45.63083],[-73.493164,45.630641],[-73.493356,45.630524],[-73.493497,45.630479],[-73.493754,45.630317],[-73.494087,45.630146],[-73.494241,45.630011],[-73.49437,45.629975],[-73.494434,45.629948],[-73.494831,45.629867],[-73.494896,45.629831],[-73.49505,45.629561],[-73.495075,45.629471],[-73.494755,45.629291],[-73.494819,45.629255],[-73.494947,45.629273],[-73.495229,45.629363],[-73.495268,45.629336],[-73.495383,45.629255],[-73.495439,45.629197],[-73.495601,45.62903],[-73.495614,45.628904],[-73.495524,45.62885],[-73.49546,45.628832],[-73.495268,45.628715],[-73.495139,45.628661],[-73.495075,45.628634],[-73.49505,45.628589],[-73.495114,45.628589],[-73.495293,45.628634],[-73.495421,45.628688],[-73.49555,45.628697],[-73.495614,45.628679],[-73.495742,45.628607],[-73.495768,45.628499],[-73.495819,45.628418],[-73.495857,45.628283],[-73.495819,45.628013],[-73.495896,45.627923],[-73.49596,45.627842],[-73.496268,45.627482],[-73.496255,45.62741],[-73.496165,45.62741],[-73.495845,45.627401],[-73.495704,45.627383],[-73.495537,45.627527],[-73.495498,45.627572],[-73.495486,45.627662],[-73.495434,45.627707],[-73.49537,45.627671],[-73.495357,45.627617],[-73.495229,45.627536],[-73.495165,45.627482],[-73.494908,45.627716],[-73.49478,45.627635],[-73.496602,45.62598],[-73.496755,45.626061],[-73.496973,45.625998],[-73.497243,45.625863],[-73.497551,45.625764],[-73.497499,45.625647],[-73.497521,45.625642],[-73.497897,45.625566],[-73.497948,45.625674],[-73.497897,45.625683],[-73.497935,45.625723],[-73.497948,45.625737],[-73.497982,45.625733],[-73.498025,45.625728],[-73.498192,45.625674],[-73.498282,45.625638],[-73.498538,45.625566],[-73.498653,45.625521],[-73.498795,45.62544],[-73.498884,45.625377],[-73.499064,45.625206],[-73.499141,45.625116],[-73.499179,45.625044],[-73.499218,45.624999],[-73.499333,45.6249],[-73.499551,45.624729],[-73.499641,45.624648],[-73.499692,45.624585],[-73.499718,45.624468],[-73.499718,45.624405],[-73.497397,45.6249],[-73.497345,45.624783],[-73.49982,45.62427],[-73.49982,45.624162],[-73.499795,45.624081],[-73.499833,45.624027],[-73.499859,45.624009],[-73.5,45.623919],[-73.50009,45.623856],[-73.500269,45.623748],[-73.500423,45.623649],[-73.500462,45.623604],[-73.500603,45.623487],[-73.500731,45.623361],[-73.500911,45.623145],[-73.500923,45.6231],[-73.500936,45.623055],[-73.501,45.622965],[-73.500834,45.622875],[-73.500744,45.622848],[-73.500667,45.622812],[-73.500513,45.622758],[-73.500449,45.622722],[-73.500372,45.622695],[-73.500308,45.62266],[-73.500205,45.622578],[-73.500115,45.622515],[-73.5,45.622435],[-73.499885,45.622336],[-73.49982,45.622255],[-73.499051,45.622965],[-73.498923,45.622893],[-73.5,45.621895],[-73.50177,45.620275],[-73.501872,45.620041],[-73.501949,45.619933],[-73.504295,45.616532],[-73.505349,45.613804],[-73.506449,45.610953],[-73.506628,45.610989],[-73.50659,45.611078],[-73.506564,45.61115],[-73.506782,45.611034],[-73.506846,45.611025],[-73.506898,45.610988],[-73.50691,45.610944],[-73.506911,45.61089],[-73.506975,45.610881],[-73.507039,45.610871],[-73.507103,45.610862],[-73.50718,45.610862],[-73.507244,45.610853],[-73.507385,45.610836],[-73.507436,45.610799],[-73.507423,45.610755],[-73.507415,45.61074],[-73.508048,45.610791],[-73.508655,45.610938],[-73.509329,45.611082],[-73.51043,45.611256],[-73.512057,45.611539],[-73.512232,45.61157],[-73.512355,45.611592],[-73.5125,45.611618],[-73.514381,45.611943],[-73.514457,45.611957],[-73.516531,45.612312],[-73.518645,45.61267],[-73.520799,45.612994],[-73.522884,45.613355],[-73.524959,45.613748],[-73.525102,45.613773],[-73.535437,45.615555],[-73.537244,45.615885],[-73.53638,45.619381],[-73.536174,45.620037],[-73.547057,45.625034],[-73.547194,45.625093],[-73.548003,45.625444],[-73.548177,45.62552],[-73.548333,45.625589],[-73.548508,45.625666],[-73.549947,45.626307],[-73.550043,45.626351],[-73.567593,45.634595],[-73.568256,45.63416],[-73.569885,45.633096],[-73.572608,45.631318],[-73.573545,45.630697],[-73.574476,45.630073],[-73.577038,45.628323],[-73.577174,45.628224],[-73.579063,45.626922],[-73.581436,45.625317],[-73.581574,45.625224],[-73.584122,45.623466],[-73.586647,45.621744]]],[[[-73.499512,45.69747],[-73.499371,45.697416],[-73.499332,45.697362],[-73.499409,45.697317],[-73.499692,45.697263],[-73.5,45.697155],[-73.500783,45.69702],[-73.501425,45.697011],[-73.501605,45.697038],[-73.501682,45.697074],[-73.501926,45.6972],[-73.502003,45.697272],[-73.502016,45.697416],[-73.502016,45.697497],[-73.502144,45.697785],[-73.502286,45.69819],[-73.502324,45.698271],[-73.50244,45.698388],[-73.50253,45.698604],[-73.502568,45.698748],[-73.502555,45.69882],[-73.502376,45.699036],[-73.502286,45.699189],[-73.502273,45.699243],[-73.502209,45.699297],[-73.502132,45.699315],[-73.501888,45.699297],[-73.501657,45.699261],[-73.501528,45.699225],[-73.501233,45.698784],[-73.501194,45.698613],[-73.501104,45.698361],[-73.501104,45.698091],[-73.501104,45.698037],[-73.501092,45.697983],[-73.500976,45.697821],[-73.500732,45.697632],[-73.500437,45.697515],[-73.500283,45.697497],[-73.5,45.697506],[-73.499859,45.697515],[-73.499666,45.697506],[-73.499512,45.69747]]],[[[-73.492269,45.703292],[-73.492243,45.703094],[-73.492192,45.702896],[-73.492166,45.702851],[-73.492231,45.702653],[-73.492295,45.702563],[-73.492333,45.702482],[-73.492796,45.702509],[-73.492886,45.702482],[-73.493361,45.70223],[-73.493502,45.702167],[-73.493823,45.702068],[-73.49399,45.701969],[-73.494504,45.701762],[-73.494709,45.701537],[-73.494825,45.701483],[-73.494966,45.701456],[-73.495043,45.701447],[-73.49512,45.701402],[-73.495518,45.701123],[-73.495749,45.700881],[-73.495865,45.700763],[-73.495942,45.700719],[-73.496019,45.700701],[-73.496096,45.700719],[-73.496186,45.700773],[-73.49625,45.700827],[-73.496135,45.700971],[-73.496135,45.701078],[-73.496212,45.701132],[-73.496302,45.701123],[-73.496353,45.701069],[-73.496456,45.700926],[-73.496584,45.700719],[-73.496674,45.700242],[-73.496867,45.700026],[-73.496969,45.699954],[-73.497085,45.699882],[-73.497316,45.699765],[-73.497599,45.699639],[-73.498125,45.699468],[-73.498497,45.699495],[-73.498626,45.699531],[-73.498896,45.699549],[-73.499281,45.699648],[-73.499474,45.699846],[-73.499743,45.699846],[-73.499923,45.699864],[-73.499962,45.699927],[-73.499949,45.70008],[-73.499897,45.700125],[-73.499756,45.700233],[-73.499705,45.700287],[-73.49964,45.70044],[-73.499602,45.700728],[-73.499602,45.700998],[-73.499756,45.701186],[-73.5,45.701349],[-73.500051,45.701429],[-73.500051,45.701492],[-73.5,45.701564],[-73.499949,45.701592],[-73.499358,45.701825],[-73.499229,45.701933],[-73.499204,45.701987],[-73.499191,45.702176],[-73.499165,45.702239],[-73.499088,45.702275],[-73.499037,45.702338],[-73.498099,45.702356],[-73.497843,45.702392],[-73.497637,45.702464],[-73.497432,45.702509],[-73.497265,45.702518],[-73.496956,45.702599],[-73.496276,45.702698],[-73.49607,45.702752],[-73.495621,45.702833],[-73.495069,45.702977],[-73.494696,45.703166],[-73.494427,45.703256],[-73.494041,45.703517],[-73.494028,45.703589],[-73.493849,45.703634],[-73.493784,45.703625],[-73.49345,45.70376],[-73.492821,45.703778],[-73.492795,45.703751],[-73.492693,45.703679],[-73.492654,45.703625],[-73.49259,45.703508],[-73.492423,45.70349],[-73.492333,45.703463],[-73.492192,45.703409],[-73.492218,45.703355],[-73.492269,45.703292]]],[[[-73.485105,45.645946],[-73.485016,45.646234],[-73.484964,45.646504],[-73.484887,45.646621],[-73.484656,45.64681],[-73.484592,45.6469],[-73.484451,45.647188],[-73.484284,45.647673],[-73.484271,45.648042],[-73.484181,45.648402],[-73.484143,45.648555],[-73.484104,45.64896],[-73.484001,45.649176],[-73.48404,45.649689],[-73.48404,45.649716],[-73.484052,45.649797],[-73.483988,45.649851],[-73.483911,45.649833],[-73.483847,45.649779],[-73.483693,45.649572],[-73.483603,45.649401],[-73.483565,45.649284],[-73.483552,45.648897],[-73.483578,45.648735],[-73.483617,45.648582],[-73.483668,45.648304],[-73.483732,45.647952],[-73.483925,45.647376],[-73.484002,45.647044],[-73.484105,45.646747],[-73.484271,45.646387],[-73.48431,45.646072],[-73.484554,45.645649],[-73.484631,45.645559],[-73.484875,45.645352],[-73.48508,45.645145],[-73.48517,45.645091],[-73.485401,45.645046],[-73.485439,45.64519],[-73.485414,45.645451],[-73.485388,45.645514],[-73.485182,45.645802],[-73.485105,45.645946]]],[[[-73.476794,45.702948],[-73.476679,45.703056],[-73.476486,45.703074],[-73.476293,45.703038],[-73.476204,45.703002],[-73.476204,45.702948],[-73.476396,45.702651],[-73.476718,45.702291],[-73.476872,45.702084],[-73.477116,45.701787],[-73.477193,45.701769],[-73.477219,45.701886],[-73.47718,45.70212],[-73.476987,45.702282],[-73.476846,45.702723],[-73.476794,45.702948]]]]}},{"type":"Feature","properties":{"sector_id":"2"},"geometry":{"type":"MultiPolygon","coordinates":[[[[-73.946481,45.460491],[-73.946482,45.460554],[-73.946469,45.460599],[-73.946406,45.460626],[-73.94629,45.460627],[-73.946214,45.460609],[-73.946149,45.460591],[-73.946085,45.460565],[-73.946021,45.460511],[-73.945995,45.460466],[-73.945931,45.46043],[-73.945867,45.460394],[-73.945853,45.46035],[-73.945904,45.460313],[-73.946019,45.460268],[-73.946108,45.460223],[-73.946172,45.460204],[-73.946236,45.460195],[-73.946326,45.460213],[-73.946377,45.460249],[-73.946428,45.460302],[-73.946468,45.460383],[-73.946481,45.460428],[-73.946481,45.460491]]],[[[-73.944904,45.455017],[-73.944827,45.455008],[-73.944737,45.454973],[-73.944686,45.454946],[-73.944647,45.454892],[-73.944646,45.454829],[-73.94471,45.454802],[-73.944813,45.454811],[-73.944889,45.454819],[-73.944953,45.454846],[-73.945031,45.454918],[-73.945057,45.45498],[-73.944968,45.455008],[-73.944904,45.455017]]],[[[-73.942576,45.466427],[-73.942641,45.466472],[-73.942795,45.466534],[-73.942871,45.466561],[-73.942961,45.46657],[-73.943025,45.466579],[-73.943101,45.466533],[-73.943165,45.466497],[-73.943203,45.466452],[-73.943203,45.466398],[-73.94319,45.466353],[-73.943138,45.466281],[-73.943099,45.466227],[-73.94306,45.466182],[-73.942957,45.466084],[-73.942957,45.466039],[-73.943072,45.466047],[-73.943188,45.466155],[-73.943239,45.466191],[-73.943304,45.466244],[-73.943381,45.466316],[-73.943433,45.466361],[-73.943484,45.466406],[-73.943549,45.466514],[-73.943511,45.466559],[-73.943422,45.466604],[-73.943333,45.466676],[-73.943449,45.466856],[-73.943245,45.466947],[-73.943141,45.466704],[-73.943064,45.466686],[-73.943,45.466678],[-73.942937,45.466687],[-73.942821,45.466696],[-73.942745,45.466697],[-73.942668,45.466697],[-73.942579,45.466715],[-73.942451,45.466725],[-73.942349,45.466725],[-73.942182,45.466744],[-73.942106,45.466735],[-73.942029,45.466735],[-73.941965,45.466709],[-73.941913,45.466673],[-73.941862,45.466628],[-73.941823,45.466583],[-73.941772,45.466529],[-73.94172,45.466485],[-73.941822,45.466493],[-73.941886,45.466502],[-73.94195,45.466493],[-73.942027,45.466483],[-73.942129,45.466465],[-73.942193,45.466456],[-73.942321,45.466419],[-73.94241,45.466392],[-73.942486,45.466374],[-73.942576,45.466427]]],[[[-73.939948,45.470487],[-73.93991,45.470532],[-73.939833,45.470532],[-73.939795,45.470487],[-73.939807,45.470397],[-73.939832,45.470352],[-73.939831,45.470289],[-73.939831,45.470226],[-73.939895,45.47019],[-73.939984,45.470199],[-73.940023,45.470253],[-73.940023,45.470307],[-73.940024,45.47037],[-73.940012,45.470433],[-73.939948,45.470487]]],[[[-73.922544,45.442659],[-73.924433,45.441906],[-73.924285,45.441578],[-73.925419,45.441181],[-73.934483,45.449139],[-73.936851,45.450473],[-73.937135,45.450556],[-73.937019,45.450638],[-73.936994,45.450701],[-73.936982,45.450755],[-73.93697,45.450801],[-73.93697,45.450864],[-73.937009,45.450908],[-73.936997,45.450989],[-73.936872,45.451377],[-73.937322,45.45169],[-73.937093,45.451925],[-73.937016,45.451907],[-73.936864,45.452034],[-73.936736,45.451962],[-73.93652,45.452161],[-73.936304,45.452378],[-73.93619,45.45254],[-73.93609,45.452783],[-73.936068,45.45299],[-73.936066,45.453009],[-73.93608,45.453216],[-73.93612,45.453404],[-73.936146,45.453449],[-73.936275,45.45353],[-73.936326,45.45361],[-73.936454,45.453592],[-73.936556,45.453583],[-73.93662,45.453591],[-73.936672,45.453627],[-73.936748,45.453627],[-73.936851,45.453627],[-73.936889,45.453572],[-73.936965,45.453527],[-73.937041,45.4535],[-73.937118,45.453499],[-73.937157,45.453571],[-73.937183,45.453616],[-73.937272,45.453598],[-73.937413,45.453579],[-73.937541,45.453579],[-73.93763,45.453579],[-73.937771,45.453578],[-73.937848,45.453587],[-73.937912,45.453604],[-73.937951,45.453649],[-73.937951,45.453703],[-73.937926,45.453766],[-73.938015,45.453757],[-73.938053,45.453703],[-73.938155,45.453657],[-73.938244,45.453648],[-73.938347,45.453657],[-73.938436,45.453665],[-73.938513,45.453692],[-73.938603,45.453737],[-73.938629,45.453782],[-73.938732,45.453808],[-73.938796,45.453826],[-73.938822,45.453871],[-73.938822,45.453934],[-73.938771,45.45397],[-73.938682,45.454006],[-73.938593,45.454034],[-73.938529,45.45407],[-73.938427,45.454142],[-73.938495,45.454655],[-73.938611,45.454807],[-73.938701,45.454807],[-73.939239,45.454985],[-73.940192,45.455818],[-73.940115,45.455845],[-73.940167,45.455935],[-73.940283,45.456052],[-73.940335,45.456097],[-73.94045,45.45615],[-73.94054,45.456177],[-73.94063,45.456195],[-73.940719,45.456194],[-73.940783,45.456176],[-73.940821,45.456131],[-73.940846,45.456086],[-73.940846,45.456032],[-73.940845,45.455969],[-73.940922,45.455933],[-73.940998,45.455932],[-73.941101,45.455923],[-73.941216,45.455922],[-73.941356,45.455922],[-73.941459,45.45593],[-73.941599,45.455939],[-73.941676,45.455938],[-73.94174,45.455947],[-73.941804,45.455956],[-73.941906,45.455983],[-73.941983,45.456],[-73.942124,45.456036],[-73.942227,45.456071],[-73.942368,45.456143],[-73.942432,45.456161],[-73.942509,45.456196],[-73.942586,45.456214],[-73.94265,45.456196],[-73.942765,45.456195],[-73.942867,45.456195],[-73.942931,45.456186],[-73.943008,45.456167],[-73.943084,45.456149],[-73.943148,45.45614],[-73.943263,45.456157],[-73.943327,45.456193],[-73.943379,45.456229],[-73.943443,45.456265],[-73.94352,45.456309],[-73.943584,45.456354],[-73.943687,45.456426],[-73.943803,45.456497],[-73.943854,45.456533],[-73.943906,45.456605],[-73.943958,45.456686],[-73.943997,45.456757],[-73.9441,45.456883],[-73.944151,45.456919],[-73.944216,45.456981],[-73.94428,45.457044],[-73.94437,45.457134],[-73.944448,45.457206],[-73.944486,45.45725],[-73.944538,45.457331],[-73.944564,45.457394],[-73.94459,45.457439],[-73.944604,45.45752],[-73.944617,45.457565],[-73.944617,45.457628],[-73.944618,45.457709],[-73.944618,45.457772],[-73.944619,45.457844],[-73.944632,45.457907],[-73.944671,45.457952],[-73.944697,45.457996],[-73.944736,45.458059],[-73.944787,45.458131],[-73.944865,45.458185],[-73.944954,45.458211],[-73.945057,45.458229],[-73.945146,45.458238],[-73.945261,45.458228],[-73.945325,45.458219],[-73.94544,45.458201],[-73.945517,45.458164],[-73.94558,45.458128],[-73.945657,45.458065],[-73.94572,45.458011],[-73.945783,45.45792],[-73.945796,45.457866],[-73.945808,45.457821],[-73.945795,45.457758],[-73.945769,45.457713],[-73.945679,45.457741],[-73.945616,45.457768],[-73.945527,45.457804],[-73.945462,45.457786],[-73.945462,45.457705],[-73.945474,45.457624],[-73.945486,45.45757],[-73.945524,45.457516],[-73.945601,45.457462],[-73.94569,45.457453],[-73.945779,45.457461],[-73.945844,45.45747],[-73.945908,45.457479],[-73.94601,45.457487],[-73.946086,45.457469],[-73.946163,45.457451],[-73.946278,45.45745],[-73.946406,45.45745],[-73.94647,45.457459],[-73.94656,45.457476],[-73.946675,45.457521],[-73.946739,45.457548],[-73.946816,45.457574],[-73.946868,45.45761],[-73.946945,45.457664],[-73.947009,45.457718],[-73.947061,45.45778],[-73.947125,45.457861],[-73.947177,45.457942],[-73.947267,45.45804],[-73.947293,45.458085],[-73.947332,45.45813],[-73.947358,45.458184],[-73.94741,45.458256],[-73.947436,45.458301],[-73.947449,45.458346],[-73.947475,45.458426],[-73.947501,45.458489],[-73.947514,45.458543],[-73.947541,45.458642],[-73.947541,45.458714],[-73.947542,45.458795],[-73.947542,45.458849],[-73.947543,45.45893],[-73.947543,45.458984],[-73.947531,45.459029],[-73.947531,45.459083],[-73.947532,45.459164],[-73.947507,45.459218],[-73.947482,45.459263],[-73.947444,45.459317],[-73.947406,45.459363],[-73.947355,45.459417],[-73.947279,45.459489],[-73.947228,45.459561],[-73.947165,45.459634],[-73.947076,45.459697],[-73.947011,45.459652],[-73.947011,45.459589],[-73.947036,45.459526],[-73.947113,45.459508],[-73.947227,45.459462],[-73.947304,45.45939],[-73.947354,45.459345],[-73.94738,45.459291],[-73.947392,45.45921],[-73.947404,45.459165],[-73.947404,45.459084],[-73.947352,45.459039],[-73.947262,45.459003],[-73.947147,45.459031],[-73.947084,45.459067],[-73.947033,45.459112],[-73.946918,45.459158],[-73.946829,45.459158],[-73.946675,45.459149],[-73.946636,45.459087],[-73.946661,45.459033],[-73.946661,45.458943],[-73.94666,45.458835],[-73.946659,45.458781],[-73.946608,45.458727],[-73.946544,45.458691],[-73.946364,45.458656],[-73.946185,45.458657],[-73.946109,45.458666],[-73.946045,45.458684],[-73.945981,45.458711],[-73.945905,45.458766],[-73.945816,45.45882],[-73.94574,45.458883],[-73.945715,45.458946],[-73.945677,45.459073],[-73.945652,45.459117],[-73.945563,45.459244],[-73.9455,45.459307],[-73.945449,45.459361],[-73.945399,45.459407],[-73.945348,45.459443],[-73.945297,45.459479],[-73.945233,45.459497],[-73.945105,45.459534],[-73.945016,45.45957],[-73.944953,45.459615],[-73.944889,45.45966],[-73.944825,45.459697],[-73.944749,45.459724],[-73.944672,45.459715],[-73.944646,45.459652],[-73.944633,45.45958],[-73.94462,45.459535],[-73.944606,45.459473],[-73.944555,45.459437],[-73.944491,45.459401],[-73.944426,45.459383],[-73.944337,45.459348],[-73.94426,45.45933],[-73.944119,45.459322],[-73.944043,45.459331],[-73.943966,45.45934],[-73.943876,45.459349],[-73.943749,45.459386],[-73.943634,45.459422],[-73.943532,45.459459],[-73.943417,45.459504],[-73.943354,45.45954],[-73.94329,45.459595],[-73.943239,45.45964],[-73.943189,45.459685],[-73.943163,45.45973],[-73.943164,45.459784],[-73.943164,45.459838],[-73.943165,45.45991],[-73.943165,45.459964],[-73.943166,45.460027],[-73.943141,45.460081],[-73.94309,45.460126],[-73.943052,45.460172],[-73.942988,45.460199],[-73.942861,45.460307],[-73.942772,45.46038],[-73.942709,45.460452],[-73.942658,45.460524],[-73.94262,45.460569],[-73.942569,45.460641],[-73.942532,45.460686],[-73.942468,45.460759],[-73.942405,45.460822],[-73.942354,45.460867],[-73.942265,45.460939],[-73.942214,45.460976],[-73.942163,45.461012],[-73.9421,45.461057],[-73.94201,45.461102],[-73.941922,45.461166],[-73.941832,45.461229],[-73.941782,45.461292],[-73.941769,45.461355],[-73.94177,45.461445],[-73.941771,45.461499],[-73.941771,45.461553],[-73.941772,45.461652],[-73.941772,45.461706],[-73.941773,45.461778],[-73.941799,45.461886],[-73.941825,45.461958],[-73.941839,45.462021],[-73.941852,45.462093],[-73.941878,45.462192],[-73.941917,45.462255],[-73.942008,45.462353],[-73.942072,45.462425],[-73.942136,45.462479],[-73.942213,45.462514],[-73.942354,45.462532],[-73.942456,45.462531],[-73.942571,45.462513],[-73.942648,45.462486],[-73.94275,45.462458],[-73.942814,45.462449],[-73.942903,45.462458],[-73.942993,45.46252],[-73.943058,45.462556],[-73.943147,45.462601],[-73.943199,45.462637],[-73.943315,45.462708],[-73.943404,45.462753],[-73.943468,45.462762],[-73.943533,45.46277],[-73.943621,45.462698],[-73.943685,45.462662],[-73.943787,45.46267],[-73.943851,45.462688],[-73.943916,45.462715],[-73.94398,45.462741],[-73.944146,45.462741],[-73.944223,45.46274],[-73.944363,45.462731],[-73.94444,45.462722],[-73.944529,45.462703],[-73.944567,45.462649],[-73.944554,45.462604],[-73.944477,45.462568],[-73.944426,45.462533],[-73.944438,45.462479],[-73.94454,45.46246],[-73.944591,45.462424],[-73.944642,45.462379],[-73.944718,45.46237],[-73.944833,45.462351],[-73.944987,45.462333],[-73.945051,45.462323],[-73.945166,45.462323],[-73.945383,45.462313],[-73.945473,45.462322],[-73.945549,45.462348],[-73.945614,45.462366],[-73.945691,45.462402],[-73.945768,45.462455],[-73.945832,45.462518],[-73.945847,45.462539],[-73.945871,45.462572],[-73.945884,45.462653],[-73.945885,45.462725],[-73.94586,45.462779],[-73.945809,45.462842],[-73.945771,45.462887],[-73.945695,45.462951],[-73.945631,45.462978],[-73.945568,45.463023],[-73.945517,45.463068],[-73.94544,45.463132],[-73.94539,45.463177],[-73.945288,45.463276],[-73.945289,45.463357],[-73.945277,45.463474],[-73.945278,45.463546],[-73.945278,45.463627],[-73.945291,45.463681],[-73.945369,45.463807],[-73.945382,45.463852],[-73.945421,45.463915],[-73.945435,45.464023],[-73.945461,45.464077],[-73.945487,45.464148],[-73.945526,45.464247],[-73.945539,45.464292],[-73.945591,45.464409],[-73.945592,45.464499],[-73.945542,45.46458],[-73.94544,45.464653],[-73.945338,45.464698],[-73.945248,45.464707],[-73.945108,45.464708],[-73.94498,45.464708],[-73.944839,45.4647],[-73.944762,45.464691],[-73.944685,45.464664],[-73.944634,45.464611],[-73.944646,45.464565],[-73.944684,45.464502],[-73.944709,45.464403],[-73.944708,45.464322],[-73.944643,45.464215],[-73.944579,45.464179],[-73.944438,45.464152],[-73.944285,45.464153],[-73.944195,45.464153],[-73.944029,45.464154],[-73.943927,45.464154],[-73.943799,45.464164],[-73.94371,45.464173],[-73.943595,45.464183],[-73.943429,45.464201],[-73.943365,45.464211],[-73.943288,45.464229],[-73.943224,45.464256],[-73.943046,45.464311],[-73.942982,45.464338],[-73.942906,45.464383],[-73.942829,45.46442],[-73.942766,45.464474],[-73.94269,45.464573],[-73.942652,45.464636],[-73.942639,45.464681],[-73.942614,45.464744],[-73.942589,45.464807],[-73.942577,45.464861],[-73.942552,45.464916],[-73.942552,45.46497],[-73.942566,45.465042],[-73.942579,45.465087],[-73.942566,45.46515],[-73.942528,45.465213],[-73.942452,45.465267],[-73.942401,45.465303],[-73.942338,45.465357],[-73.9423,45.465411],[-73.942262,45.465466],[-73.942224,45.465529],[-73.942186,45.465592],[-73.942161,45.465655],[-73.942136,45.465709],[-73.942098,45.46579],[-73.942061,45.465907],[-73.942074,45.465952],[-73.942087,45.466033],[-73.942075,45.466078],[-73.942037,45.466132],[-73.941948,45.466196],[-73.941871,45.466187],[-73.941832,45.466133],[-73.94178,45.466007],[-73.941716,45.465954],[-73.941588,45.465954],[-73.941511,45.465964],[-73.941422,45.465964],[-73.941345,45.465919],[-73.941268,45.465875],[-73.941191,45.465884],[-73.94114,45.46592],[-73.941089,45.465956],[-73.941026,45.466037],[-73.940988,45.466091],[-73.940925,45.466218],[-73.940862,45.466281],[-73.940772,45.466326],[-73.940683,45.466372],[-73.940594,45.466399],[-73.940479,45.466417],[-73.94039,45.466436],[-73.9403,45.466445],[-73.940172,45.466446],[-73.940108,45.466437],[-73.939955,45.466393],[-73.93989,45.466375],[-73.939826,45.466348],[-73.939737,45.466357],[-73.939673,45.466393],[-73.939597,45.46643],[-73.939495,45.466475],[-73.939431,45.466502],[-73.939367,45.466521],[-73.939202,45.46662],[-73.939177,45.466665],[-73.939164,45.466746],[-73.939165,45.466818],[-73.939217,45.46689],[-73.939268,45.466926],[-73.939396,45.466925],[-73.93946,45.466916],[-73.939549,45.466889],[-73.939626,45.466889],[-73.93969,45.466933],[-73.939767,45.466969],[-73.939844,45.467005],[-73.939871,45.467095],[-73.939884,45.46714],[-73.939897,45.467185],[-73.93991,45.467229],[-73.939936,45.467274],[-73.939975,45.467337],[-73.940013,45.467391],[-73.940039,45.467445],[-73.940078,45.467499],[-73.94013,45.467571],[-73.940156,45.467615],[-73.940182,45.46766],[-73.940195,45.467723],[-73.940157,45.467777],[-73.940081,45.467832],[-73.940005,45.467895],[-73.939941,45.46794],[-73.939877,45.467985],[-73.939763,45.468049],[-73.939699,45.468031],[-73.939609,45.468005],[-73.939507,45.468023],[-73.939482,45.468068],[-73.939482,45.46814],[-73.939483,45.46823],[-73.939471,45.468311],[-73.93942,45.468383],[-73.939369,45.468446],[-73.939344,45.4685],[-73.939358,45.46868],[-73.939423,45.468761],[-73.939474,45.468806],[-73.939552,45.46886],[-73.939616,45.468868],[-73.939692,45.468859],[-73.939781,45.468805],[-73.939858,45.46875],[-73.939934,45.468741],[-73.940024,45.468723],[-73.940139,45.468695],[-73.940266,45.468668],[-73.94033,45.468659],[-73.940369,45.468703],[-73.940357,45.468749],[-73.940319,45.468803],[-73.94023,45.468902],[-73.940141,45.468983],[-73.940103,45.469055],[-73.940078,45.469146],[-73.940066,45.46919],[-73.940041,45.469236],[-73.940016,45.469299],[-73.939991,45.469362],[-73.939927,45.469443],[-73.939876,45.469497],[-73.9398,45.469587],[-73.939775,45.469633],[-73.939763,45.469678],[-73.939712,45.469768],[-73.939687,45.469813],[-73.939649,45.469885],[-73.939624,45.469939],[-73.939586,45.470011],[-73.939535,45.470047],[-73.939485,45.470084],[-73.939408,45.47012],[-73.939344,45.470156],[-73.939268,45.470201],[-73.939192,45.470247],[-73.939153,45.470292],[-73.939103,45.470346],[-73.939052,45.470409],[-73.939001,45.470463],[-73.938951,45.470527],[-73.938849,45.470608],[-73.938786,45.470671],[-73.938748,45.470734],[-73.93871,45.470789],[-73.938659,45.47087],[-73.938634,45.470924],[-73.938584,45.470987],[-73.938558,45.471041],[-73.938508,45.471104],[-73.938483,45.471158],[-73.938419,45.47124],[-73.938394,45.471267],[-73.93833,45.471339],[-73.938305,45.471366],[-73.938267,45.471411],[-73.938191,45.471456],[-73.938127,45.471484],[-73.938076,45.47152],[-73.937987,45.471574],[-73.937936,45.47161],[-73.937834,45.471638],[-73.937732,45.471665],[-73.937655,45.471656],[-73.937565,45.471639],[-73.937489,45.47163],[-73.937425,45.471648],[-73.937361,45.471675],[-73.937272,45.471703],[-73.937182,45.471739],[-73.937004,45.47183],[-73.936902,45.471893],[-73.936826,45.471984],[-73.936737,45.472056],[-73.936661,45.472083],[-73.936508,45.47212],[-73.936405,45.47212],[-73.936277,45.47212],[-73.936162,45.472121],[-73.936035,45.472157],[-73.935945,45.472194],[-73.935792,45.472257],[-73.93569,45.472276],[-73.935614,45.472321],[-73.935538,45.472393],[-73.935487,45.472466],[-73.935449,45.472529],[-73.935348,45.472646],[-73.935297,45.4727],[-73.935208,45.472781],[-73.935132,45.472863],[-73.935068,45.472917],[-73.934992,45.472989],[-73.934916,45.473044],[-73.934801,45.473116],[-73.934649,45.473198],[-73.934572,45.473216],[-73.934508,45.473234],[-73.934406,45.473244],[-73.93438,45.47319],[-73.934392,45.473118],[-73.934366,45.473064],[-73.934314,45.473001],[-73.93425,45.472947],[-73.934186,45.472902],[-73.934083,45.472867],[-73.933994,45.47284],[-73.933878,45.472823],[-73.933789,45.472814],[-73.933648,45.472796],[-73.933571,45.472752],[-73.933481,45.472707],[-73.933378,45.472662],[-73.933301,45.472636],[-73.933237,45.472609],[-73.933122,45.472573],[-73.933083,45.472565],[-73.933045,45.472565],[-73.932968,45.472547],[-73.93284,45.472557],[-73.932738,45.472566],[-73.932687,45.472602],[-73.932623,45.47262],[-73.932547,45.472639],[-73.932317,45.472729],[-73.932177,45.472802],[-73.932139,45.472838],[-73.932037,45.472902],[-73.931948,45.472947],[-73.931859,45.472983],[-73.931718,45.473038],[-73.931668,45.473074],[-73.931553,45.473164],[-73.931529,45.473308],[-73.931504,45.473362],[-73.931452,45.473372],[-73.931363,45.473399],[-73.931235,45.473417],[-73.931171,45.473427],[-73.931095,45.473418],[-73.931031,45.473409],[-73.930941,45.473347],[-73.930863,45.473302],[-73.930761,45.473266],[-73.930646,45.473267],[-73.930557,45.473294],[-73.930506,45.47333],[-73.930455,45.473375],[-73.93043,45.47342],[-73.930417,45.473466],[-73.930264,45.47352],[-73.930124,45.473602],[-73.93006,45.473629],[-73.929997,45.473665],[-73.92992,45.473701],[-73.929831,45.473729],[-73.929729,45.473747],[-73.929639,45.473765],[-73.92955,45.473775],[-73.929473,45.473784],[-73.929371,45.473811],[-73.929307,45.47383],[-73.929218,45.473848],[-73.929077,45.473858],[-73.929013,45.473867],[-73.928937,45.473903],[-73.928847,45.473912],[-73.928745,45.473859],[-73.928655,45.473859],[-73.92854,45.47386],[-73.928438,45.473923],[-73.928374,45.473923],[-73.928348,45.473869],[-73.928386,45.473761],[-73.928334,45.473725],[-73.928257,45.47369],[-73.928193,45.473681],[-73.928091,45.473672],[-73.928027,45.473681],[-73.927951,45.4737],[-73.927912,45.473709],[-73.927708,45.473719],[-73.927631,45.473719],[-73.927529,45.473719],[-73.927465,45.473729],[-73.927401,45.473756],[-73.92735,45.473837],[-73.927325,45.473882],[-73.927236,45.473927],[-73.92716,45.473973],[-73.927083,45.474],[-73.926956,45.474036],[-73.926815,45.474082],[-73.926726,45.474109],[-73.926636,45.474137],[-73.926534,45.474164],[-73.926381,45.474174],[-73.926291,45.474174],[-73.926189,45.474174],[-73.926061,45.474175],[-73.925997,45.474184],[-73.925933,45.474157],[-73.925907,45.474112],[-73.925894,45.474058],[-73.925855,45.474014],[-73.925842,45.473969],[-73.925829,45.473906],[-73.925816,45.473861],[-73.925815,45.47378],[-73.925802,45.47369],[-73.925801,45.473627],[-73.92575,45.473582],[-73.925724,45.473528],[-73.925698,45.473483],[-73.925672,45.473438],[-73.925646,45.473393],[-73.92562,45.473349],[-73.925555,45.473259],[-73.925529,45.473214],[-73.925491,45.473169],[-73.925452,45.473106],[-73.9254,45.473026],[-73.925323,45.472918],[-73.925271,45.472846],[-73.925245,45.472792],[-73.925206,45.472729],[-73.925167,45.472666],[-73.925128,45.472595],[-73.925102,45.47255],[-73.925076,45.472496],[-73.925038,45.472424],[-73.925012,45.47237],[-73.924947,45.472289],[-73.924895,45.472208],[-73.92487,45.472173],[-73.924831,45.472137],[-73.924805,45.47211],[-73.924728,45.472074],[-73.924612,45.472003],[-73.924561,45.471958],[-73.924432,45.471868],[-73.924355,45.471824],[-73.924239,45.471743],[-73.924175,45.471698],[-73.924111,45.471644],[-73.924021,45.471582],[-73.923957,45.471546],[-73.923867,45.471501],[-73.92379,45.471466],[-73.923713,45.47143],[-73.923649,45.471394],[-73.923584,45.471359],[-73.923456,45.47126],[-73.923391,45.471206],[-73.923327,45.471162],[-73.923276,45.471153],[-73.923238,45.471207],[-73.923238,45.471279],[-73.923174,45.471234],[-73.923123,45.471198],[-73.923097,45.471153],[-73.923046,45.471118],[-73.922968,45.471046],[-73.922878,45.470974],[-73.922814,45.470938],[-73.922737,45.470921],[-73.922647,45.470885],[-73.922532,45.470804],[-73.922454,45.470742],[-73.92239,45.470688],[-73.922338,45.470643],[-73.922287,45.47058],[-73.922312,45.470526],[-73.922337,45.470418],[-73.922349,45.470373],[-73.922387,45.470283],[-73.922438,45.47022],[-73.922501,45.470166],[-73.922565,45.470111],[-73.922692,45.470012],[-73.922743,45.469976],[-73.922844,45.469876],[-73.922882,45.469831],[-73.922933,45.469741],[-73.922958,45.469669],[-73.92297,45.469615],[-73.92297,45.469561],[-73.922957,45.469498],[-73.922943,45.469426],[-73.922917,45.469363],[-73.922866,45.469318],[-73.922725,45.469256],[-73.922673,45.46922],[-73.922673,45.469166],[-73.922685,45.469121],[-73.92271,45.469076],[-73.922735,45.469004],[-73.922735,45.468941],[-73.922709,45.468887],[-73.922657,45.468833],[-73.922529,45.468771],[-73.922465,45.468753],[-73.922362,45.468717],[-73.922286,45.468718],[-73.922209,45.468736],[-73.92212,45.468763],[-73.922031,45.468791],[-73.921967,45.468809],[-73.92189,45.468818],[-73.921775,45.468855],[-73.921711,45.468882],[-73.921622,45.468927],[-73.921546,45.468945],[-73.921482,45.468937],[-73.921341,45.468937],[-73.921277,45.468901],[-73.921225,45.468848],[-73.921238,45.468802],[-73.921237,45.468731],[-73.921223,45.468569],[-73.921223,45.468497],[-73.921222,45.468443],[-73.921222,45.468371],[-73.921221,45.468299],[-73.921234,45.468245],[-73.921271,45.468155],[-73.921296,45.4681],[-73.921309,45.468047],[-73.921347,45.467974],[-73.921384,45.467884],[-73.921397,45.467839],[-73.921434,45.467749],[-73.92146,45.467686],[-73.921485,45.467641],[-73.921523,45.467578],[-73.921561,45.467533],[-73.921599,45.467487],[-73.921646,45.467433],[-73.921662,45.467415],[-73.921675,45.467361],[-73.921687,45.467262],[-73.921686,45.467181],[-73.921685,45.467109],[-73.921672,45.467001],[-73.921646,45.466929],[-73.921633,45.466884],[-73.921607,45.46684],[-73.921542,45.466768],[-73.921478,45.466678],[-73.921413,45.466615],[-73.921375,45.46657],[-73.92131,45.466508],[-73.921245,45.4664],[-73.921142,45.466283],[-73.921078,45.466185],[-73.920987,45.46605],[-73.920961,45.466005],[-73.92091,45.465942],[-73.92078,45.465754],[-73.920728,45.465682],[-73.920664,45.465574],[-73.920638,45.465502],[-73.920637,45.465439],[-73.920637,45.465376],[-73.920623,45.465277],[-73.920571,45.465152],[-73.920532,45.465071],[-73.920506,45.465026],[-73.920416,45.464918],[-73.92039,45.464864],[-73.920351,45.464811],[-73.920312,45.464748],[-73.920131,45.464433],[-73.920066,45.464335],[-73.92004,45.464272],[-73.920001,45.464209],[-73.919963,45.464164],[-73.919924,45.46411],[-73.919898,45.464056],[-73.919859,45.464011],[-73.919833,45.463958],[-73.919794,45.463904],[-73.919756,45.46385],[-73.919743,45.463805],[-73.919717,45.46376],[-73.919691,45.463706],[-73.919626,45.463625],[-73.919587,45.463563],[-73.919523,45.4635],[-73.919433,45.46341],[-73.919381,45.463356],[-73.91933,45.463303],[-73.919278,45.463231],[-73.919226,45.463177],[-73.919175,45.463114],[-73.919085,45.463033],[-73.919046,45.462989],[-73.918995,45.462935],[-73.918918,45.462917],[-73.918854,45.462944],[-73.91879,45.462936],[-73.918713,45.462891],[-73.918623,45.462855],[-73.918559,45.46281],[-73.918481,45.462739],[-73.918417,45.46264],[-73.918416,45.462586],[-73.918378,45.462532],[-73.918288,45.46246],[-73.918236,45.462425],[-73.918185,45.46238],[-73.918133,45.462335],[-73.918069,45.46229],[-73.917954,45.462237],[-73.917889,45.462219],[-73.917825,45.462192],[-73.917736,45.462193],[-73.917672,45.462211],[-73.917608,45.462238],[-73.917544,45.462229],[-73.91748,45.462221],[-73.917403,45.462203],[-73.917314,45.462176],[-73.917224,45.462149],[-73.917147,45.462123],[-73.91693,45.462079],[-73.916827,45.462052],[-73.916712,45.462034],[-73.916648,45.462017],[-73.916571,45.462008],[-73.91643,45.46199],[-73.916315,45.461991],[-73.916238,45.461991],[-73.916162,45.461991],[-73.916034,45.46201],[-73.915957,45.462001],[-73.915855,45.461993],[-73.915765,45.461975],[-73.915701,45.461957],[-73.915637,45.461948],[-73.915573,45.461967],[-73.915548,45.461994],[-73.915459,45.46203],[-73.914882,45.461915],[-73.914613,45.461826],[-73.914446,45.46171],[-73.914535,45.461619],[-73.914341,45.461404],[-73.91429,45.461323],[-73.914225,45.461269],[-73.914161,45.461225],[-73.914058,45.461153],[-73.913956,45.461099],[-73.913904,45.461064],[-73.913853,45.461028],[-73.913801,45.460992],[-73.913737,45.460983],[-73.913609,45.460939],[-73.913532,45.460876],[-73.913442,45.460786],[-73.913403,45.460733],[-73.913326,45.460715],[-73.913288,45.46067],[-73.913236,45.460616],[-73.913134,45.460608],[-73.913057,45.460608],[-73.912993,45.460599],[-73.912929,45.460581],[-73.912865,45.460528],[-73.912839,45.460465],[-73.9128,45.460411],[-73.912735,45.460339],[-73.912671,45.460339],[-73.912582,45.46034],[-73.912441,45.460331],[-73.912352,45.460332],[-73.912275,45.460341],[-73.912186,45.460341],[-73.91193,45.460369],[-73.911866,45.460387],[-73.911777,45.460415],[-73.911713,45.460442],[-73.91156,45.460496],[-73.911484,45.460515],[-73.91142,45.460524],[-73.911343,45.460542],[-73.911266,45.460551],[-73.911151,45.460561],[-73.911087,45.460579],[-73.911037,45.460615],[-73.911011,45.46066],[-73.910973,45.460705],[-73.910922,45.460742],[-73.910859,45.460778],[-73.910782,45.460814],[-73.910706,45.460841],[-73.910629,45.46086],[-73.910553,45.460887],[-73.910463,45.460923],[-73.910387,45.460977],[-73.910375,45.461023],[-73.910388,45.461067],[-73.910388,45.46113],[-73.910389,45.461229],[-73.910389,45.461283],[-73.910377,45.461382],[-73.910352,45.461428],[-73.910327,45.461472],[-73.910289,45.461527],[-73.910264,45.46159],[-73.910251,45.461635],[-73.9102,45.461671],[-73.910137,45.461707],[-73.91006,45.461734],[-73.909881,45.461735],[-73.909766,45.461717],[-73.909664,45.461718],[-73.909497,45.461701],[-73.909395,45.461692],[-73.909318,45.461683],[-73.909203,45.461684],[-73.909113,45.461684],[-73.909037,45.461702],[-73.908935,45.46173],[-73.908871,45.461748],[-73.908807,45.461775],[-73.908744,45.461802],[-73.908654,45.461838],[-73.908565,45.461875],[-73.908501,45.461902],[-73.908425,45.461938],[-73.908361,45.461965],[-73.908246,45.462002],[-73.908183,45.462029],[-73.908119,45.462038],[-73.908055,45.462075],[-73.907991,45.462111],[-73.907941,45.462156],[-73.907864,45.462174],[-73.907825,45.462129],[-73.907902,45.462084],[-73.907965,45.462048],[-73.908042,45.462003],[-73.908118,45.461957],[-73.908182,45.461912],[-73.908232,45.461858],[-73.908219,45.461795],[-73.90818,45.461723],[-73.908129,45.461642],[-73.90809,45.461598],[-73.908051,45.461526],[-73.908012,45.461463],[-73.907999,45.461418],[-73.907999,45.461355],[-73.907986,45.46131],[-73.907934,45.461274],[-73.90787,45.461211],[-73.907831,45.461166],[-73.907754,45.461122],[-73.907664,45.461059],[-73.907574,45.460987],[-73.90751,45.460961],[-73.907446,45.460943],[-73.907369,45.460916],[-73.907305,45.460898],[-73.90719,45.46089],[-73.907126,45.460881],[-73.907062,45.460863],[-73.906998,45.460855],[-73.906934,45.460864],[-73.906819,45.460873],[-73.906308,45.460911],[-73.906192,45.460902],[-73.906039,45.460912],[-73.905963,45.460939],[-73.905873,45.460958],[-73.905784,45.460949],[-73.905681,45.460949],[-73.905566,45.460941],[-73.905489,45.460932],[-73.905425,45.460914],[-73.905361,45.460887],[-73.90531,45.460815],[-73.905271,45.460771],[-73.905245,45.460717],[-73.905232,45.460663],[-73.905193,45.4606],[-73.905075,45.460593],[-73.905052,45.460591],[-73.904924,45.460592],[-73.90486,45.460601],[-73.904771,45.460601],[-73.904681,45.460602],[-73.904605,45.460602],[-73.904515,45.460602],[-73.904426,45.460603],[-73.904362,45.460612],[-73.904285,45.460621],[-73.904196,45.460622],[-73.904119,45.460613],[-73.904042,45.460604],[-73.903965,45.460595],[-73.903901,45.460604],[-73.903838,45.460623],[-73.903774,45.46065],[-73.90371,45.460668],[-73.903646,45.460714],[-73.903404,45.460795],[-73.903098,45.46094],[-73.903035,45.460995],[-73.902958,45.461049],[-73.902895,45.461094],[-73.902819,45.461148],[-73.902755,45.461185],[-73.902704,45.461221],[-73.902627,45.461275],[-73.902577,45.46132],[-73.902513,45.461383],[-73.902462,45.461428],[-73.902412,45.461474],[-73.902335,45.461546],[-73.902285,45.4616],[-73.902247,45.461654],[-73.902196,45.461708],[-73.902145,45.461763],[-73.902094,45.461808],[-73.902082,45.461862],[-73.902121,45.461916],[-73.902147,45.461979],[-73.902185,45.462041],[-73.902224,45.462113],[-73.90225,45.462167],[-73.902289,45.462266],[-73.90229,45.462338],[-73.902278,45.462401],[-73.902265,45.462446],[-73.902253,45.462509],[-73.902215,45.46259],[-73.902152,45.462662],[-73.902024,45.462735],[-73.901948,45.462771],[-73.901884,45.462807],[-73.90182,45.462844],[-73.901718,45.462889],[-73.901654,45.462898],[-73.90159,45.462889],[-73.901501,45.462854],[-73.901437,45.462818],[-73.901372,45.462773],[-73.901346,45.462728],[-73.90132,45.462674],[-73.901294,45.462629],[-73.901256,45.462576],[-73.901153,45.46254],[-73.901089,45.462522],[-73.900961,45.462478],[-73.900897,45.462442],[-73.900794,45.462388],[-73.900692,45.462353],[-73.900628,45.462335],[-73.900551,45.462326],[-73.900436,45.462317],[-73.90032,45.462327],[-73.900231,45.462363],[-73.900142,45.462399],[-73.900091,45.462436],[-73.900028,45.462481],[-73.899977,45.462517],[-73.899913,45.462571],[-73.899824,45.462635],[-73.899773,45.462671],[-73.899722,45.462716],[-73.899672,45.46277],[-73.899633,45.462815],[-73.899595,45.46286],[-73.899583,45.462905],[-73.899558,45.463013],[-73.899495,45.463086],[-73.899431,45.463167],[-73.899393,45.463221],[-73.899368,45.463275],[-73.89933,45.463338],[-73.899267,45.463419],[-73.899203,45.463474],[-73.89914,45.463528],[-73.899076,45.463582],[-73.899038,45.463627],[-73.898962,45.463726],[-73.898924,45.463772],[-73.898886,45.463835],[-73.898874,45.463889],[-73.898848,45.463934],[-73.89881,45.463979],[-73.898785,45.464024],[-73.898747,45.464078],[-73.898722,45.464132],[-73.898671,45.464186],[-73.898595,45.46425],[-73.898519,45.464295],[-73.898442,45.464367],[-73.898379,45.464448],[-73.898341,45.464494],[-73.898214,45.464602],[-73.898163,45.464638],[-73.898112,45.464701],[-73.898087,45.464764],[-73.898049,45.464854],[-73.898024,45.4649],[-73.897986,45.464981],[-73.897936,45.465053],[-73.897898,45.465107],[-73.897872,45.465161],[-73.897822,45.465233],[-73.897784,45.465296],[-73.897759,45.46535],[-73.897721,45.465404],[-73.897683,45.465459],[-73.897632,45.465513],[-73.897581,45.465576],[-73.897531,45.46563],[-73.897467,45.465675],[-73.89739,45.465694],[-73.897326,45.465685],[-73.897262,45.465658],[-73.897211,45.465604],[-73.897172,45.465559],[-73.897108,45.465533],[-73.897005,45.465497],[-73.896916,45.465506],[-73.896994,45.46565],[-73.896675,45.465741],[-73.896584,45.465615],[-73.896406,45.465688],[-73.896406,45.465742],[-73.896241,45.465887],[-73.896331,45.466012],[-73.896461,45.466264],[-73.895797,45.466428],[-73.895758,45.466329],[-73.895362,45.46643],[-73.895285,45.466448],[-73.895222,45.466457],[-73.895132,45.466466],[-73.89496,45.466475],[-73.89494,45.466476],[-73.894864,45.466476],[-73.894774,45.466467],[-73.89471,45.466459],[-73.894646,45.466441],[-73.894467,45.466487],[-73.894251,45.466631],[-73.894175,45.466686],[-73.894124,45.466731],[-73.893996,45.466794],[-73.89392,45.466821],[-73.893856,45.466858],[-73.893792,45.466894],[-73.893703,45.466939],[-73.893627,45.466966],[-73.89355,45.466949],[-73.893473,45.466931],[-73.89337,45.466877],[-73.893306,45.466832],[-73.893255,45.466788],[-73.893177,45.466752],[-73.893101,45.466734],[-73.893037,45.466716],[-73.89296,45.466708],[-73.892883,45.466699],[-73.892806,45.46669],[-73.89264,45.466664],[-73.892512,45.466619],[-73.892435,45.466575],[-73.892358,45.466557],[-73.892243,45.466539],[-73.892178,45.46653],[-73.892089,45.466531],[-73.892025,45.46654],[-73.891961,45.466558],[-73.891885,45.466603],[-73.891783,45.466658],[-73.891618,45.466847],[-73.891505,45.467073],[-73.891379,45.467379],[-73.891328,45.467379],[-73.89129,45.467559],[-73.891316,45.467604],[-73.891342,45.467676],[-73.89133,45.467757],[-73.891331,45.467811],[-73.891331,45.467865],[-73.891331,45.467919],[-73.891332,45.467991],[-73.891319,45.468036],[-73.891294,45.468081],[-73.891243,45.468117],[-73.891167,45.468136],[-73.891103,45.468127],[-73.891038,45.468109],[-73.890974,45.4681],[-73.890898,45.46811],[-73.890656,45.468218],[-73.890095,45.46858],[-73.889469,45.468663],[-73.889137,45.468656],[-73.88883,45.468594],[-73.888766,45.468612],[-73.888663,45.468639],[-73.888574,45.468666],[-73.888485,45.468694],[-73.888383,45.46873],[-73.888319,45.468757],[-73.88823,45.468776],[-73.88814,45.468785],[-73.888063,45.468785],[-73.887987,45.468776],[-73.887923,45.46875],[-73.887846,45.468705],[-73.887769,45.468669],[-73.88736,45.468778],[-73.887541,45.469039],[-73.88661,45.469411],[-73.886546,45.469447],[-73.886457,45.469484],[-73.88638,45.469511],[-73.886304,45.469529],[-73.88624,45.469538],[-73.886176,45.469547],[-73.886086,45.469566],[-73.886035,45.469602],[-73.885972,45.469638],[-73.885883,45.469683],[-73.885832,45.469729],[-73.885883,45.469791],[-73.885705,45.4699],[-73.885615,45.469792],[-73.885564,45.469828],[-73.885526,45.469856],[-73.885603,45.469954],[-73.885426,45.470198],[-73.885349,45.470198],[-73.885298,45.47018],[-73.885259,45.47009],[-73.885027,45.469794],[-73.884962,45.46974],[-73.884898,45.469705],[-73.884847,45.469669],[-73.884795,45.469633],[-73.884718,45.469624],[-73.884655,45.469651],[-73.884591,45.469715],[-73.884553,45.46976],[-73.884476,45.46976],[-73.884374,45.46976],[-73.88431,45.469788],[-73.884285,45.469842],[-73.884286,45.469914],[-73.884286,45.469995],[-73.884274,45.47004],[-73.884236,45.470121],[-73.88421,45.470166],[-73.884122,45.470265],[-73.884045,45.470329],[-73.884007,45.470383],[-73.883931,45.470455],[-73.88388,45.470518],[-73.883855,45.470572],[-73.883792,45.470653],[-73.883741,45.470716],[-73.883716,45.47078],[-73.883678,45.470834],[-73.883602,45.470933],[-73.883551,45.470996],[-73.883462,45.471104],[-73.883131,45.471258],[-73.883184,45.471465],[-73.882892,45.471862],[-73.882366,45.471657],[-73.882175,45.471756],[-73.882099,45.471874],[-73.881844,45.472046],[-73.8815,45.472191],[-73.88118,45.472147],[-73.880641,45.471851],[-73.880194,45.471907],[-73.879964,45.471935],[-73.8799,45.471953],[-73.879836,45.47198],[-73.879772,45.472017],[-73.879721,45.472053],[-73.879658,45.472098],[-73.879543,45.472188],[-73.879541,45.472189],[-73.879428,45.472225],[-73.879339,45.472252],[-73.879262,45.472252],[-73.879198,45.472243],[-73.879109,45.472235],[-73.878968,45.472235],[-73.878904,45.472253],[-73.878828,45.472272],[-73.878764,45.472281],[-73.878662,45.472317],[-73.878726,45.47238],[-73.878382,45.472597],[-73.878152,45.472652],[-73.878089,45.472715],[-73.87759,45.472726],[-73.877399,45.472843],[-73.877412,45.472924],[-73.87712,45.473204],[-73.877056,45.473141],[-73.877043,45.473222],[-73.877031,45.473294],[-73.877032,45.473366],[-73.877032,45.473438],[-73.877033,45.473519],[-73.877007,45.473582],[-73.877008,45.473636],[-73.877059,45.473672],[-73.877136,45.473717],[-73.8772,45.473753],[-73.877239,45.473797],[-73.87724,45.47386],[-73.877227,45.473924],[-73.877215,45.473987],[-73.877177,45.474032],[-73.877152,45.474104],[-73.877139,45.474158],[-73.877075,45.474131],[-73.876972,45.474077],[-73.876883,45.47406],[-73.876806,45.474051],[-73.876704,45.474051],[-73.876614,45.474052],[-73.876537,45.474052],[-73.876473,45.474061],[-73.876397,45.474079],[-73.876308,45.474116],[-73.876206,45.474161],[-73.876053,45.474251],[-73.87605,45.474254],[-73.875989,45.474306],[-73.875913,45.474369],[-73.875875,45.474423],[-73.875837,45.474486],[-73.875837,45.474558],[-73.87585,45.474603],[-73.875863,45.474648],[-73.875877,45.474693],[-73.875903,45.474774],[-73.875916,45.474819],[-73.875942,45.474864],[-73.876018,45.474845],[-73.876071,45.475043],[-73.876175,45.475286],[-73.876175,45.475358],[-73.87615,45.475448],[-73.875935,45.475746],[-73.875821,45.475881],[-73.875666,45.475782],[-73.875628,45.475819],[-73.875655,45.475944],[-73.875553,45.476089],[-73.875453,45.476368],[-73.875376,45.476395],[-73.875417,45.476809],[-73.875392,45.47689],[-73.875407,45.477106],[-73.875305,45.477268],[-73.875166,45.477557],[-73.87508,45.478016],[-73.875029,45.478016],[-73.87489,45.478349],[-73.874537,45.479062],[-73.874563,45.479187],[-73.873954,45.479819],[-73.873903,45.479901],[-73.873407,45.480325],[-73.873228,45.480416],[-73.872515,45.480841],[-73.872387,45.480868],[-73.871992,45.481094],[-73.871852,45.481104],[-73.871738,45.481284],[-73.871483,45.481492],[-73.870791,45.48126],[-73.870753,45.481324],[-73.870728,45.481387],[-73.870728,45.481458],[-73.870728,45.481522],[-73.870729,45.481593],[-73.870742,45.481656],[-73.870743,45.481719],[-73.870769,45.481764],[-73.870794,45.481809],[-73.87082,45.481854],[-73.870846,45.481899],[-73.870847,45.481971],[-73.870847,45.482025],[-73.870847,45.482079],[-73.870887,45.482241],[-73.870875,45.482322],[-73.870875,45.482385],[-73.870875,45.482439],[-73.870863,45.482511],[-73.870838,45.482592],[-73.870826,45.482637],[-73.870813,45.482682],[-73.870775,45.482727],[-73.870737,45.482772],[-73.870712,45.482835],[-73.870699,45.482907],[-73.8707,45.482961],[-73.870687,45.483016],[-73.870688,45.483069],[-73.870662,45.483114],[-73.870611,45.483151],[-73.870535,45.483178],[-73.870497,45.483232],[-73.87051,45.483259],[-73.870382,45.48334],[-73.870255,45.483404],[-73.869873,45.483747],[-73.869644,45.483919],[-73.869632,45.483955],[-73.869632,45.484036],[-73.869633,45.484117],[-73.869659,45.484162],[-73.869697,45.484206],[-73.86971,45.484251],[-73.869736,45.484296],[-73.869749,45.484341],[-73.869762,45.484386],[-73.869763,45.48444],[-73.869776,45.484494],[-73.869789,45.484566],[-73.869802,45.484611],[-73.869808,45.484632],[-73.869815,45.484656],[-73.869854,45.484728],[-73.869867,45.484773],[-73.86988,45.484827],[-73.869881,45.484935],[-73.869869,45.485007],[-73.869843,45.485052],[-73.869805,45.485097],[-73.869729,45.485133],[-73.869678,45.485178],[-73.86964,45.485224],[-73.869602,45.485269],[-73.869564,45.485314],[-73.869513,45.48535],[-73.869449,45.485377],[-73.869385,45.485386],[-73.869308,45.485387],[-73.869257,45.485342],[-73.869231,45.485297],[-73.869229,45.485288],[-73.869218,45.485243],[-73.869217,45.48518],[-73.86923,45.485126],[-73.869242,45.485081],[-73.869255,45.485009],[-73.86928,45.484937],[-73.869305,45.484892],[-73.869343,45.484847],[-73.869381,45.484756],[-73.869483,45.484639],[-73.869521,45.484585],[-73.869533,45.48454],[-73.869558,45.484468],[-73.869532,45.484396],[-73.869506,45.484333],[-73.869493,45.484288],[-73.86948,45.484243],[-73.869416,45.484216],[-73.869339,45.484217],[-73.86925,45.48428],[-73.869225,45.484343],[-73.869174,45.484388],[-73.869136,45.484433],[-73.869111,45.484478],[-73.86906,45.484524],[-73.869009,45.48456],[-73.868945,45.484596],[-73.868907,45.484641],[-73.868869,45.484686],[-73.868844,45.484731],[-73.868818,45.484776],[-73.868806,45.484821],[-73.868793,45.484866],[-73.868781,45.484911],[-73.868768,45.484965],[-73.868781,45.485028],[-73.868782,45.485082],[-73.868782,45.485136],[-73.868795,45.48519],[-73.868834,45.485235],[-73.86886,45.48528],[-73.868873,45.485325],[-73.868886,45.48537],[-73.868886,45.485433],[-73.868887,45.485487],[-73.868887,45.485541],[-73.868926,45.485595],[-73.86899,45.485649],[-73.869,45.485659],[-73.869042,45.485702],[-73.869068,45.485747],[-73.869081,45.485792],[-73.869055,45.485846],[-73.869005,45.485882],[-73.868954,45.485918],[-73.86889,45.485964],[-73.868826,45.485982],[-73.868762,45.486009],[-73.868711,45.486045],[-73.868635,45.4861],[-73.868559,45.486145],[-73.868495,45.48619],[-73.868431,45.486235],[-73.868367,45.486271],[-73.868317,45.486308],[-73.868266,45.486344],[-73.868176,45.48638],[-73.8681,45.486416],[-73.868036,45.486452],[-73.867985,45.486498],[-73.867947,45.486552],[-73.867896,45.486597],[-73.86782,45.486633],[-73.867756,45.486651],[-73.867679,45.486679],[-73.867615,45.486697],[-73.867552,45.486706],[-73.867462,45.486715],[-73.86736,45.486725],[-73.867296,45.486725],[-73.867232,45.48677],[-73.867168,45.486779],[-73.867145,45.486788],[-73.867144,45.486788],[-73.867092,45.486806],[-73.867028,45.486825],[-73.866964,45.486852],[-73.866939,45.486897],[-73.866939,45.486951],[-73.866952,45.486996],[-73.86694,45.487041],[-73.866876,45.487077],[-73.866812,45.487113],[-73.866748,45.48714],[-73.866684,45.487159],[-73.866646,45.487204],[-73.866596,45.48724],[-73.866532,45.487276],[-73.866456,45.487339],[-73.866405,45.487384],[-73.866341,45.48743],[-73.86629,45.487466],[-73.866226,45.487511],[-73.86615,45.487547],[-73.866073,45.487593],[-73.866022,45.487638],[-73.865946,45.487665],[-73.865856,45.487665],[-73.865792,45.487629],[-73.865715,45.487603],[-73.865651,45.487567],[-73.865587,45.48754],[-73.865523,45.487513],[-73.865458,45.487486],[-73.865394,45.487469],[-73.86533,45.487442],[-73.865292,45.487424],[-73.865202,45.487397],[-73.865138,45.487389],[-73.865074,45.487371],[-73.864984,45.487344],[-73.86492,45.487335],[-73.864856,45.487317],[-73.864754,45.487291],[-73.864677,45.487291],[-73.864587,45.487291],[-73.864293,45.487319],[-73.864076,45.487374],[-73.863834,45.487474],[-73.863579,45.487672],[-73.863515,45.4877],[-73.863452,45.487727],[-73.863388,45.487745],[-73.863324,45.487763],[-73.863247,45.487764],[-73.86317,45.487755],[-73.863132,45.487746],[-73.862851,45.487819],[-73.8628,45.487855],[-73.862749,45.487891],[-73.862685,45.487909],[-73.862596,45.48791],[-73.862519,45.48791],[-73.862442,45.48791],[-73.862391,45.487946],[-73.862328,45.488],[-73.862251,45.488028],[-73.862175,45.488073],[-73.862124,45.488118],[-73.862047,45.488154],[-73.861983,45.488172],[-73.861932,45.488209],[-73.861869,45.488236],[-73.861843,45.488299],[-73.86178,45.488317],[-73.861779,45.48829],[-73.861562,45.488354],[-73.861371,45.488417],[-73.861345,45.488462],[-73.861282,45.488481],[-73.861205,45.488499],[-73.861128,45.488517],[-73.861052,45.488553],[-73.860975,45.488554],[-73.860911,45.488563],[-73.860834,45.488581],[-73.860745,45.488599],[-73.860656,45.488618],[-73.860592,45.488627],[-73.860528,45.488645],[-73.860451,45.488663],[-73.860375,45.488681],[-73.860311,45.488709],[-73.860221,45.488745],[-73.860132,45.488763],[-73.860055,45.488781],[-73.860004,45.488818],[-73.859826,45.488881],[-73.859798,45.48889],[-73.859711,45.488918],[-73.859672,45.488909],[-73.859583,45.488918],[-73.859481,45.488918],[-73.859417,45.488937],[-73.85934,45.488946],[-73.859263,45.488946],[-73.859187,45.488982],[-73.859123,45.489018],[-73.859085,45.489063],[-73.859034,45.489109],[-73.858983,45.489145],[-73.858919,45.489181],[-73.858792,45.489244],[-73.858728,45.489272],[-73.858664,45.489308],[-73.858601,45.489344],[-73.858511,45.489389],[-73.85846,45.489434],[-73.858422,45.489479],[-73.858371,45.489534],[-73.85832,45.48957],[-73.858257,45.489615],[-73.858206,45.48966],[-73.858091,45.489733],[-73.85804,45.489769],[-73.857989,45.489805],[-73.857913,45.489832],[-73.857862,45.489868],[-73.857837,45.489922],[-73.857798,45.489976],[-73.857786,45.490021],[-73.857735,45.490093],[-73.857684,45.490139],[-73.857621,45.490166],[-73.857557,45.490202],[-73.857531,45.490247],[-73.857481,45.49031],[-73.857443,45.490355],[-73.857418,45.490409],[-73.857379,45.490455],[-73.857354,45.4905],[-73.857354,45.490572],[-73.857329,45.490617],[-73.857278,45.490662],[-73.857291,45.490725],[-73.857241,45.490887],[-73.857152,45.490869],[-73.857114,45.49095],[-73.857191,45.490977],[-73.857077,45.491121],[-73.857051,45.491148],[-73.857026,45.491194],[-73.857001,45.491239],[-73.856937,45.491266],[-73.85686,45.491275],[-73.856796,45.491311],[-73.856745,45.491356],[-73.856656,45.491411],[-73.856592,45.491438],[-73.856516,45.491474],[-73.856414,45.491537],[-73.856363,45.491618],[-73.856325,45.4917],[-73.856313,45.491745],[-73.856288,45.491799],[-73.85625,45.491844],[-73.856211,45.491889],[-73.85616,45.491934],[-73.85611,45.492006],[-73.856072,45.492051],[-73.8555,45.492665],[-73.855474,45.492611],[-73.855423,45.492647],[-73.85541,45.492692],[-73.855398,45.492755],[-73.855398,45.492809],[-73.85536,45.492863],[-73.855322,45.492909],[-73.855271,45.492954],[-73.855233,45.492999],[-73.855182,45.493062],[-73.855132,45.493134],[-73.855094,45.493188],[-73.855017,45.493215],[-73.854966,45.493252],[-73.854889,45.49327],[-73.854839,45.493315],[-73.8548,45.493369],[-73.85475,45.493405],[-73.854699,45.49345],[-73.854661,45.493496],[-73.854584,45.493577],[-73.854546,45.493631],[-73.854495,45.493703],[-73.854457,45.493748],[-73.854394,45.493829],[-73.854356,45.493892],[-73.854331,45.493937],[-73.854318,45.493973],[-73.854293,45.494028],[-73.85428,45.494091],[-73.854281,45.494145],[-73.854256,45.494244],[-73.854243,45.494289],[-73.854218,45.494343],[-73.854129,45.494388],[-73.854066,45.494487],[-73.85404,45.494514],[-73.853977,45.494613],[-73.853951,45.494659],[-73.853913,45.494704],[-73.853888,45.494749],[-73.853799,45.494839],[-73.853776,45.494872],[-73.853761,45.494893],[-73.853723,45.494947],[-73.853685,45.495001],[-73.853596,45.495137],[-73.853558,45.495191],[-73.85352,45.495245],[-73.853431,45.495371],[-73.85338,45.495434],[-73.85333,45.495497],[-73.853279,45.495551],[-73.853254,45.495624],[-73.853228,45.495687],[-73.853216,45.495732],[-73.853191,45.495804],[-73.853166,45.495867],[-73.853153,45.495921],[-73.853154,45.495993],[-73.853157,45.496001],[-73.853205,45.496101],[-73.853257,45.496154],[-73.853296,45.496217],[-73.853322,45.496298],[-73.853348,45.496361],[-73.853413,45.496469],[-73.853439,45.496523],[-73.853477,45.496577],[-73.853555,45.496693],[-73.853594,45.496756],[-73.853632,45.496819],[-73.853697,45.496882],[-73.853761,45.496945],[-73.853851,45.497035],[-73.853915,45.497088],[-73.853954,45.497142],[-73.854031,45.497223],[-73.854096,45.497286],[-73.854134,45.497331],[-73.854181,45.497389],[-73.854182,45.49739],[-73.854218,45.497439],[-73.854239,45.497468],[-73.854263,45.49751],[-73.854283,45.497527],[-73.854529,45.49786],[-73.854535,45.497878],[-73.85456,45.497941],[-73.854628,45.497994],[-73.854669,45.49805],[-73.854676,45.498061],[-73.854689,45.498085],[-73.854703,45.498238],[-73.854716,45.498309],[-73.854769,45.498516],[-73.854846,45.498624],[-73.854757,45.498678],[-73.854821,45.498741],[-73.85486,45.498804],[-73.854848,45.498867],[-73.854874,45.49893],[-73.854887,45.498975],[-73.854913,45.499056],[-73.854952,45.49911],[-73.855158,45.499352],[-73.855235,45.499397],[-73.855261,45.499442],[-73.855312,45.499486],[-73.855364,45.49954],[-73.855415,45.499585],[-73.855467,45.49963],[-73.855505,45.499675],[-73.855557,45.499711],[-73.855634,45.499729],[-73.855723,45.499737],[-73.855813,45.499737],[-73.855903,45.499746],[-73.855919,45.499746],[-73.855992,45.499745],[-73.856082,45.499745],[-73.856146,45.499754],[-73.856287,45.499753],[-73.856376,45.499753],[-73.856452,45.499681],[-73.856555,45.499698],[-73.856657,45.499707],[-73.856709,45.499716],[-73.856798,45.499716],[-73.856875,45.499688],[-73.85699,45.499661],[-73.857118,45.499634],[-73.857526,45.499525],[-73.857628,45.499497],[-73.857756,45.499425],[-73.857922,45.499406],[-73.857999,45.499451],[-73.858076,45.499487],[-73.858115,45.499541],[-73.858179,45.499585],[-73.858244,45.499612],[-73.858333,45.499657],[-73.858385,45.499693],[-73.85841,45.49972],[-73.8585,45.499774],[-73.858539,45.499827],[-73.858578,45.499881],[-73.858565,45.499926],[-73.858591,45.5],[-73.858592,45.5],[-73.858604,45.500025],[-73.858669,45.500079],[-73.858707,45.500133],[-73.858746,45.500178],[-73.858772,45.500222],[-73.858798,45.500267],[-73.858824,45.500312],[-73.858863,45.500393],[-73.858889,45.500456],[-73.85894,45.500519],[-73.858966,45.500564],[-73.859018,45.500609],[-73.859069,45.500662],[-73.859159,45.500743],[-73.859148,45.501085],[-73.859009,45.501266],[-73.858895,45.501437],[-73.858717,45.501581],[-73.858436,45.501753],[-73.858129,45.501951],[-73.858015,45.502025],[-73.858132,45.502204],[-73.858121,45.502483],[-73.858095,45.50251],[-73.85807,45.502555],[-73.85807,45.502609],[-73.858071,45.502672],[-73.858046,45.50278],[-73.858021,45.502843],[-73.85797,45.502925],[-73.857945,45.502979],[-73.857932,45.503033],[-73.857907,45.503078],[-73.857856,45.503168],[-73.857793,45.503249],[-73.857678,45.503348],[-73.85764,45.503403],[-73.857577,45.503529],[-73.857552,45.503574],[-73.857488,45.503646],[-73.857438,45.503718],[-73.857361,45.503772],[-73.857285,45.503836],[-73.857234,45.50389],[-73.857171,45.50398],[-73.857132,45.504034],[-73.85712,45.504079],[-73.85712,45.504133],[-73.857121,45.504205],[-73.857108,45.50425],[-73.857096,45.504313],[-73.857045,45.504349],[-73.85702,45.504403],[-73.857007,45.504448],[-73.856983,45.504583],[-73.85697,45.504628],[-73.856983,45.504673],[-73.857022,45.504772],[-73.857048,45.504835],[-73.857061,45.504889],[-73.857087,45.504943],[-73.8571,45.505006],[-73.857101,45.505105],[-73.857102,45.50524],[-73.85709,45.50533],[-73.857064,45.505384],[-73.857026,45.505447],[-73.856976,45.505537],[-73.856912,45.505618],[-73.856887,45.505663],[-73.856811,45.505772],[-73.856735,45.505835],[-73.856671,45.505907],[-73.85662,45.505952],[-73.856569,45.506006],[-73.85648,45.506124],[-73.856455,45.506178],[-73.85643,45.506241],[-73.856392,45.506322],[-73.856367,45.506367],[-73.856329,45.506412],[-73.856265,45.506502],[-73.856215,45.506592],[-73.856177,45.506647],[-73.856088,45.506836],[-73.85605,45.50689],[-73.856025,45.506935],[-73.855949,45.507043],[-73.855898,45.507115],[-73.855873,45.507169],[-73.855873,45.507268],[-73.855861,45.507349],[-73.855861,45.507403],[-73.855836,45.507466],[-73.855824,45.507511],[-73.855811,45.507565],[-73.855786,45.507647],[-73.85571,45.507719],[-73.855608,45.507773],[-73.854792,45.507883],[-73.854789,45.507884],[-73.854738,45.50792],[-73.854726,45.507965],[-73.854713,45.50801],[-73.854649,45.508037],[-73.854573,45.508046],[-73.854535,45.508091],[-73.854484,45.508127],[-73.85442,45.508164],[-73.854382,45.508209],[-73.854357,45.508263],[-73.854344,45.508308],[-73.854344,45.508362],[-73.85437,45.508407],[-73.854371,45.508461],[-73.85432,45.508497],[-73.854282,45.508569],[-73.854282,45.508623],[-73.854257,45.508677],[-73.854244,45.508722],[-73.854194,45.508794],[-73.854181,45.50883],[-73.854117,45.508839],[-73.854092,45.508885],[-73.853964,45.508966],[-73.853862,45.50902],[-73.853798,45.509048],[-73.853722,45.509084],[-73.853556,45.509183],[-73.853492,45.509219],[-73.853429,45.509274],[-73.853352,45.509328],[-73.85325,45.509418],[-73.853187,45.509481],[-73.853123,45.509536],[-73.853047,45.509626],[-73.85297,45.509689],[-73.852894,45.509761],[-73.852843,45.509806],[-73.852792,45.509851],[-73.852716,45.509897],[-73.852652,45.509951],[-73.852576,45.510023],[-73.852525,45.510077],[-73.852461,45.510122],[-73.852398,45.510177],[-73.852309,45.510231],[-73.852232,45.510285],[-73.852168,45.51033],[-73.852092,45.510385],[-73.851939,45.510484],[-73.851875,45.510493],[-73.851785,45.510493],[-73.851721,45.51053],[-73.851684,45.510611],[-73.851569,45.510719],[-73.851544,45.510764],[-73.851442,45.5108],[-73.851251,45.511062],[-73.850972,45.511378],[-73.850934,45.511396],[-73.85087,45.511414],[-73.850793,45.511414],[-73.850652,45.511424],[-73.850537,45.511433],[-73.85023,45.511515],[-73.850141,45.511533],[-73.850051,45.511543],[-73.849975,45.511561],[-73.849911,45.51157],[-73.849732,45.511616],[-73.849655,45.511661],[-73.849579,45.511706],[-73.849515,45.511751],[-73.849349,45.511842],[-73.849298,45.511887],[-73.84926,45.51195],[-73.849146,45.512058],[-73.849095,45.512094],[-73.849044,45.512131],[-73.848865,45.512203],[-73.848763,45.512221],[-73.848753,45.51228],[-73.848738,45.512374],[-73.848738,45.512429],[-73.848739,45.5125],[-73.848739,45.512554],[-73.84874,45.512617],[-73.848753,45.512653],[-73.848779,45.512725],[-73.848805,45.512833],[-73.848805,45.512896],[-73.848741,45.512914],[-73.848704,45.513104],[-73.848807,45.513121],[-73.848732,45.513535],[-73.848643,45.513545],[-73.848593,45.513662],[-73.848644,45.513752],[-73.848466,45.51395],[-73.848339,45.51404],[-73.848263,45.514131],[-73.847831,45.514672],[-73.84778,45.514753],[-73.847742,45.514807],[-73.847691,45.51487],[-73.847628,45.514951],[-73.847577,45.515015],[-73.847539,45.515069],[-73.847501,45.515114],[-73.847463,45.515177],[-73.847412,45.515249],[-73.847361,45.51533],[-73.847336,45.515375],[-73.847273,45.515456],[-73.847184,45.515565],[-73.847145,45.51561],[-73.847107,45.515655],[-73.847006,45.515763],[-73.84698,45.51579],[-73.846955,45.515826],[-73.846904,45.515862],[-73.84684,45.515899],[-73.846776,45.515962],[-73.846713,45.516025],[-73.846547,45.516124],[-73.846445,45.516188],[-73.846369,45.516251],[-73.846318,45.516296],[-73.846267,45.516332],[-73.846228,45.51635],[-73.846126,45.516405],[-73.845999,45.516486],[-73.84591,45.51654],[-73.845807,45.51655],[-73.84573,45.51655],[-73.845346,45.516542],[-73.84527,45.516542],[-73.845193,45.516534],[-73.845103,45.516534],[-73.844988,45.516534],[-73.84477,45.516526],[-73.844694,45.516526],[-73.844604,45.516535],[-73.844451,45.51659],[-73.844387,45.516617],[-73.843901,45.516681],[-73.843799,45.516682],[-73.843696,45.516682],[-73.843632,45.516691],[-73.843517,45.51671],[-73.843453,45.516737],[-73.843377,45.516764],[-73.843375,45.516764],[-73.843287,45.516782],[-73.84321,45.516809],[-73.843134,45.516837],[-73.843044,45.516855],[-73.842981,45.516864],[-73.842904,45.516891],[-73.842763,45.516928],[-73.842674,45.516937],[-73.842584,45.516946],[-73.842367,45.516956],[-73.842239,45.516974],[-73.842162,45.517002],[-73.842085,45.51702],[-73.842009,45.517029],[-73.841919,45.517038],[-73.841817,45.517057],[-73.841753,45.517075],[-73.841612,45.517102],[-73.841407,45.517076],[-73.841305,45.517058],[-73.841241,45.517022],[-73.841215,45.516977],[-73.841202,45.516941],[-73.841048,45.516834],[-73.840983,45.516825],[-73.840881,45.516861],[-73.840818,45.516907],[-73.840792,45.516952],[-73.840741,45.516988],[-73.840652,45.516979],[-73.840536,45.516979],[-73.840485,45.51697],[-73.840306,45.516962],[-73.840216,45.516953],[-73.840139,45.516936],[-73.83996,45.516918],[-73.83987,45.516909],[-73.839755,45.516901],[-73.839538,45.516892],[-73.839422,45.516893],[-73.839192,45.516884],[-73.839077,45.516885],[-73.838961,45.516876],[-73.838859,45.516876],[-73.838705,45.516868],[-73.838628,45.516868],[-73.838552,45.516868],[-73.838373,45.51686],[-73.83827,45.51686],[-73.838168,45.516861],[-73.838091,45.516852],[-73.837924,45.516852],[-73.837835,45.516843],[-73.837732,45.516835],[-73.837668,45.516826],[-73.837438,45.516764],[-73.837386,45.516746],[-73.837284,45.51671],[-73.837207,45.516683],[-73.83704,45.516648],[-73.83695,45.516639],[-73.836835,45.516621],[-73.836733,45.516595],[-73.83663,45.516577],[-73.836528,45.516568],[-73.836425,45.516551],[-73.836348,45.516524],[-73.836258,45.516506],[-73.836169,45.516497],[-73.835977,45.51648],[-73.835862,45.516471],[-73.835746,45.516463],[-73.835541,45.516454],[-73.835465,45.516455],[-73.835388,45.516455],[-73.835298,45.516446],[-73.835119,45.516456],[-73.835004,45.516456],[-73.834607,45.516439],[-73.834466,45.516439],[-73.834338,45.516431],[-73.834159,45.516431],[-73.834069,45.516432],[-73.833877,45.516423],[-73.833775,45.516423],[-73.833673,45.516424],[-73.833506,45.516424],[-73.833365,45.516434],[-73.833263,45.516425],[-73.833071,45.516426],[-73.832968,45.516417],[-73.832866,45.516417],[-73.832571,45.516382],[-73.832418,45.516373],[-73.832238,45.516356],[-73.832175,45.516356],[-73.832123,45.516356],[-73.832047,45.516375],[-73.83197,45.516393],[-73.831868,45.516429],[-73.831753,45.516528],[-73.831689,45.516583],[-73.831626,45.516628],[-73.831575,45.516673],[-73.831524,45.516709],[-73.831422,45.51679],[-73.831371,45.516835],[-73.831281,45.516845],[-73.831064,45.516863],[-73.83091,45.516882],[-73.830731,45.516891],[-73.83068,45.516891],[-73.830629,45.516901],[-73.830539,45.516901],[-73.830399,45.516919],[-73.830297,45.516965],[-73.830143,45.516974],[-73.830079,45.516982],[-73.830066,45.516983],[-73.82999,45.516983],[-73.8299,45.516975],[-73.829746,45.516966],[-73.829656,45.516948],[-73.829567,45.516931],[-73.829439,45.516913],[-73.829349,45.516886],[-73.829208,45.516869],[-73.829118,45.51686],[-73.829041,45.516851],[-73.828888,45.516834],[-73.828785,45.516789],[-73.82867,45.516753],[-73.828606,45.516735],[-73.828529,45.516718],[-73.828362,45.516673],[-73.828208,45.51662],[-73.828131,45.516584],[-73.82808,45.516548],[-73.828003,45.516512],[-73.827938,45.516467],[-73.827823,45.516405],[-73.82772,45.516324],[-73.827579,45.516216],[-73.827527,45.516172],[-73.827488,45.516127],[-73.827424,45.516091],[-73.827335,45.516064],[-73.827283,45.516019],[-73.82718,45.515921],[-73.827116,45.515876],[-73.827064,45.515831],[-73.826974,45.51575],[-73.826923,45.515705],[-73.826897,45.515678],[-73.826871,45.515652],[-73.82682,45.515616],[-73.82673,45.515562],[-73.82664,45.515544],[-73.826577,45.515571],[-73.826513,45.515635],[-73.826449,45.515698],[-73.826321,45.515707],[-73.826232,45.515689],[-73.826091,45.515663],[-73.825437,45.515575],[-73.825322,45.515548],[-73.825233,45.515539],[-73.825117,45.515522],[-73.825028,45.515522],[-73.824963,45.515495],[-73.824847,45.515387],[-73.824822,45.515334],[-73.824796,45.515261],[-73.824783,45.515217],[-73.824757,45.515172],[-73.824692,45.515064],[-73.824615,45.515019],[-73.824512,45.514974],[-73.824436,45.514948],[-73.824281,45.514813],[-73.824242,45.51475],[-73.824152,45.514696],[-73.824127,45.514643],[-73.824139,45.514571],[-73.824087,45.514535],[-73.824023,45.514508],[-73.823844,45.514418],[-73.823741,45.51441],[-73.8236,45.514365],[-73.823536,45.514329],[-73.823472,45.514267],[-73.823433,45.514204],[-73.823407,45.514159],[-73.823368,45.514105],[-73.82324,45.514042],[-73.823176,45.514033],[-73.823073,45.514016],[-73.822984,45.513962],[-73.822932,45.513926],[-73.822855,45.513872],[-73.822752,45.513855],[-73.822688,45.513846],[-73.822496,45.513846],[-73.822407,45.513847],[-73.822279,45.513847],[-73.822164,45.513847],[-73.822074,45.513848],[-73.821985,45.513848],[-73.821844,45.513839],[-73.821677,45.513786],[-73.8216,45.513732],[-73.821587,45.513669],[-73.821663,45.513633],[-73.82174,45.513606],[-73.821855,45.513587],[-73.821919,45.513578],[-73.822021,45.513569],[-73.822111,45.513569],[-73.822239,45.513559],[-73.822316,45.513559],[-73.822405,45.513559],[-73.822495,45.513558],[-73.822597,45.513567],[-73.822751,45.513567],[-73.822815,45.513575],[-73.822892,45.513575],[-73.823224,45.513574],[-73.823314,45.513583],[-73.823391,45.51361],[-73.823481,45.513664],[-73.823533,45.513708],[-73.823674,45.513816],[-73.823712,45.51387],[-73.823777,45.513933],[-73.823828,45.513968],[-73.823892,45.514004],[-73.823982,45.514049],[-73.824123,45.514121],[-73.824188,45.514157],[-73.82438,45.514228],[-73.824495,45.514264],[-73.824572,45.514263],[-73.824559,45.514218],[-73.824456,45.51412],[-73.824418,45.514075],[-73.824328,45.513985],[-73.824263,45.513958],[-73.824174,45.513932],[-73.82402,45.513869],[-73.823891,45.513806],[-73.823763,45.513708],[-73.823711,45.513636],[-73.823673,45.513582],[-73.823634,45.513537],[-73.823621,45.513474],[-73.82362,45.513411],[-73.82362,45.513321],[-73.823543,45.513276],[-73.823479,45.513259],[-73.823389,45.513259],[-73.823197,45.51325],[-73.823082,45.513242],[-73.82298,45.51326],[-73.82289,45.513287],[-73.822775,45.513297],[-73.822621,45.513288],[-73.822557,45.513279],[-73.82248,45.513262],[-73.822352,45.513199],[-73.822288,45.513163],[-73.822287,45.5131],[-73.822172,45.513109],[-73.822108,45.513128],[-73.821993,45.513155],[-73.821929,45.513164],[-73.821853,45.513164],[-73.821789,45.513155],[-73.821712,45.513129],[-73.821647,45.513093],[-73.821583,45.513057],[-73.821519,45.513021],[-73.821429,45.512985],[-73.821366,45.512966],[-73.821314,45.51295],[-73.821224,45.512914],[-73.821122,45.512869],[-73.821032,45.512843],[-73.820942,45.512816],[-73.82084,45.512798],[-73.82066,45.512763],[-73.820583,45.512745],[-73.820494,45.512727],[-73.820365,45.5127],[-73.820186,45.512665],[-73.820122,45.512647],[-73.820058,45.512638],[-73.819981,45.512639],[-73.819802,45.51263],[-73.819712,45.51263],[-73.81961,45.512622],[-73.819418,45.512622],[-73.819341,45.512613],[-73.819226,45.512614],[-73.819085,45.51265],[-73.819009,45.512677],[-73.818945,45.512713],[-73.818868,45.512732],[-73.81874,45.512768],[-73.818664,45.512795],[-73.818587,45.512822],[-73.818383,45.512895],[-73.818375,45.512901],[-73.818268,45.512985],[-73.818217,45.513031],[-73.818166,45.513076],[-73.818115,45.513112],[-73.818,45.513193],[-73.817911,45.513256],[-73.817873,45.513364],[-73.817861,45.513445],[-73.817862,45.513553],[-73.817862,45.513634],[-73.81785,45.513715],[-73.817837,45.51376],[-73.817812,45.513823],[-73.817774,45.513878],[-73.817723,45.513923],[-73.817672,45.513959],[-73.81757,45.514022],[-73.817519,45.514067],[-73.817443,45.514121],[-73.817379,45.51414],[-73.817187,45.514284],[-73.817124,45.514338],[-73.817073,45.514374],[-73.816945,45.514492],[-73.816894,45.514537],[-73.816844,45.514609],[-73.816831,45.514663],[-73.816819,45.514753],[-73.816806,45.514807],[-73.816807,45.514861],[-73.816807,45.514915],[-73.816794,45.514969],[-73.816731,45.515077],[-73.816055,45.51543],[-73.814827,45.515622],[-73.814776,45.515632],[-73.814712,45.515623],[-73.814635,45.515605],[-73.814571,45.515578],[-73.814507,45.515551],[-73.814442,45.515533],[-73.814353,45.515507],[-73.814289,45.515498],[-73.814161,45.515489],[-73.814045,45.51549],[-73.813892,45.515481],[-73.813764,45.515499],[-73.8137,45.515509],[-73.813623,45.515536],[-73.813432,45.51559],[-73.813355,45.515618],[-73.813278,45.515627],[-73.813111,45.51551],[-73.81229,45.51576],[-73.812127,45.51581],[-73.812037,45.515756],[-73.812038,45.515855],[-73.811437,45.515965],[-73.811335,45.515965],[-73.811245,45.515956],[-73.811143,45.515956],[-73.811053,45.515993],[-73.810964,45.516029],[-73.8109,45.516056],[-73.810811,45.516092],[-73.810478,45.516165],[-73.810427,45.51612],[-73.810184,45.516211],[-73.810223,45.516292],[-73.809646,45.516305],[-73.809301,45.516312],[-73.808469,45.516225],[-73.808379,45.516198],[-73.808341,45.516153],[-73.808289,45.516117],[-73.808238,45.516081],[-73.808186,45.516046],[-73.808122,45.516028],[-73.808046,45.516037],[-73.807969,45.516073],[-73.806892,45.515725],[-73.806892,45.515752],[-73.806494,45.515564],[-73.806417,45.515393],[-73.806158,45.515007],[-73.806056,45.514917],[-73.805927,45.514846],[-73.805709,45.514792],[-73.80521,45.514821],[-73.804839,45.514786],[-73.804365,45.514787],[-73.804366,45.51485],[-73.804046,45.514896],[-73.804046,45.514968],[-73.802818,45.515034],[-73.802818,45.514971],[-73.802754,45.514962],[-73.802677,45.514953],[-73.802613,45.514944],[-73.802536,45.514945],[-73.802459,45.514945],[-73.802357,45.514945],[-73.80228,45.514954],[-73.802216,45.514964],[-73.802139,45.514964],[-73.802011,45.514973],[-73.801999,45.515],[-73.801551,45.514983],[-73.801013,45.51494],[-73.800167,45.514807],[-73.800077,45.514699],[-73.800064,45.514582],[-73.800102,45.514582],[-73.800101,45.514321],[-73.800062,45.514321],[-73.799946,45.514106],[-73.799895,45.514115],[-73.799882,45.514079],[-73.799843,45.513989],[-73.799817,45.513944],[-73.799778,45.513881],[-73.799727,45.5138],[-73.799688,45.51372],[-73.799675,45.513629],[-73.799662,45.513576],[-73.799648,45.513531],[-73.799585,45.513513],[-73.799545,45.513369],[-73.799609,45.51336],[-73.799531,45.513],[-73.799619,45.512757],[-73.799605,45.512604],[-73.799527,45.512406],[-73.799604,45.512397],[-73.799526,45.512136],[-73.799462,45.512154],[-73.799306,45.511714],[-73.799409,45.511723],[-73.799408,45.511669],[-73.799408,45.511561],[-73.799407,45.511507],[-73.799407,45.511453],[-73.799356,45.511417],[-73.79924,45.5113],[-73.799227,45.511228],[-73.799227,45.511174],[-73.799226,45.511093],[-73.799226,45.511003],[-73.799225,45.510949],[-73.799225,45.510886],[-73.799225,45.510832],[-73.799211,45.510715],[-73.799185,45.510661],[-73.79916,45.510607],[-73.799134,45.510554],[-73.799095,45.510482],[-73.799056,45.510437],[-73.799005,45.510392],[-73.798928,45.510329],[-73.798851,45.510302],[-73.798723,45.510285],[-73.79862,45.510267],[-73.798492,45.510249],[-73.798428,45.510231],[-73.798338,45.510205],[-73.798249,45.510187],[-73.798172,45.510178],[-73.798005,45.510152],[-73.797941,45.510143],[-73.797826,45.510107],[-73.7978,45.510089],[-73.797762,45.510044],[-73.797697,45.50999],[-73.797633,45.5099],[-73.797594,45.509829],[-73.797555,45.509775],[-73.797478,45.509685],[-73.797375,45.509622],[-73.797234,45.509542],[-73.797183,45.509497],[-73.797131,45.509461],[-73.797042,45.509407],[-73.796965,45.50938],[-73.796849,45.509372],[-73.796721,45.509372],[-73.796594,45.509372],[-73.79644,45.509373],[-73.796312,45.509373],[-73.796158,45.509373],[-73.796069,45.509374],[-73.796005,45.509365],[-73.795902,45.509365],[-73.795813,45.509365],[-73.795736,45.509357],[-73.795659,45.509348],[-73.79548,45.509339],[-73.795339,45.50934],[-73.795262,45.50934],[-73.795109,45.50934],[-73.795032,45.50934],[-73.794929,45.509341],[-73.794814,45.509332],[-73.794558,45.509324],[-73.794456,45.509315],[-73.794353,45.509306],[-73.794149,45.509298],[-73.794046,45.509298],[-73.793944,45.509298],[-73.793867,45.509289],[-73.793752,45.509281],[-73.793688,45.509272],[-73.793598,45.509263],[-73.79338,45.509237],[-73.793278,45.509219],[-73.793188,45.509192],[-73.793099,45.509183],[-73.792932,45.509175],[-73.792791,45.509157],[-73.792714,45.50913],[-73.792509,45.509077],[-73.79242,45.509059],[-73.792292,45.509059],[-73.792164,45.509051],[-73.792087,45.509042],[-73.791997,45.509024],[-73.791869,45.509007],[-73.791754,45.509007],[-73.791651,45.50898],[-73.791523,45.508962],[-73.791446,45.508954],[-73.791331,45.508954],[-73.791178,45.508927],[-73.791062,45.50891],[-73.790973,45.508892],[-73.790857,45.508883],[-73.790665,45.508866],[-73.790589,45.508866],[-73.790448,45.508893],[-73.790358,45.508911],[-73.790218,45.508975],[-73.790103,45.509011],[-73.790001,45.509029],[-73.789873,45.509057],[-73.78963,45.509093],[-73.789553,45.509112],[-73.789451,45.509112],[-73.789348,45.509112],[-73.789152,45.509104],[-73.789144,45.509103],[-73.789054,45.509104],[-73.788939,45.509104],[-73.788836,45.509104],[-73.78867,45.509105],[-73.788606,45.509114],[-73.788529,45.509141],[-73.788389,45.509168],[-73.788325,45.509177],[-73.788223,45.509187],[-73.788043,45.509196],[-73.787954,45.509206],[-73.787877,45.509215],[-73.787775,45.509269],[-73.787647,45.509305],[-73.787571,45.509323],[-73.787341,45.509378],[-73.787238,45.509414],[-73.78711,45.509442],[-73.787021,45.50946],[-73.786829,45.509469],[-73.78674,45.509478],[-73.786663,45.509488],[-73.786535,45.509488],[-73.786445,45.509488],[-73.786317,45.509471],[-73.786189,45.509462],[-73.786035,45.509444],[-73.785894,45.509427],[-73.78569,45.509418],[-73.785626,45.509391],[-73.785549,45.509365],[-73.785485,45.509347],[-73.785395,45.509329],[-73.785267,45.50932],[-73.785024,45.50933],[-73.78496,45.509339],[-73.784883,45.509357],[-73.784691,45.509385],[-73.784602,45.509394],[-73.784512,45.509394],[-73.784474,45.509457],[-73.784462,45.50952],[-73.784346,45.50952],[-73.784193,45.50953],[-73.784078,45.509539],[-73.783988,45.509557],[-73.783899,45.509566],[-73.783745,45.509585],[-73.783669,45.509585],[-73.783553,45.509585],[-73.783336,45.509586],[-73.783259,45.509586],[-73.783169,45.509586],[-73.782977,45.509587],[-73.782862,45.509578],[-73.782824,45.509569],[-73.78276,45.50956],[-73.782683,45.509525],[-73.782516,45.509471],[-73.782414,45.509462],[-73.782286,45.509463],[-73.782222,45.509463],[-73.782183,45.509436],[-73.782145,45.509427],[-73.782081,45.509391],[-73.782016,45.509364],[-73.781952,45.509346],[-73.781837,45.509302],[-73.781709,45.509239],[-73.781568,45.509221],[-73.781491,45.509186],[-73.781414,45.509159],[-73.781196,45.509051],[-73.781132,45.509033],[-73.781068,45.509007],[-73.780875,45.508944],[-73.780837,45.508935],[-73.780773,45.508917],[-73.780683,45.5089],[-73.780606,45.508891],[-73.78053,45.508891],[-73.780427,45.508873],[-73.779915,45.50883],[-73.779748,45.508803],[-73.779595,45.508785],[-73.779287,45.508732],[-73.779121,45.508705],[-73.778967,45.508688],[-73.778826,45.508688],[-73.778583,45.50868],[-73.778468,45.508671],[-73.778302,45.508644],[-73.778084,45.508609],[-73.77793,45.508591],[-73.777802,45.508583],[-73.777712,45.508583],[-73.77761,45.508583],[-73.777495,45.508583],[-73.777418,45.508584],[-73.777341,45.508584],[-73.777277,45.508566],[-73.777111,45.508494],[-73.777034,45.508477],[-73.777025,45.508476],[-73.776957,45.508468],[-73.776778,45.508477],[-73.776688,45.508477],[-73.776573,45.508478],[-73.776407,45.508478],[-73.776304,45.508469],[-73.77624,45.508461],[-73.776176,45.508443],[-73.776112,45.508425],[-73.776035,45.508416],[-73.775894,45.508416],[-73.77569,45.508417],[-73.775459,45.508417],[-73.775331,45.508418],[-73.775088,45.508427],[-73.774973,45.508428],[-73.774858,45.508437],[-73.774576,45.508447],[-73.774461,45.508456],[-73.774333,45.508474],[-73.774129,45.508493],[-73.774039,45.508502],[-73.773962,45.50852],[-73.773783,45.508556],[-73.773681,45.508575],[-73.773566,45.508584],[-73.773464,45.508593],[-73.773246,45.50863],[-73.773106,45.508657],[-73.772965,45.508684],[-73.772824,45.508712],[-73.772556,45.50873],[-73.772466,45.50873],[-73.7723,45.508722],[-73.772236,45.508713],[-73.772146,45.508704],[-73.772056,45.508704],[-73.771954,45.508705],[-73.771788,45.508741],[-73.771673,45.508813],[-73.771558,45.508868],[-73.771405,45.508922],[-73.771277,45.508976],[-73.771137,45.50904],[-73.770766,45.509202],[-73.770664,45.509239],[-73.770562,45.509275],[-73.77046,45.509329],[-73.77023,45.509411],[-73.770115,45.509447],[-73.770012,45.509474],[-73.769936,45.509493],[-73.76977,45.509511],[-73.769616,45.509511],[-73.769411,45.509512],[-73.769321,45.509512],[-73.769232,45.509512],[-73.769142,45.509503],[-73.768963,45.509441],[-73.76886,45.509405],[-73.768745,45.509387],[-73.768591,45.509352],[-73.768514,45.509325],[-73.768297,45.509307],[-73.768194,45.509307],[-73.768079,45.509308],[-73.768015,45.509308],[-73.767938,45.509317],[-73.767823,45.509317],[-73.76758,45.509318],[-73.767478,45.509318],[-73.767388,45.509318],[-73.767311,45.509319],[-73.767145,45.509337],[-73.767068,45.509355],[-73.767004,45.509364],[-73.766941,45.5094],[-73.766851,45.509428],[-73.766813,45.509437],[-73.766749,45.509455],[-73.76648,45.509509],[-73.766391,45.509528],[-73.766301,45.509537],[-73.766225,45.509555],[-73.766161,45.509564],[-73.766033,45.509573],[-73.765956,45.509574],[-73.765879,45.509574],[-73.765802,45.509574],[-73.765649,45.509583],[-73.765559,45.509584],[-73.76547,45.509593],[-73.76538,45.509602],[-73.765201,45.509639],[-73.765112,45.509657],[-73.764996,45.509675],[-73.764894,45.509684],[-73.764677,45.509712],[-73.764562,45.50973],[-73.764344,45.509767],[-73.764229,45.509794],[-73.764114,45.509821],[-73.764076,45.50983],[-73.763986,45.509848],[-73.763782,45.509894],[-73.763692,45.509912],[-73.76359,45.509921],[-73.7635,45.50993],[-73.763411,45.50994],[-73.763224,45.509982],[-73.76313,45.510003],[-73.763031,45.510011],[-73.762771,45.510031],[-73.762656,45.510049],[-73.762541,45.510068],[-73.762337,45.510122],[-73.762209,45.510158],[-73.761941,45.510249],[-73.761749,45.510312],[-73.761647,45.510349],[-73.761598,45.510358],[-73.759754,45.509332],[-73.759773,45.509318],[-73.759799,45.509264],[-73.759798,45.509156],[-73.759798,45.509021],[-73.759823,45.508958],[-73.759848,45.508895],[-73.759886,45.50885],[-73.759899,45.508769],[-73.759898,45.508679],[-73.759898,45.508607],[-73.759859,45.50849],[-73.759808,45.508445],[-73.759718,45.508436],[-73.759629,45.508446],[-73.759526,45.508473],[-73.759424,45.508518],[-73.759335,45.508581],[-73.759258,45.508608],[-73.759156,45.508645],[-73.759079,45.508672],[-73.759015,45.50869],[-73.758913,45.508717],[-73.758836,45.508735],[-73.758772,45.508753],[-73.758726,45.50876],[-73.758427,45.508594],[-73.758131,45.508358],[-73.758118,45.508341],[-73.758067,45.508278],[-73.758041,45.508206],[-73.758053,45.50817],[-73.757822,45.508072],[-73.757758,45.508009],[-73.757771,45.507937],[-73.757834,45.50791],[-73.757911,45.507874],[-73.757936,45.507828],[-73.757987,45.507765],[-73.758051,45.507738],[-73.758102,45.507693],[-73.758166,45.507648],[-73.758243,45.507639],[-73.758345,45.50763],[-73.758434,45.507584],[-73.758537,45.507557],[-73.758575,45.507512],[-73.758587,45.507449],[-73.758651,45.50744],[-73.758779,45.50744],[-73.758843,45.507403],[-73.75892,45.507367],[-73.759022,45.507358],[-73.75906,45.507313],[-73.75906,45.50725],[-73.75915,45.50725],[-73.75929,45.50725],[-73.75938,45.507222],[-73.759431,45.507177],[-73.759443,45.507105],[-73.759455,45.507098],[-73.759507,45.507069],[-73.759545,45.507024],[-73.759622,45.506979],[-73.759698,45.506943],[-73.759762,45.506907],[-73.759774,45.506902],[-73.759826,45.506879],[-73.75986,45.506856],[-73.75989,45.506834],[-73.759928,45.506789],[-73.759981,45.506746],[-73.760017,45.506717],[-73.760068,45.506681],[-73.76014,45.506647],[-73.760145,45.506645],[-73.760209,45.506626],[-73.760298,45.506599],[-73.760359,45.506556],[-73.760375,45.506545],[-73.760413,45.506527],[-73.760464,45.506491],[-73.760541,45.506455],[-73.760605,45.506437],[-73.760681,45.506427],[-73.760745,45.506409],[-73.760822,45.506328],[-73.76077,45.506238],[-73.760693,45.50622],[-73.760617,45.506248],[-73.76054,45.506266],[-73.760476,45.506248],[-73.760425,45.506302],[-73.760374,45.506365],[-73.760323,45.506401],[-73.760272,45.506446],[-73.760238,45.506463],[-73.760195,45.506483],[-73.760131,45.50651],[-73.760068,45.506555],[-73.760053,45.506565],[-73.760004,45.5066],[-73.759927,45.506636],[-73.759896,45.506662],[-73.759864,45.50669],[-73.759755,45.50675],[-73.759749,45.506753],[-73.759685,45.50679],[-73.759664,45.506804],[-73.759596,45.506853],[-73.759532,45.506898],[-73.75943,45.506952],[-73.759362,45.506986],[-73.75934,45.506997],[-73.759264,45.507034],[-73.7592,45.507061],[-73.759098,45.507097],[-73.758995,45.507115],[-73.758957,45.507151],[-73.758893,45.507178],[-73.758829,45.507197],[-73.758778,45.507233],[-73.758715,45.507278],[-73.758651,45.507287],[-73.758587,45.507296],[-73.758446,45.507305],[-73.758382,45.507342],[-73.758318,45.507369],[-73.758242,45.507405],[-73.758191,45.507441],[-73.75814,45.507486],[-73.758024,45.507486],[-73.757909,45.507495],[-73.757884,45.50755],[-73.757884,45.507613],[-73.757833,45.507667],[-73.757757,45.507721],[-73.757706,45.507757],[-73.757629,45.507784],[-73.757565,45.507802],[-73.757501,45.507812],[-73.757446,45.507812],[-73.755683,45.506406],[-73.755586,45.506342],[-73.753536,45.504974],[-73.753484,45.504942],[-73.752202,45.504083],[-73.75384,45.503208],[-73.754996,45.503239],[-73.755703,45.50291],[-73.755747,45.502751],[-73.755937,45.50271],[-73.756177,45.502685],[-73.758031,45.501359],[-73.759039,45.502092],[-73.760603,45.50089],[-73.763824,45.502762],[-73.764388,45.502387],[-73.765391,45.503001],[-73.76652,45.502083],[-73.768232,45.503429],[-73.76833,45.503507],[-73.77062,45.503223],[-73.771671,45.503104],[-73.77188,45.502991],[-73.772642,45.502577],[-73.772306,45.502368],[-73.77155,45.501948],[-73.770378,45.501115],[-73.77202,45.500028],[-73.771755,45.499837],[-73.770815,45.499162],[-73.77291,45.497732],[-73.773404,45.497594],[-73.770324,45.495862],[-73.767924,45.494512],[-73.769709,45.493669],[-73.769988,45.49354],[-73.770121,45.493478],[-73.776162,45.490819],[-73.776187,45.49072],[-73.77837,45.489653],[-73.78171,45.48803],[-73.789381,45.484312],[-73.7896,45.484211],[-73.794507,45.481906],[-73.794607,45.48186],[-73.794672,45.481827],[-73.795048,45.482234],[-73.795286,45.482465],[-73.795803,45.482968],[-73.795868,45.482927],[-73.796069,45.48277],[-73.797904,45.482107],[-73.800472,45.481054],[-73.802282,45.480099],[-73.813038,45.475465],[-73.813191,45.475616],[-73.81328,45.47571],[-73.814462,45.476863],[-73.815111,45.477689],[-73.815581,45.478341],[-73.83185,45.470295],[-73.832003,45.470218],[-73.845594,45.46307],[-73.846092,45.462808],[-73.846235,45.462682],[-73.846391,45.462545],[-73.84528,45.461453],[-73.844928,45.461107],[-73.844174,45.460164],[-73.844065,45.460043],[-73.841119,45.457455],[-73.840851,45.457195],[-73.840651,45.457],[-73.840477,45.456831],[-73.840413,45.456769],[-73.840295,45.456654],[-73.839004,45.4554],[-73.838251,45.454657],[-73.836584,45.452871],[-73.83442,45.450723],[-73.833831,45.450094],[-73.835358,45.4494],[-73.832168,45.445443],[-73.833535,45.445419],[-73.835427,45.445386],[-73.838464,45.445581],[-73.85081,45.445514],[-73.851905,45.445424],[-73.852112,45.445401],[-73.855254,45.443819],[-73.859878,45.441538],[-73.860159,45.441506],[-73.864659,45.439044],[-73.867027,45.441296],[-73.867134,45.441376],[-73.868298,45.442844],[-73.869839,45.442317],[-73.870906,45.441675],[-73.871525,45.441358],[-73.872841,45.442614],[-73.872893,45.442592],[-73.873111,45.442519],[-73.873921,45.44226],[-73.875176,45.441882],[-73.875745,45.44173],[-73.876896,45.441497],[-73.875917,45.438627],[-73.877488,45.438118],[-73.878153,45.438242],[-73.879129,45.43819],[-73.87985,45.43972],[-73.880768,45.439399],[-73.881235,45.439133],[-73.8812,45.43905],[-73.881875,45.438871],[-73.881093,45.436676],[-73.883262,45.436197],[-73.883617,45.437226],[-73.883713,45.437553],[-73.88599,45.437369],[-73.885867,45.437014],[-73.886611,45.436875],[-73.894722,45.436315],[-73.894921,45.436692],[-73.896126,45.436418],[-73.896921,45.436234],[-73.897375,45.436125],[-73.898345,45.435874],[-73.899292,45.435612],[-73.900116,45.435377],[-73.90067,45.435204],[-73.901036,45.435089],[-73.901055,45.435082],[-73.90118,45.435266],[-73.901276,45.435498],[-73.901432,45.436841],[-73.901979,45.437666],[-73.902128,45.437799],[-73.902035,45.438802],[-73.902525,45.438961],[-73.903113,45.440497],[-73.903666,45.440298],[-73.904107,45.440339],[-73.904516,45.440794],[-73.904754,45.441757],[-73.90545,45.444754],[-73.904156,45.445134],[-73.904575,45.446721],[-73.906113,45.448519],[-73.915829,45.444947],[-73.916131,45.444691],[-73.922738,45.443106],[-73.922544,45.442659]]],[[[-73.917605,45.470517],[-73.91758,45.470571],[-73.917491,45.470598],[-73.917389,45.470625],[-73.917312,45.470545],[-73.917221,45.470455],[-73.917144,45.470392],[-73.917093,45.470348],[-73.917118,45.470294],[-73.917207,45.470266],[-73.917297,45.470239],[-73.917386,45.47022],[-73.91745,45.470211],[-73.917527,45.470238],[-73.917578,45.470301],[-73.917592,45.470409],[-73.917592,45.470472],[-73.917605,45.470517]]],[[[-73.915561,45.467276],[-73.9156,45.467374],[-73.915613,45.467419],[-73.915588,45.467474],[-73.915537,45.467546],[-73.915461,45.467609],[-73.915385,45.467654],[-73.915308,45.467691],[-73.915206,45.467727],[-73.91513,45.467763],[-73.915053,45.467781],[-73.915027,45.467727],[-73.91509,45.467628],[-73.915128,45.467565],[-73.915166,45.46752],[-73.915204,45.46743],[-73.915254,45.467331],[-73.91528,45.467259],[-73.915292,45.467187],[-73.915304,45.467115],[-73.915316,45.467052],[-73.915354,45.466916],[-73.915405,45.46688],[-73.915468,45.466853],[-73.91552,45.466889],[-73.915546,45.467006],[-73.915547,45.467105],[-73.915548,45.467195],[-73.915561,45.467276]]],[[[-73.914532,45.468197],[-73.914456,45.46827],[-73.914405,45.468315],[-73.914367,45.468369],[-73.914278,45.468441],[-73.914201,45.468486],[-73.9141,45.468541],[-73.914036,45.468577],[-73.913972,45.468622],[-73.913845,45.468713],[-73.913781,45.468749],[-73.913692,45.468812],[-73.91359,45.468876],[-73.913501,45.468912],[-73.913335,45.468966],[-73.91322,45.468958],[-73.913194,45.468895],[-73.913245,45.468823],[-73.913321,45.468768],[-73.913359,45.468714],[-73.913614,45.46856],[-73.913677,45.468515],[-73.913792,45.468452],[-73.913843,45.468416],[-73.91397,45.468334],[-73.914047,45.468289],[-73.914301,45.468099],[-73.914403,45.468045],[-73.914505,45.46799],[-73.91462,45.467936],[-73.914709,45.4679],[-73.914773,45.467881],[-73.914773,45.467935],[-73.914748,45.467998],[-73.914684,45.468062],[-73.914608,45.468134],[-73.914532,45.468197]]],[[[-73.902833,45.511711],[-73.902796,45.511792],[-73.902758,45.511855],[-73.902707,45.511954],[-73.902682,45.512017],[-73.90267,45.512071],[-73.902683,45.512152],[-73.902709,45.512206],[-73.902799,45.51226],[-73.9028,45.512341],[-73.902749,45.512476],[-73.902737,45.51253],[-73.902699,45.512575],[-73.902635,45.512638],[-73.902597,45.512683],[-73.902572,45.512773],[-73.902573,45.51289],[-73.902574,45.512962],[-73.902587,45.513034],[-73.902587,45.513106],[-73.902575,45.513214],[-73.90255,45.513277],[-73.902512,45.51334],[-73.902449,45.513422],[-73.902385,45.513467],[-73.90227,45.513521],[-73.902258,45.513593],[-73.90231,45.513656],[-73.90212,45.513909],[-73.902004,45.513909],[-73.902031,45.514062],[-73.902136,45.514377],[-73.902395,45.514844],[-73.902421,45.514889],[-73.902447,45.514951],[-73.902473,45.515023],[-73.902538,45.515086],[-73.902667,45.515275],[-73.902693,45.515365],[-73.902732,45.515463],[-73.902745,45.515508],[-73.902708,45.515625],[-73.902606,45.515662],[-73.902503,45.515671],[-73.902426,45.515653],[-73.902349,45.515636],[-73.902234,45.515609],[-73.902183,45.5156],[-73.902144,45.515591],[-73.902068,45.515619],[-73.901991,45.515664],[-73.901915,45.515682],[-73.901838,45.515673],[-73.901774,45.515665],[-73.90171,45.515656],[-73.901595,45.515683],[-73.901531,45.515701],[-73.901454,45.515702],[-73.90139,45.515729],[-73.901339,45.515774],[-73.901225,45.515856],[-73.901136,45.515937],[-73.901163,45.516153],[-73.901177,45.516387],[-73.901242,45.516449],[-73.901306,45.516503],[-73.90137,45.516548],[-73.901447,45.516584],[-73.901511,45.516592],[-73.901576,45.516601],[-73.901665,45.516646],[-73.90173,45.516664],[-73.901794,45.516681],[-73.901858,45.516708],[-73.901909,45.516744],[-73.901999,45.516762],[-73.902076,45.516788],[-73.90214,45.516824],[-73.902204,45.51686],[-73.902294,45.516914],[-73.902346,45.516949],[-73.902385,45.517012],[-73.902398,45.517057],[-73.902385,45.517111],[-73.902347,45.517156],[-73.902259,45.517238],[-73.902156,45.517274],[-73.902092,45.517292],[-73.902017,45.517319],[-73.901965,45.517338],[-73.901824,45.517365],[-73.901671,45.517393],[-73.901197,45.517394],[-73.900915,45.517368],[-73.900685,45.517342],[-73.900493,45.517298],[-73.900415,45.517244],[-73.900313,45.517226],[-73.900236,45.5172],[-73.900197,45.517191],[-73.90012,45.517164],[-73.900044,45.517173],[-73.899967,45.51721],[-73.899877,45.517174],[-73.8998,45.51712],[-73.899684,45.517058],[-73.89962,45.517013],[-73.899517,45.516932],[-73.899453,45.516879],[-73.899388,45.516843],[-73.899299,45.516816],[-73.899209,45.516789],[-73.899145,45.516754],[-73.89908,45.516682],[-73.899029,45.516637],[-73.898977,45.516565],[-73.898926,45.516548],[-73.898823,45.516467],[-73.898771,45.516431],[-73.89872,45.516386],[-73.898668,45.516323],[-73.898565,45.516261],[-73.898514,45.516225],[-73.898462,45.51618],[-73.898411,45.516126],[-73.898346,45.5161],[-73.898218,45.5161],[-73.898052,45.516101],[-73.897898,45.516101],[-73.897694,45.516111],[-73.897617,45.51612],[-73.897438,45.516148],[-73.897349,45.516166],[-73.897272,45.516202],[-73.897183,45.51623],[-73.897055,45.516275],[-73.896979,45.516329],[-73.896941,45.51641],[-73.896928,45.516474],[-73.896929,45.516527],[-73.896929,45.516581],[-73.896968,45.516626],[-73.897019,45.516689],[-73.897033,45.516734],[-73.897046,45.516779],[-73.897059,45.516815],[-73.896765,45.516951],[-73.896779,45.517023],[-73.896613,45.517122],[-73.896511,45.517258],[-73.896218,45.517376],[-73.895796,45.517485],[-73.895554,45.517549],[-73.895451,45.517486],[-73.895387,45.51746],[-73.89531,45.517442],[-73.895233,45.517442],[-73.895105,45.517443],[-73.895002,45.517452],[-73.894887,45.51747],[-73.894837,45.517507],[-73.894837,45.51756],[-73.894889,45.517641],[-73.894876,45.51774],[-73.894813,45.51775],[-73.894723,45.517732],[-73.894633,45.517705],[-73.894569,45.517687],[-73.894492,45.517679],[-73.894364,45.517679],[-73.894249,45.517697],[-73.894185,45.517752],[-73.894135,45.517824],[-73.894071,45.517878],[-73.893982,45.517914],[-73.893905,45.517879],[-73.893841,45.51787],[-73.893764,45.51787],[-73.893546,45.517862],[-73.89338,45.51788],[-73.893239,45.517899],[-73.893175,45.517926],[-73.893048,45.518008],[-73.892972,45.518062],[-73.892882,45.518107],[-73.892704,45.518189],[-73.892627,45.518225],[-73.89255,45.518252],[-73.892423,45.518298],[-73.892321,45.518352],[-73.892219,45.518406],[-73.892168,45.518479],[-73.892117,45.518515],[-73.892015,45.518596],[-73.891888,45.518686],[-73.891811,45.518714],[-73.891735,45.518741],[-73.8917,45.518749],[-73.891658,45.518759],[-73.891594,45.518778],[-73.891492,45.518805],[-73.891288,45.51886],[-73.890609,45.518889],[-73.890609,45.518817],[-73.890211,45.518674],[-73.890056,45.51845],[-73.890017,45.518396],[-73.889978,45.518333],[-73.88994,45.518288],[-73.889798,45.518235],[-73.88967,45.518244],[-73.889594,45.518244],[-73.889517,45.518245],[-73.889427,45.518245],[-73.889338,45.518254],[-73.889235,45.518282],[-73.889172,45.518309],[-73.889108,45.518345],[-73.889032,45.51839],[-73.888955,45.518436],[-73.888891,45.518445],[-73.888814,45.518427],[-73.88875,45.518382],[-73.888698,45.518346],[-73.888647,45.518302],[-73.888582,45.518266],[-73.888518,45.518239],[-73.888429,45.518212],[-73.888339,45.518186],[-73.888236,45.518159],[-73.888147,45.51815],[-73.887967,45.51816],[-73.887865,45.518169],[-73.887738,45.518215],[-73.887699,45.518224],[-73.887597,45.51826],[-73.887533,45.518296],[-73.887508,45.518359],[-73.887496,45.518423],[-73.887484,45.518567],[-73.887408,45.518675],[-73.887357,45.518729],[-73.887294,45.518819],[-73.887268,45.518864],[-73.887256,45.518891],[-73.887256,45.518963],[-73.887269,45.519017],[-73.887295,45.519062],[-73.887296,45.519116],[-73.887296,45.519179],[-73.887296,45.519233],[-73.887284,45.519278],[-73.887246,45.519323],[-73.887182,45.519377],[-73.887106,45.519441],[-73.887055,45.51945],[-73.887132,45.519531],[-73.886826,45.519738],[-73.886775,45.519703],[-73.88638,45.519947],[-73.886444,45.520046],[-73.886406,45.5201],[-73.886279,45.520172],[-73.886164,45.520281],[-73.886113,45.520326],[-73.886024,45.520398],[-73.885705,45.520525],[-73.885513,45.520526],[-73.885462,45.520535],[-73.885372,45.520544],[-73.885283,45.520581],[-73.885156,45.520653],[-73.885066,45.520689],[-73.884939,45.520726],[-73.884862,45.520708],[-73.884785,45.520717],[-73.884721,45.520735],[-73.884644,45.520754],[-73.884568,45.520772],[-73.884478,45.520781],[-73.884376,45.5208],[-73.884274,45.5208],[-73.884069,45.520801],[-73.883979,45.520792],[-73.883902,45.520792],[-73.8838,45.520793],[-73.883672,45.520793],[-73.883569,45.520802],[-73.88348,45.520821],[-73.88339,45.520848],[-73.883288,45.520875],[-73.883173,45.520912],[-73.883046,45.520939],[-73.88293,45.520966],[-73.882815,45.520985],[-73.882572,45.520995],[-73.882457,45.520995],[-73.882034,45.520942],[-73.881894,45.520943],[-73.881906,45.520871],[-73.881829,45.520835],[-73.881649,45.520773],[-73.881534,45.520719],[-73.881431,45.520692],[-73.881393,45.520675],[-73.881341,45.52063],[-73.881148,45.520531],[-73.881033,45.520487],[-73.880904,45.520451],[-73.880763,45.520407],[-73.880507,45.5203],[-73.880391,45.520255],[-73.880301,45.52021],[-73.880186,45.520157],[-73.879967,45.520076],[-73.879878,45.520068],[-73.87975,45.520041],[-73.879468,45.51997],[-73.879327,45.519953],[-73.879186,45.519926],[-73.879045,45.519908],[-73.87875,45.519901],[-73.878597,45.519901],[-73.87843,45.519902],[-73.878264,45.519893],[-73.87802,45.519831],[-73.87738,45.519824],[-73.876804,45.519826],[-73.8766,45.519863],[-73.876344,45.519855],[-73.876216,45.519855],[-73.876113,45.519855],[-73.875934,45.519847],[-73.875806,45.519847],[-73.875729,45.519848],[-73.875665,45.519839],[-73.875511,45.51983],[-73.875409,45.519831],[-73.875319,45.519822],[-73.875114,45.519787],[-73.874999,45.51976],[-73.874909,45.519733],[-73.874819,45.519715],[-73.874691,45.519707],[-73.874589,45.519698],[-73.874448,45.519699],[-73.874346,45.519699],[-73.874256,45.5197],[-73.874179,45.519691],[-73.873987,45.519691],[-73.873885,45.519683],[-73.873027,45.51964],[-73.872899,45.519623],[-73.872809,45.519614],[-73.872719,45.519606],[-73.872604,45.519588],[-73.87254,45.519579],[-73.872463,45.51957],[-73.872386,45.519561],[-73.872245,45.519535],[-73.871912,45.519518],[-73.871848,45.519509],[-73.871772,45.519501],[-73.871707,45.519483],[-73.871631,45.519474],[-73.871541,45.519456],[-73.871259,45.51943],[-73.871105,45.519431],[-73.871029,45.519431],[-73.870913,45.519431],[-73.870785,45.519423],[-73.87067,45.519423],[-73.870593,45.519423],[-73.870452,45.519424],[-73.870376,45.519424],[-73.870273,45.519425],[-73.870184,45.519425],[-73.870094,45.519434],[-73.870069,45.519479],[-73.870005,45.519515],[-73.869941,45.519525],[-73.8698,45.519525],[-73.869672,45.519525],[-73.869608,45.519517],[-73.86948,45.519517],[-73.869378,45.519517],[-73.86934,45.519508],[-73.86925,45.519491],[-73.869186,45.519464],[-73.869121,45.519446],[-73.869057,45.519419],[-73.868942,45.519375],[-73.868865,45.519339],[-73.8688,45.519303],[-73.868723,45.519241],[-73.868646,45.519169],[-73.86862,45.519115],[-73.868594,45.519061],[-73.868543,45.519016],[-73.868504,45.518989],[-73.868427,45.518926],[-73.86835,45.5189],[-73.868286,45.518882],[-73.868119,45.518801],[-73.868055,45.518784],[-73.867952,45.518739],[-73.867888,45.518748],[-73.86652,45.518969],[-73.866456,45.518924],[-73.866353,45.518906],[-73.866276,45.518915],[-73.8662,45.518916],[-73.866097,45.518916],[-73.865995,45.518934],[-73.865931,45.518952],[-73.865867,45.518989],[-73.865612,45.519035],[-73.865547,45.519044],[-73.865471,45.519062],[-73.865381,45.519089],[-73.865343,45.519098],[-73.865279,45.519126],[-73.865177,45.519162],[-73.865113,45.51918],[-73.86505,45.519234],[-73.864525,45.519326],[-73.864321,45.519327],[-73.864154,45.519327],[-73.864077,45.519327],[-73.864001,45.519328],[-73.863898,45.519319],[-73.863796,45.519319],[-73.863719,45.519302],[-73.86368,45.519275],[-73.86368,45.519221],[-73.863679,45.519113],[-73.863679,45.519059],[-73.863678,45.518978],[-73.863703,45.518888],[-73.863716,45.518843],[-73.863754,45.51877],[-73.863779,45.518725],[-73.86383,45.51868],[-73.863919,45.518608],[-73.86397,45.518572],[-73.864072,45.518518],[-73.864148,45.518445],[-73.864186,45.518391],[-73.864225,45.518337],[-73.864237,45.518283],[-73.864287,45.518175],[-73.864364,45.518139],[-73.864454,45.518111],[-73.864594,45.518084],[-73.864658,45.518075],[-73.864735,45.518056],[-73.864875,45.518011],[-73.864939,45.517984],[-73.865041,45.51793],[-73.865105,45.517884],[-73.865041,45.517867],[-73.864849,45.517867],[-73.864695,45.517868],[-73.864618,45.517868],[-73.864478,45.517868],[-73.864401,45.517869],[-73.864311,45.51786],[-73.864336,45.517797],[-73.864477,45.517706],[-73.864527,45.517661],[-73.86445,45.517644],[-73.864374,45.51768],[-73.86431,45.517689],[-73.864233,45.517689],[-73.864156,45.517689],[-73.864003,45.51769],[-73.863888,45.51769],[-73.863798,45.517682],[-73.863721,45.517682],[-73.863631,45.517646],[-73.863618,45.517592],[-73.863541,45.51752],[-73.863464,45.517467],[-73.8634,45.51744],[-73.863335,45.517413],[-73.86322,45.517368],[-73.863156,45.517351],[-73.863092,45.517324],[-73.863015,45.517288],[-73.862951,45.51727],[-73.862848,45.517244],[-73.862809,45.517199],[-73.862745,45.517163],[-73.862153,45.516598],[-73.862242,45.516544],[-73.862178,45.516508],[-73.862088,45.516481],[-73.861882,45.516338],[-73.861831,45.516347],[-73.861291,45.516007],[-73.861022,45.5159],[-73.860445,45.51574],[-73.860444,45.515668],[-73.860291,45.515641],[-73.859701,45.515526],[-73.85965,45.515499],[-73.859534,45.515436],[-73.85947,45.515428],[-73.859406,45.515401],[-73.859252,45.515338],[-73.859047,45.515258],[-73.858944,45.515213],[-73.858867,45.515187],[-73.85879,45.515169],[-73.858713,45.515097],[-73.858623,45.515052],[-73.858546,45.515017],[-73.858379,45.514945],[-73.858315,45.514918],[-73.858238,45.514883],[-73.858174,45.514847],[-73.858071,45.514784],[-73.858007,45.514766],[-73.857866,45.51474],[-73.857789,45.514731],[-73.857712,45.514722],[-73.857622,45.514714],[-73.857469,45.514678],[-73.857353,45.514633],[-73.857302,45.514589],[-73.857301,45.514508],[-73.857339,45.514373],[-73.857351,45.51431],[-73.857351,45.514246],[-73.857363,45.514121],[-73.857375,45.514075],[-73.857426,45.514021],[-73.857502,45.513967],[-73.857604,45.513832],[-73.857642,45.513751],[-73.857629,45.513697],[-73.857577,45.513607],[-73.857564,45.513526],[-73.857602,45.513472],[-73.857691,45.513427],[-73.857755,45.513408],[-73.857832,45.513381],[-73.857946,45.5133],[-73.857997,45.513255],[-73.858099,45.513164],[-73.858137,45.51311],[-73.858124,45.513056],[-73.858035,45.51312],[-73.857971,45.513156],[-73.857894,45.51321],[-73.857703,45.513292],[-73.857601,45.513319],[-73.857524,45.513337],[-73.857396,45.513373],[-73.857332,45.513392],[-73.857269,45.513401],[-73.857205,45.513419],[-73.85709,45.513428],[-73.857025,45.513411],[-73.856922,45.513285],[-73.856871,45.51324],[-73.856691,45.513133],[-73.856627,45.513088],[-73.856563,45.513061],[-73.856486,45.513043],[-73.856383,45.512999],[-73.856331,45.512945],[-73.856318,45.5129],[-73.856331,45.512846],[-73.856331,45.512792],[-73.85633,45.512756],[-73.856109,45.512199],[-73.855941,45.51201],[-73.855646,45.511894],[-73.855557,45.511949],[-73.855493,45.511958],[-73.855378,45.511958],[-73.855301,45.511958],[-73.855237,45.51195],[-73.855186,45.511896],[-73.85516,45.511851],[-73.855108,45.511761],[-73.855056,45.511716],[-73.855043,45.511671],[-73.85503,45.511599],[-73.85503,45.511527],[-73.855029,45.511473],[-73.855029,45.511392],[-73.855041,45.511302],[-73.855066,45.511221],[-73.855117,45.511122],[-73.855142,45.511077],[-73.85518,45.510996],[-73.855205,45.510915],[-73.855218,45.51087],[-73.855256,45.510825],[-73.855319,45.510788],[-73.85537,45.510743],[-73.855434,45.510689],[-73.855498,45.510608],[-73.855535,45.510518],[-73.855599,45.510491],[-73.855663,45.510446],[-73.85574,45.510418],[-73.855816,45.510391],[-73.855969,45.510318],[-73.856059,45.510291],[-73.856148,45.510255],[-73.856212,45.510219],[-73.856276,45.510183],[-73.856327,45.510147],[-73.856403,45.510128],[-73.856493,45.510101],[-73.856671,45.510019],[-73.856748,45.509965],[-73.856824,45.509911],[-73.856964,45.509793],[-73.857028,45.509748],[-73.857052,45.509731],[-73.857079,45.509712],[-73.857117,45.509658],[-73.857129,45.509604],[-73.857206,45.50955],[-73.857295,45.509496],[-73.857435,45.509414],[-73.857512,45.50936],[-73.85769,45.50926],[-73.857754,45.509215],[-73.857831,45.509179],[-73.858086,45.509088],[-73.858227,45.509079],[-73.858354,45.509006],[-73.858418,45.508943],[-73.858507,45.508862],[-73.858571,45.508817],[-73.858621,45.508772],[-73.858672,45.508726],[-73.8588,45.508618],[-73.858876,45.508546],[-73.858965,45.508464],[-73.859041,45.508383],[-73.859181,45.508239],[-73.859308,45.508077],[-73.859359,45.507986],[-73.859409,45.507914],[-73.859447,45.507851],[-73.859511,45.507725],[-73.859536,45.507662],[-73.859574,45.507581],[-73.859637,45.507428],[-73.859675,45.507346],[-73.859712,45.507193],[-73.859737,45.507112],[-73.859749,45.507031],[-73.859775,45.506959],[-73.859799,45.506824],[-73.859799,45.506743],[-73.859798,45.506662],[-73.85981,45.506572],[-73.859809,45.50641],[-73.859822,45.506329],[-73.859821,45.506158],[-73.85982,45.50605],[-73.859819,45.505933],[-73.859831,45.505807],[-73.859817,45.505564],[-73.859816,45.505474],[-73.85979,45.505402],[-73.859764,45.505348],[-73.859725,45.505295],[-73.859687,45.505241],[-73.859609,45.50507],[-73.859596,45.505007],[-73.859595,45.504872],[-73.859607,45.504827],[-73.859632,45.504746],[-73.859658,45.504692],[-73.859696,45.504611],[-73.859721,45.504548],[-73.859746,45.504476],[-73.859809,45.504341],[-73.859873,45.504295],[-73.859949,45.504232],[-73.86,45.504196],[-73.860178,45.504015],[-73.860242,45.50397],[-73.860293,45.503925],[-73.860356,45.503844],[-73.860458,45.503799],[-73.860548,45.503771],[-73.860688,45.503717],[-73.860777,45.503681],[-73.860867,45.503653],[-73.861046,45.503617],[-73.861123,45.503625],[-73.861199,45.503625],[-73.861391,45.503616],[-73.861481,45.503615],[-73.86157,45.503615],[-73.861724,45.503579],[-73.8618,45.503551],[-73.861864,45.503542],[-73.861928,45.503524],[-73.862056,45.503497],[-73.862247,45.503415],[-73.862324,45.503388],[-73.8624,45.503352],[-73.862579,45.503288],[-73.862656,45.503261],[-73.862732,45.503243],[-73.862809,45.503224],[-73.862873,45.503188],[-73.862885,45.503125],[-73.863051,45.502963],[-73.863102,45.503007],[-73.863153,45.502998],[-73.86323,45.502971],[-73.863294,45.502962],[-73.863396,45.502899],[-73.863446,45.502727],[-73.863471,45.502664],[-73.863458,45.502601],[-73.863483,45.502538],[-73.863482,45.502466],[-73.863494,45.502304],[-73.863494,45.50225],[-73.863497,45.502222],[-73.863506,45.502124],[-73.863505,45.502052],[-73.863505,45.50198],[-73.863504,45.501908],[-73.863491,45.501764],[-73.86349,45.501683],[-73.863477,45.501593],[-73.863451,45.501503],[-73.863437,45.50136],[-73.863424,45.501288],[-73.863423,45.501216],[-73.863422,45.501081],[-73.863409,45.500982],[-73.863395,45.500847],[-73.863395,45.500757],[-73.863381,45.500658],[-73.863342,45.500451],[-73.863328,45.500334],[-73.863275,45.500109],[-73.863275,45.500001],[-73.863274,45.5],[-73.863261,45.499911],[-73.863247,45.49974],[-73.863234,45.499677],[-73.863208,45.499615],[-73.863169,45.499552],[-73.863092,45.499399],[-73.86304,45.499327],[-73.862962,45.499201],[-73.862924,45.499139],[-73.862898,45.499085],[-73.862859,45.499022],[-73.862794,45.498905],[-73.862755,45.498842],[-73.862717,45.498797],[-73.862652,45.498734],[-73.862498,45.498582],[-73.862446,45.498546],[-73.862382,45.49852],[-73.862267,45.498475],[-73.86219,45.498457],[-73.862036,45.498421],[-73.861972,45.498404],[-73.861831,45.498368],[-73.861741,45.498333],[-73.861664,45.498279],[-73.861574,45.498207],[-73.861523,45.498171],[-73.861458,45.4981],[-73.861342,45.498001],[-73.861278,45.497938],[-73.861175,45.49783],[-73.861123,45.497767],[-73.861097,45.497714],[-73.861084,45.497615],[-73.861071,45.497543],[-73.861083,45.49748],[-73.861083,45.497408],[-73.861082,45.497318],[-73.861094,45.497156],[-73.861094,45.497093],[-73.861106,45.49703],[-73.861118,45.496931],[-73.861131,45.496886],[-73.861142,45.496724],[-73.861155,45.496652],[-73.86118,45.496589],[-73.861205,45.496499],[-73.861243,45.496417],[-73.861268,45.496372],[-73.861319,45.496273],[-73.861331,45.49621],[-73.861369,45.496147],[-73.861394,45.496093],[-73.861419,45.495967],[-73.861483,45.495886],[-73.861495,45.495832],[-73.861558,45.49576],[-73.861648,45.495696],[-73.861762,45.495642],[-73.861916,45.495605],[-73.861979,45.495578],[-73.862043,45.495551],[-73.86212,45.495515],[-73.862273,45.495496],[-73.862337,45.495469],[-73.862414,45.495442],[-73.862516,45.495397],[-73.862579,45.49536],[-73.862707,45.49527],[-73.862847,45.495198],[-73.862911,45.495116],[-73.862949,45.495071],[-73.863012,45.495035],[-73.86314,45.494981],[-73.863191,45.494908],[-73.863229,45.494845],[-73.86328,45.4948],[-73.863356,45.494728],[-73.863381,45.494647],[-73.863393,45.494584],[-73.863456,45.494449],[-73.863507,45.494386],[-73.863558,45.494331],[-73.863596,45.494277],[-73.863608,45.494187],[-73.863621,45.494115],[-73.863697,45.494016],[-73.86376,45.493935],[-73.863786,45.493899],[-73.863849,45.493836],[-73.8639,45.49379],[-73.864104,45.49361],[-73.864154,45.493529],[-73.864192,45.493448],[-73.864213,45.493421],[-73.864255,45.493366],[-73.864306,45.493294],[-73.864331,45.493177],[-73.864343,45.493087],[-73.864343,45.493033],[-73.864343,45.49297],[-73.864342,45.492916],[-73.864342,45.492835],[-73.864341,45.492772],[-73.864341,45.492718],[-73.864341,45.492655],[-73.864301,45.492538],[-73.86425,45.492493],[-73.864147,45.492422],[-73.86407,45.492368],[-73.863942,45.492296],[-73.86389,45.492252],[-73.863851,45.492207],[-73.863826,45.492162],[-73.863812,45.492117],[-73.863787,45.492072],[-73.863773,45.492018],[-73.863799,45.491946],[-73.863837,45.491892],[-73.8639,45.491811],[-73.863951,45.491766],[-73.863976,45.491694],[-73.864014,45.491621],[-73.86409,45.491459],[-73.864128,45.491378],[-73.864216,45.491216],[-73.864254,45.491153],[-73.864318,45.491099],[-73.864381,45.491053],[-73.864483,45.49099],[-73.864585,45.490945],[-73.864751,45.490872],[-73.864841,45.490836],[-73.864891,45.490809],[-73.864968,45.490773],[-73.865096,45.490727],[-73.86516,45.490709],[-73.865236,45.490682],[-73.865326,45.490663],[-73.865479,45.490645],[-73.865569,45.490645],[-73.865645,45.490635],[-73.865722,45.490635],[-73.865799,45.490617],[-73.865901,45.49059],[-73.866182,45.490472],[-73.866271,45.490417],[-73.86636,45.490372],[-73.866449,45.490327],[-73.866589,45.490218],[-73.866678,45.490164],[-73.866755,45.49011],[-73.866933,45.489929],[-73.866984,45.489893],[-73.867035,45.489848],[-73.867136,45.489785],[-73.867238,45.489713],[-73.867391,45.489595],[-73.867442,45.489523],[-73.86748,45.489469],[-73.867505,45.489415],[-73.86753,45.489316],[-73.867619,45.489261],[-73.867696,45.489225],[-73.867746,45.489153],[-73.867797,45.48909],[-73.867874,45.489027],[-73.867937,45.488981],[-73.868039,45.488927],[-73.868141,45.488882],[-73.868269,45.488809],[-73.868333,45.488773],[-73.868384,45.488728],[-73.868422,45.488674],[-73.868498,45.488584],[-73.868535,45.488512],[-73.868599,45.488385],[-73.868675,45.488331],[-73.868726,45.488295],[-73.868823,45.488235],[-73.868828,45.488232],[-73.86893,45.488222],[-73.869045,45.488213],[-73.869122,45.488177],[-73.869173,45.488149],[-73.869275,45.488095],[-73.869492,45.487986],[-73.869581,45.487932],[-73.869645,45.487896],[-73.869721,45.48786],[-73.869887,45.487778],[-73.869976,45.487733],[-73.870091,45.487679],[-73.87018,45.487624],[-73.870409,45.487488],[-73.870511,45.487416],[-73.870613,45.487353],[-73.870741,45.487281],[-73.870881,45.487163],[-73.870944,45.487109],[-73.870995,45.487055],[-73.87102,45.48701],[-73.871097,45.48691],[-73.871134,45.486847],[-73.871173,45.486793],[-73.871274,45.486694],[-73.87135,45.486586],[-73.871414,45.486504],[-73.87149,45.486414],[-73.871553,45.486333],[-73.871706,45.486171],[-73.871795,45.486089],[-73.871871,45.486017],[-73.871934,45.485936],[-73.872049,45.485828],[-73.8721,45.485782],[-73.872151,45.485737],[-73.872202,45.485692],[-73.872316,45.485593],[-73.872379,45.48553],[-73.872456,45.485484],[-73.87252,45.485466],[-73.872622,45.485466],[-73.872712,45.485474],[-73.872802,45.485501],[-73.872879,45.485546],[-73.872956,45.485609],[-73.872994,45.485662],[-73.873059,45.485716],[-73.873149,45.485779],[-73.873226,45.485815],[-73.873392,45.485841],[-73.873507,45.485841],[-73.87361,45.485849],[-73.873738,45.485849],[-73.873815,45.485858],[-73.873943,45.485884],[-73.874058,45.485911],[-73.874199,45.485928],[-73.874263,45.485937],[-73.87434,45.485946],[-73.874416,45.485946],[-73.874544,45.485954],[-73.874634,45.485972],[-73.874736,45.485999],[-73.874801,45.486017],[-73.874916,45.486061],[-73.875006,45.486088],[-73.875083,45.486115],[-73.875147,45.48615],[-73.875262,45.486204],[-73.875301,45.486222],[-73.875365,45.486267],[-73.875455,45.48632],[-73.875519,45.486347],[-73.87566,45.486347],[-73.875813,45.486283],[-73.87589,45.486274],[-73.875966,45.486292],[-73.876185,45.486471],[-73.876517,45.486344],[-73.876644,45.48628],[-73.876682,45.486226],[-73.876682,45.486145],[-73.876822,45.486001],[-73.877408,45.485621],[-73.877415,45.485598],[-73.87742,45.485585],[-73.877433,45.48554],[-73.877534,45.485441],[-73.877572,45.485405],[-73.877611,45.485368],[-73.877648,45.485305],[-73.877674,45.485251],[-73.877686,45.485179],[-73.877699,45.485134],[-73.877711,45.485053],[-73.877736,45.484999],[-73.877787,45.484891],[-73.877811,45.48481],[-73.877811,45.484738],[-73.877798,45.484666],[-73.877784,45.484603],[-73.877784,45.48454],[-73.877809,45.484486],[-73.87786,45.484432],[-73.877924,45.484387],[-73.878051,45.484269],[-73.878115,45.484215],[-73.878216,45.484125],[-73.87828,45.484061],[-73.878343,45.484007],[-73.878369,45.48398],[-73.878394,45.483935],[-73.878304,45.483908],[-73.878202,45.483909],[-73.878163,45.483873],[-73.878176,45.483837],[-73.878188,45.483801],[-73.878227,45.483765],[-73.878304,45.483773],[-73.878342,45.483773],[-73.878406,45.483782],[-73.878483,45.483782],[-73.878547,45.483773],[-73.878572,45.483745],[-73.878597,45.483709],[-73.878597,45.483655],[-73.878597,45.483601],[-73.878583,45.483539],[-73.878557,45.483484],[-73.878519,45.483422],[-73.878505,45.48335],[-73.878492,45.483287],[-73.878568,45.483188],[-73.87867,45.483142],[-73.878785,45.483088],[-73.878874,45.48307],[-73.878951,45.483051],[-73.879028,45.483033],[-73.879092,45.483015],[-73.879155,45.482988],[-73.879245,45.482933],[-73.879334,45.482897],[-73.879398,45.482888],[-73.879474,45.482888],[-73.879564,45.482887],[-73.879641,45.482878],[-73.879704,45.48286],[-73.879781,45.48277],[-73.879781,45.482746],[-73.87978,45.482698],[-73.879704,45.482707],[-73.879614,45.482725],[-73.879435,45.48278],[-73.879371,45.482798],[-73.879231,45.482843],[-73.879116,45.482871],[-73.879052,45.482889],[-73.878989,45.482907],[-73.878873,45.482935],[-73.878733,45.482998],[-73.87867,45.483016],[-73.878516,45.483062],[-73.87844,45.483062],[-73.878363,45.483062],[-73.878286,45.483027],[-73.878247,45.482973],[-73.878221,45.482928],[-73.878195,45.482874],[-73.878182,45.48282],[-73.878194,45.482757],[-73.878233,45.482712],[-73.878245,45.482649],[-73.878205,45.482478],[-73.878254,45.482082],[-73.878306,45.481928],[-73.878354,45.481785],[-73.878442,45.481496],[-73.878658,45.481334],[-73.878709,45.481279],[-73.879091,45.480981],[-73.879128,45.48081],[-73.879332,45.48071],[-73.879574,45.480611],[-73.879649,45.48034],[-73.879918,45.480303],[-73.880032,45.480249],[-73.880122,45.480186],[-73.880185,45.480114],[-73.880542,45.480004],[-73.880594,45.48004],[-73.880862,45.479931],[-73.880925,45.479805],[-73.881065,45.47976],[-73.881536,45.479353],[-73.881587,45.479335],[-73.881625,45.47929],[-73.881676,45.479236],[-73.881739,45.479182],[-73.881803,45.479127],[-73.881879,45.479064],[-73.881968,45.479019],[-73.882057,45.478974],[-73.882134,45.478946],[-73.882198,45.478928],[-73.882262,45.478919],[-73.882326,45.47891],[-73.882402,45.4789],[-73.882505,45.478891],[-73.882569,45.478873],[-73.882632,45.478837],[-73.882747,45.478809],[-73.882785,45.4788],[-73.882862,45.478773],[-73.882964,45.47871],[-73.883091,45.47861],[-73.88341,45.47851],[-73.88369,45.478338],[-73.88369,45.478212],[-73.884046,45.477977],[-73.884136,45.477977],[-73.884212,45.477977],[-73.884276,45.477958],[-73.884289,45.477913],[-73.884301,45.477841],[-73.884339,45.477787],[-73.884441,45.477715],[-73.884518,45.477688],[-73.88462,45.477651],[-73.884683,45.477633],[-73.884747,45.477615],[-73.884811,45.477561],[-73.884785,45.477516],[-73.884797,45.477471],[-73.884848,45.477399],[-73.884912,45.477344],[-73.885026,45.477272],[-73.88509,45.477218],[-73.885154,45.477182],[-73.885217,45.477136],[-73.885306,45.477073],[-73.88537,45.477037],[-73.885447,45.477001],[-73.885574,45.476946],[-73.885676,45.476865],[-73.885816,45.476774],[-73.885867,45.476738],[-73.886007,45.476657],[-73.886122,45.47662],[-73.886186,45.476584],[-73.886249,45.476548],[-73.8863,45.476503],[-73.886415,45.476439],[-73.886478,45.476385],[-73.886529,45.47634],[-73.886593,45.476286],[-73.886656,45.476232],[-73.886707,45.476186],[-73.886834,45.476087],[-73.886924,45.476015],[-73.887025,45.475933],[-73.887076,45.475897],[-73.887114,45.475843],[-73.887229,45.475771],[-73.88728,45.475735],[-73.887344,45.475707],[-73.887445,45.475626],[-73.887496,45.475563],[-73.887547,45.475473],[-73.887572,45.475428],[-73.887584,45.475374],[-73.887584,45.475311],[-73.887711,45.475229],[-73.8878,45.475184],[-73.887902,45.475148],[-73.888004,45.475111],[-73.888055,45.475066],[-73.888119,45.474994],[-73.888182,45.474949],[-73.888259,45.474867],[-73.888335,45.474777],[-73.888385,45.474687],[-73.888423,45.474633],[-73.888449,45.474588],[-73.88855,45.474524],[-73.888614,45.474479],[-73.888703,45.474389],[-73.888767,45.474335],[-73.888843,45.474263],[-73.888893,45.474208],[-73.888982,45.474118],[-73.889046,45.474037],[-73.889084,45.473974],[-73.889134,45.473884],[-73.88916,45.47383],[-73.889172,45.473776],[-73.889159,45.473731],[-73.889159,45.473677],[-73.889197,45.473631],[-73.889235,45.473586],[-73.889286,45.47355],[-73.889298,45.473478],[-73.889323,45.473415],[-73.889387,45.473352],[-73.889412,45.473289],[-73.88945,45.473235],[-73.8895,45.47318],[-73.889526,45.473153],[-73.889577,45.47309],[-73.889615,45.473045],[-73.889678,45.472991],[-73.88978,45.472919],[-73.889831,45.472873],[-73.889907,45.47281],[-73.890022,45.47272],[-73.890124,45.472656],[-73.890225,45.472566],[-73.890276,45.47253],[-73.89034,45.472503],[-73.890455,45.472502],[-73.890519,45.472493],[-73.890583,45.472466],[-73.890646,45.47243],[-73.890697,45.472367],[-73.89076,45.472267],[-73.890798,45.472222],[-73.890849,45.472186],[-73.8909,45.47215],[-73.890951,45.472114],[-73.890925,45.471979],[-73.891052,45.471852],[-73.891243,45.471771],[-73.891328,45.471741],[-73.891728,45.471598],[-73.891855,45.471535],[-73.891932,45.471507],[-73.892021,45.47148],[-73.892098,45.471471],[-73.892174,45.471462],[-73.892277,45.471479],[-73.892341,45.471488],[-73.892456,45.471506],[-73.892559,45.471523],[-73.892635,45.471532],[-73.892763,45.471532],[-73.892891,45.471567],[-73.892955,45.471585],[-73.893045,45.471603],[-73.89316,45.471629],[-73.89325,45.471647],[-73.893327,45.471674],[-73.893429,45.471709],[-73.893494,45.471736],[-73.89357,45.471763],[-73.89366,45.471798],[-73.893763,45.471834],[-73.89384,45.471861],[-73.893917,45.471906],[-73.893994,45.471914],[-73.894096,45.471887],[-73.894262,45.471895],[-73.894364,45.471895],[-73.894441,45.471913],[-73.894518,45.471913],[-73.894672,45.471921],[-73.894761,45.471948],[-73.894838,45.472001],[-73.894903,45.472037],[-73.894992,45.472046],[-73.895056,45.472055],[-73.895184,45.472081],[-73.895299,45.472099],[-73.895402,45.472107],[-73.895479,45.472116],[-73.895555,45.472116],[-73.895632,45.472116],[-73.895734,45.472115],[-73.895811,45.472115],[-73.896054,45.472132],[-73.896208,45.472141],[-73.896297,45.47214],[-73.896374,45.472113],[-73.89645,45.472077],[-73.896527,45.472068],[-73.896629,45.472067],[-73.896693,45.472076],[-73.896796,45.472076],[-73.896885,45.472084],[-73.896962,45.472084],[-73.897128,45.472065],[-73.897307,45.472047],[-73.897435,45.472019],[-73.897499,45.472001],[-73.897652,45.471938],[-73.897792,45.471892],[-73.897881,45.471892],[-73.898009,45.471891],[-73.898073,45.4719],[-73.89815,45.471909],[-73.898214,45.471936],[-73.898291,45.471962],[-73.898394,45.471971],[-73.898458,45.471989],[-73.898573,45.472024],[-73.898637,45.472033],[-73.898714,45.472033],[-73.898791,45.472051],[-73.898855,45.472068],[-73.898996,45.47214],[-73.899073,45.472158],[-73.89915,45.472166],[-73.899226,45.472166],[-73.89929,45.472157],[-73.89938,45.472139],[-73.899495,45.472111],[-73.899597,45.472093],[-73.899724,45.472065],[-73.899788,45.472047],[-73.899865,45.472011],[-73.899941,45.471975],[-73.900069,45.471902],[-73.90017,45.47183],[-73.900221,45.471794],[-73.900323,45.47173],[-73.900361,45.471685],[-73.900412,45.471649],[-73.900501,45.471568],[-73.900616,45.471504],[-73.900705,45.471468],[-73.900909,45.471422],[-73.900986,45.471404],[-73.901126,45.471377],[-73.90119,45.471358],[-73.90128,45.471331],[-73.901369,45.471286],[-73.901433,45.47125],[-73.90147,45.471204],[-73.901496,45.47115],[-73.901495,45.471096],[-73.901508,45.471042],[-73.90152,45.470997],[-73.901622,45.470862],[-73.901672,45.470826],[-73.9018,45.470753],[-73.901851,45.470717],[-73.901902,45.470672],[-73.902017,45.47069],[-73.902248,45.470788],[-73.902325,45.470878],[-73.902402,45.470967],[-73.902544,45.471084],[-73.902647,45.471137],[-73.902851,45.471109],[-73.902825,45.470993],[-73.902721,45.470858],[-73.90258,45.47075],[-73.902708,45.470732],[-73.9029,45.470758],[-73.903104,45.470731],[-73.90313,45.470713],[-73.903193,45.47064],[-73.903218,45.470586],[-73.903218,45.470505],[-73.903396,45.470442],[-73.903576,45.470567],[-73.903845,45.470557],[-73.904036,45.470538],[-73.90419,45.470556],[-73.904279,45.470412],[-73.904188,45.47025],[-73.903956,45.470071],[-73.903725,45.469919],[-73.903367,45.469911],[-73.903227,45.469983],[-73.903048,45.470056],[-73.902934,45.470164],[-73.90287,45.470174],[-73.902717,45.470201],[-73.902628,45.470282],[-73.902359,45.470319],[-73.902282,45.470293],[-73.902193,45.470275],[-73.902065,45.470275],[-73.901963,45.470321],[-73.901758,45.470321],[-73.901605,45.470376],[-73.901503,45.47034],[-73.901375,45.470341],[-73.901285,45.470341],[-73.901119,45.470315],[-73.901055,45.470288],[-73.900965,45.470252],[-73.900862,45.470181],[-73.900772,45.470127],[-73.900657,45.470082],[-73.900554,45.470074],[-73.900439,45.470074],[-73.900337,45.470074],[-73.900209,45.470075],[-73.900081,45.470075],[-73.899966,45.470076],[-73.899864,45.470094],[-73.899762,45.470121],[-73.899698,45.470095],[-73.899633,45.470014],[-73.899569,45.469933],[-73.899504,45.469862],[-73.899453,45.469817],[-73.899401,45.469772],[-73.899401,45.469718],[-73.899388,45.469664],[-73.899324,45.469637],[-73.899272,45.469601],[-73.899182,45.469584],[-73.89908,45.46953],[-73.898977,45.469494],[-73.898939,45.46945],[-73.898938,45.469369],[-73.89895,45.469296],[-73.899078,45.469287],[-73.899168,45.469287],[-73.899359,45.469286],[-73.899436,45.469286],[-73.899551,45.469267],[-73.899653,45.46924],[-73.899717,45.469204],[-73.899806,45.469159],[-73.899857,45.469104],[-73.899895,45.46905],[-73.899933,45.468996],[-73.899971,45.468924],[-73.899983,45.468879],[-73.899983,45.468816],[-73.900059,45.468753],[-73.900161,45.468689],[-73.900212,45.468653],[-73.900288,45.468608],[-73.900378,45.468572],[-73.900467,45.468526],[-73.900543,45.468472],[-73.900607,45.468427],[-73.900747,45.468327],[-73.90081,45.468273],[-73.900861,45.468201],[-73.900886,45.468147],[-73.900898,45.468084],[-73.900949,45.46803],[-73.901026,45.467984],[-73.901089,45.467966],[-73.901153,45.467939],[-73.901255,45.467894],[-73.90137,45.467857],[-73.901459,45.46783],[-73.901536,45.467803],[-73.901599,45.467766],[-73.90174,45.467757],[-73.901919,45.467783],[-73.901996,45.467801],[-73.902073,45.467855],[-73.902176,45.46789],[-73.902304,45.467935],[-73.902356,45.46798],[-73.902356,45.468043],[-73.902357,45.468142],[-73.902357,45.468196],[-73.902358,45.468304],[-73.902385,45.468466],[-73.902681,45.468716],[-73.902847,45.468797],[-73.90295,45.468841],[-73.903065,45.468895],[-73.903117,45.468931],[-73.903258,45.469002],[-73.903322,45.469038],[-73.903476,45.469119],[-73.903579,45.469199],[-73.903669,45.469289],[-73.903759,45.469325],[-73.90399,45.469396],[-73.904054,45.469432],[-73.904144,45.469494],[-73.904208,45.469548],[-73.904272,45.469566],[-73.90435,45.469611],[-73.904464,45.469601],[-73.90458,45.469592],[-73.904694,45.469573],[-73.904758,45.469555],[-73.90486,45.469528],[-73.904963,45.469509],[-73.905052,45.469491],[-73.905129,45.469482],[-73.905205,45.469473],[-73.90532,45.469463],[-73.905423,45.469463],[-73.905512,45.469471],[-73.905615,45.46948],[-73.905679,45.469489],[-73.905755,45.469498],[-73.905845,45.469506],[-73.906037,45.469532],[-73.906114,45.469523],[-73.906229,45.469505],[-73.906497,45.469459],[-73.906586,45.469441],[-73.906714,45.469395],[-73.906854,45.469368],[-73.906918,45.469358],[-73.907085,45.469358],[-73.907212,45.469357],[-73.907327,45.469348],[-73.907391,45.469339],[-73.907455,45.46932],[-73.907609,45.469311],[-73.907711,45.469311],[-73.9078,45.46931],[-73.907877,45.469319],[-73.90798,45.469355],[-73.908082,45.469372],[-73.908274,45.469353],[-73.908363,45.469344],[-73.90844,45.469335],[-73.908504,45.469317],[-73.908567,45.46928],[-73.90872,45.469226],[-73.909065,45.469153],[-73.909142,45.469135],[-73.909206,45.469116],[-73.909295,45.46908],[-73.909423,45.469044],[-73.909538,45.469043],[-73.909729,45.469033],[-73.909819,45.468997],[-73.909908,45.46897],[-73.909972,45.468943],[-73.910099,45.468888],[-73.910201,45.468843],[-73.910265,45.468816],[-73.91038,45.468761],[-73.910469,45.468716],[-73.910571,45.468652],[-73.91066,45.468607],[-73.910813,45.468517],[-73.910889,45.468507],[-73.910953,45.468534],[-73.911018,45.46857],[-73.911082,45.468597],[-73.911184,45.468596],[-73.911286,45.468569],[-73.911414,45.468559],[-73.911554,45.468487],[-73.911618,45.46846],[-73.911695,45.468432],[-73.911848,45.468387],[-73.911911,45.468351],[-73.912077,45.468269],[-73.912102,45.468215],[-73.912127,45.468161],[-73.912216,45.468116],[-73.912306,45.468106],[-73.912408,45.468097],[-73.91251,45.468079],[-73.912613,45.46806],[-73.912894,45.468032],[-73.913086,45.468031],[-73.913162,45.468022],[-73.913239,45.468013],[-73.913379,45.467986],[-73.913443,45.467976],[-73.913507,45.467967],[-73.913609,45.46794],[-73.913699,45.467921],[-73.913826,45.467894],[-73.913916,45.467884],[-73.914005,45.467884],[-73.91398,45.467938],[-73.913891,45.467975],[-73.913827,45.467993],[-73.913763,45.468029],[-73.913674,45.468074],[-73.913611,45.468111],[-73.913534,45.468147],[-73.913368,45.468237],[-73.913292,45.468283],[-73.913228,45.468319],[-73.913177,45.468364],[-73.913101,45.468418],[-73.913038,45.468473],[-73.912936,45.468545],[-73.91286,45.46859],[-73.912745,45.468672],[-73.912707,45.468717],[-73.912618,45.468816],[-73.912567,45.468888],[-73.912542,45.46896],[-73.912518,45.469095],[-73.912519,45.469185],[-73.912519,45.469293],[-73.912545,45.469347],[-73.912584,45.469401],[-73.912648,45.469446],[-73.912712,45.469455],[-73.912802,45.469454],[-73.912891,45.469445],[-73.913006,45.469426],[-73.913121,45.469426],[-73.913198,45.469426],[-73.913377,45.469416],[-73.913518,45.469425],[-73.913633,45.469442],[-73.913697,45.469469],[-73.9138,45.469523],[-73.913877,45.469567],[-73.913928,45.469603],[-73.913993,45.469684],[-73.914044,45.469747],[-73.914096,45.469801],[-73.914173,45.469863],[-73.914276,45.469917],[-73.914366,45.469961],[-73.914532,45.470006],[-73.914596,45.470015],[-73.914737,45.470041],[-73.914814,45.47005],[-73.914904,45.470059],[-73.91498,45.470067],[-73.915057,45.470076],[-73.915121,45.470085],[-73.915211,45.470084],[-73.915416,45.470129],[-73.915531,45.4702],[-73.91557,45.470254],[-73.915622,45.470326],[-73.915661,45.470434],[-73.915687,45.470479],[-73.915713,45.470523],[-73.915764,45.470559],[-73.915816,45.470604],[-73.915906,45.470685],[-73.916021,45.470738],[-73.916137,45.470774],[-73.916277,45.470791],[-73.916354,45.470791],[-73.916431,45.470782],[-73.916559,45.470772],[-73.916648,45.470754],[-73.916725,45.470745],[-73.916789,45.470736],[-73.916878,45.470717],[-73.91698,45.470708],[-73.917019,45.470717],[-73.917224,45.470734],[-73.917441,45.470733],[-73.917773,45.470732],[-73.917812,45.470795],[-73.917838,45.470876],[-73.917877,45.470966],[-73.917878,45.47102],[-73.917891,45.471065],[-73.917917,45.471136],[-73.917969,45.471199],[-73.91802,45.47128],[-73.918098,45.471379],[-73.918137,45.471451],[-73.918176,45.471513],[-73.918202,45.471558],[-73.918227,45.471612],[-73.918254,45.471666],[-73.918292,45.47172],[-73.918344,45.471792],[-73.918408,45.471855],[-73.918486,45.471935],[-73.918537,45.472007],[-73.918589,45.472052],[-73.918641,45.472115],[-73.918679,45.472168],[-73.918718,45.472231],[-73.91877,45.472303],[-73.918809,45.472366],[-73.918925,45.472582],[-73.918951,45.472626],[-73.91899,45.472698],[-73.919003,45.47277],[-73.919017,45.472833],[-73.919056,45.472905],[-73.919094,45.47295],[-73.919133,45.473004],[-73.919172,45.473067],[-73.919211,45.47312],[-73.919224,45.473165],[-73.919263,45.473255],[-73.919302,45.473336],[-73.919328,45.47339],[-73.919354,45.473453],[-73.919367,45.473507],[-73.919406,45.473578],[-73.919432,45.47365],[-73.919497,45.473758],[-73.919523,45.473821],[-73.919549,45.473866],[-73.919575,45.47392],[-73.919639,45.473992],[-73.919716,45.474036],[-73.919831,45.474],[-73.919882,45.473964],[-73.919933,45.473901],[-73.919996,45.473855],[-73.920047,45.47381],[-73.920098,45.473774],[-73.920162,45.473783],[-73.920239,45.473827],[-73.920291,45.473863],[-73.920367,45.473899],[-73.920432,45.473917],[-73.92056,45.473934],[-73.920598,45.473943],[-73.920688,45.473979],[-73.920765,45.474068],[-73.92088,45.474059],[-73.920944,45.47405],[-73.921059,45.47404],[-73.921149,45.47404],[-73.921226,45.47404],[-73.921289,45.473995],[-73.921391,45.473949],[-73.921455,45.47394],[-73.921519,45.473958],[-73.921558,45.474002],[-73.921648,45.474038],[-73.92175,45.474074],[-73.921827,45.474109],[-73.921891,45.474154],[-73.921943,45.474199],[-73.922008,45.474298],[-73.922111,45.47445],[-73.922267,45.474792],[-73.922629,45.475267],[-73.923531,45.476218],[-73.923905,45.476648],[-73.923983,45.476738],[-73.924098,45.476801],[-73.924176,45.476863],[-73.924176,45.476935],[-73.924151,45.476989],[-73.924049,45.47708],[-73.923986,45.477152],[-73.923999,45.477197],[-73.924076,45.47717],[-73.924127,45.477133],[-73.924177,45.477061],[-73.924228,45.477016],[-73.92433,45.477016],[-73.924369,45.47707],[-73.924382,45.477132],[-73.924447,45.477177],[-73.924524,45.477213],[-73.924601,45.47724],[-73.924729,45.47732],[-73.924742,45.477374],[-73.924743,45.477437],[-73.924743,45.477482],[-73.924807,45.477527],[-73.924871,45.477536],[-73.924936,45.477553],[-73.925025,45.47758],[-73.925243,45.477642],[-73.92532,45.47766],[-73.925384,45.477651],[-73.925448,45.477633],[-73.925499,45.477596],[-73.9256,45.477506],[-73.925728,45.477433],[-73.92583,45.477388],[-73.925906,45.477343],[-73.925982,45.477297],[-73.926059,45.477252],[-73.926135,45.477216],[-73.926186,45.47718],[-73.926211,45.477135],[-73.926262,45.477072],[-73.926376,45.476972],[-73.92644,45.476936],[-73.926478,45.476891],[-73.926516,45.476819],[-73.926528,45.476774],[-73.926605,45.476746],[-73.926682,45.476764],[-73.926746,45.476782],[-73.926823,45.4768],[-73.926912,45.476817],[-73.927002,45.476862],[-73.927067,45.476889],[-73.927156,45.476915],[-73.927208,45.476951],[-73.927272,45.477023],[-73.927311,45.477068],[-73.92735,45.477113],[-73.927401,45.477166],[-73.927478,45.477238],[-73.927517,45.477283],[-73.927607,45.477328],[-73.927684,45.477381],[-73.927748,45.477399],[-73.927812,45.47739],[-73.927889,45.477389],[-73.927966,45.477389],[-73.928055,45.477362],[-73.928157,45.477343],[-73.928234,45.477334],[-73.92831,45.477316],[-73.928387,45.477298],[-73.928464,45.47727],[-73.928527,45.477243],[-73.928591,45.477216],[-73.928744,45.477152],[-73.928846,45.477116],[-73.928974,45.477061],[-73.929012,45.477052],[-73.929024,45.477025],[-73.929076,45.477016],[-73.929075,45.476989],[-73.929126,45.476944],[-73.92919,45.47689],[-73.929253,45.476844],[-73.929355,45.47679],[-73.929419,45.476763],[-73.929483,45.476771],[-73.929547,45.476798],[-73.92965,45.47687],[-73.929727,45.476924],[-73.929818,45.477022],[-73.929831,45.477067],[-73.929844,45.477148],[-73.92987,45.47722],[-73.929884,45.477301],[-73.929897,45.477346],[-73.929936,45.477436],[-73.929962,45.477481],[-73.929975,45.477526],[-73.930065,45.477651],[-73.93013,45.477723],[-73.930207,45.477768],[-73.930297,45.477812],[-73.930463,45.477848],[-73.930566,45.477874],[-73.930615,45.477881],[-73.93063,45.477883],[-73.930694,45.477892],[-73.930758,45.47791],[-73.93095,45.477945],[-73.931014,45.477962],[-73.931078,45.477971],[-73.931142,45.47798],[-73.931283,45.478007],[-73.93136,45.478006],[-73.931424,45.477997],[-73.931487,45.477943],[-73.931538,45.477898],[-73.93164,45.477861],[-73.931717,45.477825],[-73.93178,45.47778],[-73.931895,45.477698],[-73.931984,45.477644],[-73.932073,45.477599],[-73.932175,45.477553],[-73.93229,45.477508],[-73.932379,45.477462],[-73.932455,45.477408],[-73.932583,45.477336],[-73.932659,45.477272],[-73.932798,45.47711],[-73.932925,45.476921],[-73.932937,45.476876],[-73.932963,45.47683],[-73.932988,45.476785],[-73.933013,45.476731],[-73.933038,45.476686],[-73.933089,45.476614],[-73.933139,45.476533],[-73.933203,45.476469],[-73.933304,45.476361],[-73.933342,45.476307],[-73.933393,45.476253],[-73.933508,45.476225],[-73.93361,45.476234],[-73.9337,45.476252],[-73.933777,45.476269],[-73.933841,45.476278],[-73.933956,45.476314],[-73.93402,45.476332],[-73.934085,45.476358],[-73.934149,45.476376],[-73.934264,45.476421],[-73.934328,45.476447],[-73.934444,45.476501],[-73.934572,45.476545],[-73.934636,45.476563],[-73.934713,45.476581],[-73.93479,45.476598],[-73.934956,45.476634],[-73.935046,45.476651],[-73.935136,45.47666],[-73.935302,45.476669],[-73.935391,45.476668],[-73.935468,45.476668],[-73.935609,45.476667],[-73.935686,45.476667],[-73.935801,45.476658],[-73.935865,45.476648],[-73.935928,45.476639],[-73.935992,45.476612],[-73.93612,45.476575],[-73.936184,45.476557],[-73.93626,45.47653],[-73.936464,45.476475],[-73.936541,45.476457],[-73.936605,45.47643],[-73.936669,45.476411],[-73.936732,45.476384],[-73.936847,45.47633],[-73.936911,45.476311],[-73.936975,45.476284],[-73.937076,45.476239],[-73.937115,45.47623],[-73.937179,45.476211],[-73.937268,45.476193],[-73.937383,45.476193],[-73.937447,45.476183],[-73.937511,45.476174],[-73.937639,45.476174],[-73.937741,45.476182],[-73.937946,45.4762],[-73.938036,45.476208],[-73.938164,45.476235],[-73.938241,45.476252],[-73.938317,45.476261],[-73.938356,45.47627],[-73.938432,45.476261],[-73.938496,45.476224],[-73.938534,45.476179],[-73.938598,45.476188],[-73.938675,45.476215],[-73.938752,45.476241],[-73.938841,45.476232],[-73.939008,45.476204],[-73.939072,45.476195],[-73.939135,45.476177],[-73.939199,45.476159],[-73.93934,45.47614],[-73.939493,45.476122],[-73.93957,45.476112],[-73.939646,45.476103],[-73.9398,45.476102],[-73.939953,45.476102],[-73.94003,45.476111],[-73.94012,45.476119],[-73.940286,45.476127],[-73.940376,45.476127],[-73.940465,45.476127],[-73.940631,45.476117],[-73.940695,45.476099],[-73.94081,45.476053],[-73.940899,45.476008],[-73.941001,45.475963],[-73.941065,45.475944],[-73.941141,45.475899],[-73.941282,45.475836],[-73.941345,45.475817],[-73.941409,45.475808],[-73.941473,45.47579],[-73.941537,45.475781],[-73.941677,45.475762],[-73.941754,45.475753],[-73.941831,45.475744],[-73.941984,45.475725],[-73.942099,45.475707],[-73.942188,45.475679],[-73.942329,45.475625],[-73.942469,45.475606],[-73.942533,45.475597],[-73.942597,45.47557],[-73.942661,45.475542],[-73.94275,45.475515],[-73.942916,45.475478],[-73.943082,45.47546],[-73.943197,45.475459],[-73.943299,45.475468],[-73.943402,45.475486],[-73.943505,45.475521],[-73.943569,45.475548],[-73.943633,45.475566],[-73.943761,45.475601],[-73.943825,45.475619],[-73.943889,45.475628],[-73.943953,45.475636],[-73.944107,45.475672],[-73.944197,45.475707],[-73.944274,45.47577],[-73.9443,45.475824],[-73.944326,45.475887],[-73.944326,45.475959],[-73.94434,45.476031],[-73.944328,45.476103],[-73.944328,45.476166],[-73.944329,45.476229],[-73.944329,45.476328],[-73.94433,45.4764],[-73.944318,45.476481],[-73.944306,45.476562],[-73.944268,45.47667],[-73.94423,45.476742],[-73.944193,45.476814],[-73.944155,45.476859],[-73.944116,45.476905],[-73.944079,45.47695],[-73.943939,45.477094],[-73.943901,45.477148],[-73.94385,45.477202],[-73.943799,45.477257],[-73.943749,45.477302],[-73.94366,45.47741],[-73.943622,45.477464],[-73.943496,45.477645],[-73.943407,45.477762],[-73.943369,45.477816],[-73.943331,45.477879],[-73.943255,45.477997],[-73.94323,45.47806],[-73.943205,45.478123],[-73.94318,45.478177],[-73.943092,45.47833],[-73.943066,45.478375],[-73.943028,45.47842],[-73.942965,45.478511],[-73.942927,45.478556],[-73.942902,45.478601],[-73.942839,45.478691],[-73.942737,45.478773],[-73.942673,45.478782],[-73.942623,45.478854],[-73.942585,45.478917],[-73.942508,45.478998],[-73.94242,45.479062],[-73.94205,45.479207],[-73.941986,45.479234],[-73.941871,45.479307],[-73.941821,45.479343],[-73.941757,45.47937],[-73.941617,45.479425],[-73.941553,45.479434],[-73.941489,45.479443],[-73.941412,45.479444],[-73.941284,45.479444],[-73.941207,45.479435],[-73.941092,45.479418],[-73.940989,45.479391],[-73.940912,45.479355],[-73.940873,45.479275],[-73.940873,45.479203],[-73.940834,45.479113],[-73.940757,45.479068],[-73.940654,45.479024],[-73.94059,45.478997],[-73.940487,45.478988],[-73.940296,45.479007],[-73.940232,45.479016],[-73.940066,45.479071],[-73.939951,45.479107],[-73.939887,45.479116],[-73.939759,45.479135],[-73.939683,45.479153],[-73.939619,45.479162],[-73.939542,45.479181],[-73.939389,45.479208],[-73.939313,45.479227],[-73.939236,45.479245],[-73.939159,45.479263],[-73.939083,45.479282],[-73.939019,45.4793],[-73.938942,45.479309],[-73.938878,45.479327],[-73.938815,45.479337],[-73.938751,45.479355],[-73.938611,45.479418],[-73.93842,45.479617],[-73.938395,45.479662],[-73.938357,45.479761],[-73.938345,45.479824],[-73.938346,45.479887],[-73.938347,45.480094],[-73.938348,45.480175],[-73.938348,45.480238],[-73.938349,45.480292],[-73.93835,45.480418],[-73.93835,45.48049],[-73.938351,45.480643],[-73.938352,45.480715],[-73.938352,45.480778],[-73.938353,45.48085],[-73.93838,45.480985],[-73.938393,45.481048],[-73.938406,45.481111],[-73.938419,45.481165],[-73.938459,45.481273],[-73.938523,45.481353],[-73.9386,45.481416],[-73.938652,45.481452],[-73.938768,45.481514],[-73.938832,45.48155],[-73.938909,45.481586],[-73.938999,45.481622],[-73.939166,45.481702],[-73.93923,45.481729],[-73.939332,45.481764],[-73.939409,45.481782],[-73.939473,45.481791],[-73.939562,45.481754],[-73.93969,45.481682],[-73.939779,45.481664],[-73.939881,45.481636],[-73.939958,45.4816],[-73.94006,45.481563],[-73.940162,45.481518],[-73.940226,45.4815],[-73.940366,45.481454],[-73.940442,45.481418],[-73.94048,45.481319],[-73.940288,45.481293],[-73.940301,45.481257],[-73.940467,45.481274],[-73.940659,45.4813],[-73.940787,45.481318],[-73.94089,45.481362],[-73.94098,45.481452],[-73.94098,45.481524],[-73.940943,45.481596],[-73.940892,45.481668],[-73.940829,45.481732],[-73.940676,45.481876],[-73.940638,45.481921],[-73.9406,45.481966],[-73.940562,45.48202],[-73.940474,45.482156],[-73.940449,45.482201],[-73.940423,45.482246],[-73.940411,45.482291],[-73.940386,45.482345],[-73.9404,45.48257],[-73.940426,45.482624],[-73.940452,45.482678],[-73.940491,45.482732],[-73.94053,45.482776],[-73.940607,45.482893],[-73.940646,45.482947],[-73.940685,45.483001],[-73.940724,45.483055],[-73.940775,45.483108],[-73.940904,45.483261],[-73.940956,45.483315],[-73.941008,45.483368],[-73.941046,45.483422],[-73.941213,45.483413],[-73.941264,45.483412],[-73.941303,45.483556],[-73.941777,45.483528],[-73.941994,45.4835],[-73.942109,45.483472],[-73.942312,45.483318],[-73.942363,45.483246],[-73.9424,45.483174],[-73.942438,45.483102],[-73.94245,45.483021],[-73.942514,45.48294],[-73.94259,45.482894],[-73.942551,45.482724],[-73.942627,45.482732],[-73.942755,45.482732],[-73.94296,45.482695],[-73.943075,45.482668],[-73.943228,45.482649],[-73.943381,45.48263],[-73.943445,45.482621],[-73.943599,45.482675],[-73.943664,45.482746],[-73.943702,45.482809],[-73.943703,45.482872],[-73.943678,45.482917],[-73.943653,45.482998],[-73.943653,45.48307],[-73.943654,45.483187],[-73.943642,45.483232],[-73.943617,45.483385],[-73.943593,45.483484],[-73.943542,45.483548],[-73.943478,45.483575],[-73.943389,45.483611],[-73.943312,45.483621],[-73.943197,45.483621],[-73.943069,45.483612],[-73.942954,45.483604],[-73.942851,45.483586],[-73.942711,45.483587],[-73.942634,45.483587],[-73.942557,45.483587],[-73.942481,45.483588],[-73.942442,45.483588],[-73.942404,45.483588],[-73.942186,45.483589],[-73.942109,45.48358],[-73.941624,45.4836],[-73.941444,45.48361],[-73.941215,45.48371],[-73.941216,45.483782],[-73.941216,45.483863],[-73.941217,45.483944],[-73.941218,45.484034],[-73.941205,45.484115],[-73.941193,45.484196],[-73.941194,45.48434],[-73.941182,45.48443],[-73.94117,45.48452],[-73.941158,45.484583],[-73.941146,45.484646],[-73.94112,45.4847],[-73.941108,45.484754],[-73.941096,45.484817],[-73.941071,45.484916],[-73.941071,45.484979],[-73.941072,45.485051],[-73.941073,45.485114],[-73.941083,45.485179],[-73.941086,45.485195],[-73.941099,45.485276],[-73.941112,45.485321],[-73.941126,45.485366],[-73.941178,45.485491],[-73.941191,45.485536],[-73.941192,45.485617],[-73.941192,45.485689],[-73.941193,45.48577],[-73.94118,45.485851],[-73.941168,45.485932],[-73.941144,45.48605],[-73.941119,45.486131],[-73.941069,45.486266],[-73.941056,45.486311],[-73.941044,45.486356],[-73.941018,45.486401],[-73.940993,45.486446],[-73.940968,45.486491],[-73.940943,45.486536],[-73.94093,45.486581],[-73.940842,45.486708],[-73.940817,45.486753],[-73.940753,45.486834],[-73.940703,45.486906],[-73.940639,45.48696],[-73.940537,45.487042],[-73.9405,45.487105],[-73.940462,45.487222],[-73.940424,45.487303],[-73.940374,45.487375],[-73.940272,45.487493],[-73.940247,45.487538],[-73.940235,45.487583],[-73.940209,45.487628],[-73.940197,45.487673],[-73.940172,45.487772],[-73.94016,45.487826],[-73.94016,45.48788],[-73.940161,45.487988],[-73.940161,45.488042],[-73.940162,45.488096],[-73.940162,45.48815],[-73.94015,45.488267],[-73.940151,45.488384],[-73.940152,45.488438],[-73.940152,45.488492],[-73.94014,45.488546],[-73.94014,45.4886],[-73.940141,45.488699],[-73.940129,45.488753],[-73.940104,45.488933],[-73.940092,45.489014],[-73.94008,45.489059],[-73.940042,45.48914],[-73.939966,45.489204],[-73.939928,45.489249],[-73.939877,45.48933],[-73.939839,45.489375],[-73.939776,45.489402],[-73.939686,45.48943],[-73.939622,45.489457],[-73.939558,45.489484],[-73.939495,45.48952],[-73.939419,45.489602],[-73.939355,45.489665],[-73.939292,45.489719],[-73.939216,45.489818],[-73.939165,45.48989],[-73.939089,45.489981],[-73.939026,45.490035],[-73.938924,45.490107],[-73.938847,45.490153],[-73.938784,45.490198],[-73.93872,45.490207],[-73.938618,45.490235],[-73.938554,45.490271],[-73.938452,45.490352],[-73.938389,45.490415],[-73.938312,45.490461],[-73.938224,45.490542],[-73.93816,45.490569],[-73.938032,45.490615],[-73.937943,45.490651],[-73.937854,45.490696],[-73.93779,45.490742],[-73.937714,45.490796],[-73.93765,45.490832],[-73.937497,45.490905],[-73.937283,45.491338],[-73.936864,45.491735],[-73.936813,45.491798],[-73.936749,45.491807],[-73.936659,45.49179],[-73.936634,45.491736],[-73.936554,45.491421],[-73.936426,45.491422],[-73.936427,45.491494],[-73.936325,45.491539],[-73.936274,45.491566],[-73.936248,45.491485],[-73.936158,45.491522],[-73.936197,45.491594],[-73.936134,45.491621],[-73.936185,45.491711],[-73.936071,45.491774],[-73.936057,45.491711],[-73.935943,45.491756],[-73.935918,45.491802],[-73.935829,45.491892],[-73.93565,45.492001],[-73.935536,45.492136],[-73.935473,45.492199],[-73.93541,45.492307],[-73.935385,45.49238],[-73.93536,45.492479],[-73.935335,45.492551],[-73.935322,45.492587],[-73.935297,45.492677],[-73.935259,45.49274],[-73.935234,45.492785],[-73.935196,45.49283],[-73.935145,45.492875],[-73.935107,45.492921],[-73.935056,45.492966],[-73.935018,45.493011],[-73.934968,45.493074],[-73.93493,45.49311],[-73.934892,45.493146],[-73.934982,45.493281],[-73.934612,45.49339],[-73.934343,45.493355],[-73.934279,45.493365],[-73.934202,45.493374],[-73.9341,45.493392],[-73.93396,45.493402],[-73.933883,45.493402],[-73.933819,45.493411],[-73.933755,45.493421],[-73.933691,45.49343],[-73.933614,45.493439],[-73.933589,45.493394],[-73.933524,45.49334],[-73.93346,45.493359],[-73.933397,45.493404],[-73.933333,45.493422],[-73.933244,45.493467],[-73.93318,45.493495],[-73.933116,45.493513],[-73.932975,45.493523],[-73.932963,45.493576],[-73.932989,45.493648],[-73.932977,45.49372],[-73.932926,45.493766],[-73.932837,45.493811],[-73.932748,45.493892],[-73.932659,45.493947],[-73.932569,45.493992],[-73.932531,45.49401],[-73.932493,45.493974],[-73.932441,45.493911],[-73.932402,45.493813],[-73.932388,45.493669],[-73.932374,45.493579],[-73.93231,45.493462],[-73.93222,45.493417],[-73.932104,45.4934],[-73.932053,45.493409],[-73.931989,45.493364],[-73.931886,45.49332],[-73.931797,45.493329],[-73.931733,45.493374],[-73.931643,45.493375],[-73.93158,45.493393],[-73.931465,45.493393],[-73.9314,45.493357],[-73.931336,45.493322],[-73.931259,45.493313],[-73.931208,45.493349],[-73.931183,45.493385],[-73.931132,45.493412],[-73.931017,45.493422],[-73.930915,45.493404],[-73.930851,45.493422],[-73.93071,45.49345],[-73.930646,45.493459],[-73.93057,45.493478],[-73.930506,45.493496],[-73.930455,45.493505],[-73.93011,45.49356],[-73.929842,45.49366],[-73.929548,45.49376],[-73.929166,45.493933],[-73.929128,45.493978],[-73.929077,45.494005],[-73.928949,45.494015],[-73.928795,45.49397],[-73.928679,45.493917],[-73.928564,45.493881],[-73.928474,45.493836],[-73.928422,45.493801],[-73.928333,45.493792],[-73.928243,45.493774],[-73.928077,45.493748],[-73.928013,45.493739],[-73.927949,45.493721],[-73.927885,45.493713],[-73.92782,45.493704],[-73.927718,45.493677],[-73.927628,45.493651],[-73.927564,45.493624],[-73.927449,45.493615],[-73.927359,45.493616],[-73.92727,45.493634],[-73.927193,45.493634],[-73.927116,45.493634],[-73.92704,45.493644],[-73.926963,45.493698],[-73.9269,45.493743],[-73.926849,45.493798],[-73.926811,45.493852],[-73.926748,45.493978],[-73.926684,45.49405],[-73.926646,45.494095],[-73.926621,45.494122],[-73.926558,45.494186],[-73.926469,45.494285],[-73.926405,45.494348],[-73.926354,45.494402],[-73.926304,45.494457],[-73.926253,45.494511],[-73.926215,45.494574],[-73.926202,45.494592],[-73.926038,45.494799],[-73.926012,45.494826],[-73.925987,45.494853],[-73.925897,45.494899],[-73.925821,45.494917],[-73.925796,45.495025],[-73.925555,45.495215],[-73.925427,45.495279],[-73.925402,45.495324],[-73.925364,45.495414],[-73.925326,45.495468],[-73.925288,45.49554],[-73.9252,45.495684],[-73.925124,45.495802],[-73.925099,45.495865],[-73.925061,45.495919],[-73.925023,45.495982],[-73.924985,45.496036],[-73.924934,45.49609],[-73.924871,45.496172],[-73.92482,45.496217],[-73.924744,45.49628],[-73.924693,45.496316],[-73.924616,45.496379],[-73.924565,45.496416],[-73.924528,45.49647],[-73.924464,45.496551],[-73.924439,45.496605],[-73.924414,45.496677],[-73.924427,45.496731],[-73.924453,45.496803],[-73.924466,45.496857],[-73.924467,45.496911],[-73.924467,45.496974],[-73.924455,45.497055],[-73.924443,45.497118],[-73.92443,45.497172],[-73.924392,45.497226],[-73.924355,45.49728],[-73.924304,45.497334],[-73.924266,45.497398],[-73.924177,45.49747],[-73.924113,45.497506],[-73.924062,45.497542],[-73.924012,45.497614],[-73.923999,45.497668],[-73.924,45.497731],[-73.924,45.497794],[-73.92395,45.497894],[-73.923912,45.497966],[-73.923874,45.498029],[-73.92381,45.498074],[-73.923721,45.498101],[-73.923632,45.498129],[-73.923504,45.498174],[-73.923402,45.498229],[-73.923357,45.498267],[-73.923338,45.498283],[-73.923288,45.498337],[-73.92325,45.498391],[-73.923237,45.498454],[-73.923225,45.498526],[-73.923225,45.498589],[-73.923213,45.498652],[-73.923188,45.498715],[-73.92315,45.498778],[-73.923125,45.498841],[-73.923087,45.498896],[-73.923024,45.498977],[-73.92296,45.499022],[-73.922896,45.499058],[-73.92282,45.499086],[-73.922743,45.499113],[-73.92268,45.499176],[-73.922654,45.499212],[-73.922655,45.499302],[-73.922655,45.499365],[-73.922656,45.499419],[-73.922656,45.499473],[-73.922657,45.499527],[-73.922619,45.499572],[-73.922581,45.499617],[-73.92253,45.499663],[-73.922441,45.499735],[-73.922351,45.499789],[-73.922275,45.499834],[-73.922211,45.49988],[-73.922148,45.499934],[-73.922097,45.499979],[-73.922072,45.499997],[-73.922066,45.5],[-73.922033,45.500015],[-73.921842,45.500097],[-73.921548,45.500116],[-73.921509,45.500026],[-73.920998,45.5001],[-73.920896,45.500136],[-73.920793,45.500182],[-73.920666,45.500227],[-73.920577,45.500273],[-73.920449,45.500327],[-73.920373,45.500372],[-73.920296,45.500409],[-73.92022,45.500445],[-73.920143,45.500481],[-73.920079,45.500508],[-73.920003,45.500536],[-73.919939,45.500554],[-73.919862,45.50059],[-73.919799,45.500608],[-73.919735,45.500618],[-73.919645,45.500573],[-73.919351,45.50061],[-73.919032,45.500737],[-73.918635,45.500757],[-73.918584,45.500802],[-73.918546,45.500856],[-73.918444,45.500874],[-73.918367,45.500884],[-73.918342,45.500938],[-73.918317,45.500983],[-73.917489,45.501445],[-73.917386,45.501364],[-73.917296,45.5014],[-73.917207,45.501419],[-73.917105,45.501428],[-73.917015,45.501419],[-73.916951,45.501411],[-73.916861,45.501393],[-73.916784,45.501366],[-73.916694,45.501349],[-73.916566,45.501313],[-73.916477,45.501295],[-73.916374,45.501278],[-73.916169,45.501252],[-73.916054,45.501243],[-73.915926,45.501244],[-73.915824,45.501244],[-73.915747,45.501244],[-73.915683,45.501208],[-73.915657,45.501163],[-73.915605,45.501128],[-73.915567,45.501083],[-73.91554,45.501029],[-73.915476,45.500984],[-73.915374,45.500985],[-73.915233,45.500967],[-73.915143,45.500967],[-73.915067,45.500968],[-73.914939,45.500995],[-73.91485,45.501022],[-73.914747,45.501041],[-73.914658,45.501059],[-73.91453,45.501096],[-73.914479,45.501132],[-73.914428,45.501195],[-73.91439,45.50124],[-73.914391,45.501294],[-73.914136,45.501412],[-73.913995,45.501386],[-73.913944,45.50144],[-73.913919,45.501485],[-73.913855,45.501557],[-73.913779,45.50162],[-73.913715,45.501683],[-73.913588,45.501801],[-73.9135,45.501891],[-73.913462,45.501954],[-73.913411,45.502009],[-73.913373,45.502054],[-73.913335,45.502117],[-73.913297,45.502234],[-73.913259,45.502306],[-73.913222,45.502378],[-73.913184,45.502432],[-73.913158,45.502495],[-73.91312,45.50254],[-73.913095,45.502585],[-73.913083,45.50264],[-73.913045,45.502703],[-73.913007,45.502757],[-73.91302,45.502856],[-73.912995,45.502919],[-73.912932,45.503018],[-73.912843,45.503054],[-73.91283,45.5031],[-73.912792,45.503181],[-73.912767,45.503253],[-73.912768,45.503334],[-73.912756,45.503451],[-73.912731,45.503532],[-73.912706,45.503613],[-73.912681,45.503676],[-73.912669,45.503748],[-73.912631,45.503919],[-73.91262,45.504001],[-73.912619,45.504009],[-73.912607,45.504054],[-73.912595,45.504144],[-73.91257,45.504234],[-73.912558,45.504324],[-73.912545,45.504405],[-73.91252,45.504486],[-73.912508,45.504567],[-73.912509,45.504648],[-73.912497,45.504819],[-73.912498,45.504954],[-73.912499,45.505053],[-73.9125,45.505143],[-73.9125,45.505233],[-73.912501,45.505323],[-73.912514,45.505404],[-73.912515,45.505458],[-73.912528,45.505548],[-73.912542,45.505638],[-73.912581,45.505773],[-73.912594,45.505818],[-73.912696,45.505808],[-73.912595,45.50598],[-73.912544,45.506052],[-73.912494,45.506124],[-73.912405,45.506214],[-73.912341,45.50626],[-73.912278,45.506305],[-73.912227,45.50635],[-73.912176,45.506386],[-73.912125,45.506422],[-73.912036,45.506486],[-73.911985,45.506522],[-73.911909,45.506594],[-73.911883,45.506621],[-73.911719,45.506847],[-73.91168,45.50691],[-73.911643,45.506955],[-73.911617,45.507009],[-73.911465,45.507154],[-73.911427,45.507208],[-73.911363,45.507199],[-73.911299,45.507253],[-73.911248,45.507298],[-73.911134,45.507353],[-73.911083,45.507407],[-73.911019,45.507443],[-73.910469,45.507517],[-73.910137,45.507644],[-73.910086,45.507618],[-73.909831,45.507717],[-73.909793,45.507772],[-73.909742,45.507781],[-73.909704,45.507826],[-73.909666,45.507871],[-73.909615,45.507916],[-73.909602,45.50797],[-73.909577,45.508033],[-73.909565,45.508087],[-73.909552,45.508141],[-73.909553,45.508195],[-73.909541,45.508276],[-73.909515,45.508321],[-73.909477,45.508366],[-73.9094,45.508349],[-73.909323,45.508322],[-73.909285,45.50834],[-73.908952,45.508377],[-73.908825,45.508387],[-73.908748,45.508387],[-73.908671,45.508369],[-73.908594,45.508334],[-73.908479,45.508298],[-73.908376,45.508289],[-73.908299,45.50829],[-73.908197,45.508299],[-73.90812,45.508326],[-73.908031,45.508336],[-73.907967,45.508345],[-73.90789,45.508363],[-73.907763,45.508409],[-73.907648,45.508445],[-73.907584,45.508463],[-73.90752,45.508445],[-73.907456,45.50841],[-73.907391,45.508356],[-73.907314,45.508302],[-73.907237,45.50824],[-73.907134,45.508168],[-73.907044,45.508159],[-73.906929,45.50816],[-73.906865,45.508169],[-73.906801,45.508178],[-73.906737,45.508187],[-73.906661,45.508206],[-73.906571,45.508206],[-73.906469,45.508215],[-73.906379,45.508252],[-73.90629,45.508288],[-73.906213,45.508315],[-73.906086,45.508352],[-73.906009,45.508379],[-73.905945,45.508406],[-73.905869,45.508442],[-73.905792,45.508488],[-73.905728,45.508506],[-73.905652,45.508524],[-73.905588,45.508596],[-73.905537,45.508633],[-73.905461,45.508669],[-73.905397,45.508696],[-73.905295,45.50875],[-73.905257,45.508795],[-73.905232,45.50885],[-73.905169,45.508949],[-73.905131,45.509021],[-73.905093,45.509093],[-73.905055,45.509165],[-73.904991,45.509237],[-73.904928,45.509292],[-73.904839,45.509364],[-73.904762,45.5094],[-73.904673,45.509428],[-73.904596,45.509473],[-73.904533,45.509509],[-73.904418,45.509545],[-73.904329,45.509591],[-73.904252,45.509618],[-73.904188,45.509663],[-73.904124,45.509672],[-73.904047,45.509673],[-73.904061,45.509754],[-73.90401,45.50979],[-73.903934,45.509844],[-73.903832,45.509916],[-73.903781,45.509953],[-73.903691,45.509998],[-73.903628,45.510052],[-73.903577,45.510088],[-73.903513,45.510133],[-73.90345,45.510179],[-73.903399,45.510215],[-73.903322,45.51026],[-73.903271,45.510296],[-73.903246,45.510314],[-73.903195,45.510342],[-73.903105,45.510333],[-73.903041,45.510342],[-73.903016,45.510423],[-73.902991,45.510477],[-73.902966,45.51054],[-73.902928,45.510631],[-73.902903,45.510676],[-73.902903,45.51073],[-73.902916,45.510775],[-73.902905,45.510918],[-73.90287,45.511422],[-73.90287,45.511503],[-73.902871,45.511566],[-73.902871,45.511577],[-73.902871,45.51162],[-73.902859,45.511666],[-73.902833,45.511711]]],[[[-73.881259,45.478175],[-73.881183,45.478221],[-73.881004,45.478284],[-73.880915,45.478339],[-73.880851,45.478375],[-73.880749,45.47842],[-73.880698,45.478456],[-73.880558,45.478538],[-73.880494,45.478583],[-73.88038,45.478655],[-73.880303,45.478692],[-73.88024,45.478728],[-73.880176,45.478755],[-73.880112,45.478782],[-73.879997,45.478837],[-73.879895,45.478882],[-73.879768,45.478918],[-73.879666,45.478955],[-73.879576,45.478982],[-73.879576,45.478892],[-73.879601,45.478838],[-73.879664,45.478748],[-73.879728,45.478693],[-73.879881,45.478621],[-73.879983,45.478567],[-73.880059,45.478503],[-73.880135,45.478458],[-73.880237,45.478395],[-73.880301,45.478359],[-73.880454,45.478268],[-73.880569,45.478214],[-73.880645,45.47816],[-73.880683,45.478114],[-73.880721,45.478069],[-73.880785,45.478024],[-73.880861,45.478015],[-73.880964,45.478014],[-73.881053,45.478023],[-73.881117,45.478041],[-73.881194,45.478068],[-73.881271,45.478085],[-73.881323,45.478121],[-73.881259,45.478175]]],[[[-73.879908,45.475111],[-73.880126,45.475111],[-73.88019,45.475119],[-73.880254,45.475137],[-73.880331,45.475173],[-73.880407,45.475155],[-73.880445,45.475101],[-73.880522,45.475064],[-73.880637,45.475109],[-73.880727,45.475154],[-73.880817,45.475207],[-73.88092,45.475297],[-73.880971,45.475342],[-73.880985,45.475396],[-73.880972,45.475441],[-73.880921,45.475495],[-73.880832,45.475558],[-73.880756,45.475586],[-73.880679,45.475604],[-73.880615,45.475595],[-73.880564,45.475559],[-73.880487,45.475524],[-73.880422,45.475488],[-73.880281,45.475443],[-73.880217,45.475434],[-73.880141,45.475426],[-73.880077,45.475435],[-73.88,45.475435],[-73.879923,45.475453],[-73.879859,45.475472],[-73.879783,45.475481],[-73.879642,45.475481],[-73.879565,45.475473],[-73.879527,45.475419],[-73.879513,45.475365],[-73.879513,45.475311],[-73.879526,45.475257],[-73.879576,45.475221],[-73.879666,45.475175],[-73.879742,45.475166],[-73.879819,45.475139],[-73.879908,45.475111]]],[[[-73.875192,45.485205],[-73.875064,45.485215],[-73.874974,45.485224],[-73.874885,45.485206],[-73.874756,45.485162],[-73.874654,45.485126],[-73.874615,45.485081],[-73.874679,45.485045],[-73.874781,45.485045],[-73.874922,45.485035],[-73.87505,45.485062],[-73.875114,45.485098],[-73.875217,45.485115],[-73.875268,45.485151],[-73.875192,45.485205]]],[[[-73.874583,45.484101],[-73.874583,45.48402],[-73.874595,45.483966],[-73.874658,45.483866],[-73.874773,45.483749],[-73.874824,45.483695],[-73.874887,45.483623],[-73.875014,45.483496],[-73.875065,45.483433],[-73.875116,45.483379],[-73.875205,45.483289],[-73.875243,45.483244],[-73.875281,45.483198],[-73.875344,45.483081],[-73.875369,45.483027],[-73.875394,45.482982],[-73.875394,45.482928],[-73.875381,45.482847],[-73.875342,45.482775],[-73.875265,45.482749],[-73.875137,45.482731],[-73.875022,45.482731],[-73.874958,45.482722],[-73.874957,45.48266],[-73.874983,45.482614],[-73.875021,45.482551],[-73.875059,45.482497],[-73.875071,45.482443],[-73.875096,45.482389],[-73.875147,45.482326],[-73.875337,45.4821],[-73.875734,45.482171],[-73.875837,45.48218],[-73.875926,45.482161],[-73.876028,45.482143],[-73.876118,45.482125],[-73.876194,45.482125],[-73.87631,45.482142],[-73.876374,45.482151],[-73.876859,45.482023],[-73.876923,45.481987],[-73.877038,45.481942],[-73.877101,45.481906],[-73.877178,45.481923],[-73.877204,45.481995],[-73.87723,45.482067],[-73.877231,45.482139],[-73.877257,45.48222],[-73.877283,45.482265],[-73.877347,45.482301],[-73.87736,45.482373],[-73.877361,45.482427],[-73.877361,45.482472],[-73.877362,45.482589],[-73.877363,45.482742],[-73.87735,45.482787],[-73.877351,45.482913],[-73.877351,45.482976],[-73.877352,45.483039],[-73.877365,45.483147],[-73.877379,45.483192],[-73.877392,45.483308],[-73.877405,45.483362],[-73.877406,45.483425],[-73.877406,45.48347],[-73.877406,45.483488],[-73.877407,45.48356],[-73.877407,45.483632],[-73.87742,45.483677],[-73.877471,45.483677],[-73.877535,45.483686],[-73.877612,45.483686],[-73.877663,45.483695],[-73.877727,45.483703],[-73.877792,45.48373],[-73.877817,45.483757],[-73.877817,45.483784],[-73.877805,45.48382],[-73.877728,45.483838],[-73.877639,45.483856],[-73.877562,45.483848],[-73.877472,45.48383],[-73.877408,45.483821],[-73.87737,45.48383],[-73.877332,45.483893],[-73.877307,45.483957],[-73.877282,45.484002],[-73.877269,45.484074],[-73.877231,45.484164],[-73.877156,45.484353],[-73.877105,45.484425],[-73.877054,45.48447],[-73.876902,45.484552],[-73.876812,45.484588],[-73.876736,45.484633],[-73.876659,45.484661],[-73.876595,45.484688],[-73.876532,45.484715],[-73.876442,45.484751],[-73.876353,45.484752],[-73.876301,45.484698],[-73.876263,45.484644],[-73.876249,45.484599],[-73.876223,45.484536],[-73.876211,45.484518],[-73.876185,45.484464],[-73.876069,45.484447],[-73.875967,45.484447],[-73.875903,45.484456],[-73.875724,45.484502],[-73.875648,45.484529],[-73.875584,45.484547],[-73.875482,45.484583],[-73.875405,45.484584],[-73.875264,45.484584],[-73.875162,45.484576],[-73.875047,45.484576],[-73.87497,45.484558],[-73.874868,45.484549],[-73.874803,45.484514],[-73.874713,45.484469],[-73.874611,45.484415],[-73.874572,45.484362],[-73.874571,45.484254],[-73.874583,45.484101]]],[[[-73.859224,45.490863],[-73.859173,45.490818],[-73.859147,45.490764],[-73.859146,45.490701],[-73.859159,45.490647],[-73.85921,45.490611],[-73.859299,45.490566],[-73.859337,45.49052],[-73.859401,45.490466],[-73.859413,45.490421],[-73.859464,45.490358],[-73.85954,45.490295],[-73.859579,45.49025],[-73.859617,45.490205],[-73.85968,45.490132],[-73.859782,45.490069],[-73.859859,45.490024],[-73.859935,45.489979],[-73.860011,45.489933],[-73.860063,45.489897],[-73.860126,45.48987],[-73.860216,45.489843],[-73.86028,45.489834],[-73.860343,45.489797],[-73.86042,45.489779],[-73.860497,45.48977],[-73.860561,45.489761],[-73.860637,45.489761],[-73.86074,45.48976],[-73.860829,45.48976],[-73.860906,45.489769],[-73.86097,45.489795],[-73.861034,45.489813],[-73.861098,45.489849],[-73.861163,45.489894],[-73.86124,45.489957],[-73.861279,45.490001],[-73.861304,45.490046],[-73.861305,45.490109],[-73.861305,45.490181],[-73.86128,45.490244],[-73.861242,45.490289],[-73.861217,45.490343],[-73.861192,45.490425],[-73.861154,45.490488],[-73.861141,45.490533],[-73.861103,45.490596],[-73.861065,45.490641],[-73.86104,45.490695],[-73.861002,45.490758],[-73.860977,45.490803],[-73.860939,45.490848],[-73.860888,45.49092],[-73.860837,45.490975],[-73.860761,45.491029],[-73.860697,45.491074],[-73.860633,45.491101],[-73.860569,45.49111],[-73.860492,45.491102],[-73.860416,45.491102],[-73.860352,45.491111],[-73.860288,45.491129],[-73.860198,45.491148],[-73.860109,45.491148],[-73.860032,45.491139],[-73.859968,45.49113],[-73.859891,45.491104],[-73.859827,45.491086],[-73.859763,45.491068],[-73.859622,45.491032],[-73.859558,45.491006],[-73.859494,45.490997],[-73.859417,45.490961],[-73.859353,45.490934],[-73.859289,45.490907],[-73.859224,45.490863]]],[[[-73.857841,45.498768],[-73.857739,45.49884],[-73.857663,45.498876],[-73.857599,45.498912],[-73.857535,45.498949],[-73.857446,45.499021],[-73.857383,45.499066],[-73.857293,45.49912],[-73.857153,45.49913],[-73.857063,45.49913],[-73.856986,45.499112],[-73.856909,45.499068],[-73.856883,45.499014],[-73.85687,45.498978],[-73.856844,45.498879],[-73.856869,45.498834],[-73.856869,45.498789],[-73.85692,45.498744],[-73.857035,45.498662],[-73.857264,45.498545],[-73.857341,45.498526],[-73.857443,45.498526],[-73.857622,45.498516],[-73.857699,45.498552],[-73.857763,45.49857],[-73.857853,45.498624],[-73.857905,45.498705],[-73.857841,45.498768]]],[[[-73.856067,45.507574],[-73.856118,45.507537],[-73.856105,45.507475],[-73.856117,45.50743],[-73.85613,45.507367],[-73.85613,45.507313],[-73.856129,45.507259],[-73.856116,45.507205],[-73.856103,45.507142],[-73.856128,45.507061],[-73.856166,45.507007],[-73.856191,45.506961],[-73.856229,45.506916],[-73.85628,45.506862],[-73.856318,45.506817],[-73.856356,45.506772],[-73.856407,45.506736],[-73.856497,45.506673],[-73.856522,45.506619],[-73.856521,45.506564],[-73.856496,45.50652],[-73.856495,45.506466],[-73.856546,45.50642],[-73.85661,45.506348],[-73.856635,45.506294],[-73.856673,45.506249],[-73.856737,45.506186],[-73.856762,45.506141],[-73.8568,45.506078],[-73.856812,45.506024],[-73.856825,45.505979],[-73.856876,45.505934],[-73.856939,45.505879],[-73.85699,45.505825],[-73.857054,45.505807],[-73.857118,45.505861],[-73.857157,45.505906],[-73.857196,45.505977],[-73.857235,45.506022],[-73.857312,45.506103],[-73.857363,45.506148],[-73.857415,45.506184],[-73.857517,45.506219],[-73.857594,45.506228],[-73.857659,45.506264],[-73.857723,45.506309],[-73.857762,45.506354],[-73.857813,45.506444],[-73.857826,45.506488],[-73.857865,45.50647],[-73.858199,45.506784],[-73.858393,45.507045],[-73.858125,45.507162],[-73.858074,45.507181],[-73.85801,45.507199],[-73.857959,45.507235],[-73.857895,45.507244],[-73.857805,45.507244],[-73.857742,45.507271],[-73.85764,45.50738],[-73.857564,45.507434],[-73.8575,45.50747],[-73.857423,45.507515],[-73.85736,45.507552],[-73.857283,45.507588],[-73.857181,45.507624],[-73.857104,45.507652],[-73.857002,45.507706],[-73.856951,45.507742],[-73.856836,45.507805],[-73.856773,45.507841],[-73.856696,45.50786],[-73.856607,45.507887],[-73.856479,45.50795],[-73.856044,45.508024],[-73.85598,45.508015],[-73.855942,45.507988],[-73.855916,45.507952],[-73.855954,45.507871],[-73.856018,45.507871],[-73.85603,45.507817],[-73.855953,45.507808],[-73.856029,45.507673],[-73.856055,45.507628],[-73.856067,45.507574]]],[[[-73.818448,45.513066],[-73.818511,45.513039],[-73.818575,45.513011],[-73.81869,45.512984],[-73.81878,45.512975],[-73.818882,45.512957],[-73.818946,45.512947],[-73.81901,45.512938],[-73.819074,45.51292],[-73.819151,45.512902],[-73.819214,45.512884],[-73.819278,45.512848],[-73.819342,45.51282],[-73.819432,45.512802],[-73.81956,45.512811],[-73.819649,45.51281],[-73.819777,45.51281],[-73.819893,45.512819],[-73.819969,45.512819],[-73.820059,45.512827],[-73.820161,45.512836],[-73.820392,45.512853],[-73.820469,45.512853],[-73.820571,45.512871],[-73.820725,45.512897],[-73.820802,45.512906],[-73.820904,45.512915],[-73.820994,45.512951],[-73.821058,45.512987],[-73.821148,45.513067],[-73.821264,45.513166],[-73.821302,45.513211],[-73.821328,45.513256],[-73.821342,45.513364],[-73.821342,45.513418],[-73.821343,45.513508],[-73.82133,45.513562],[-73.821267,45.513697],[-73.821229,45.513751],[-73.821204,45.513823],[-73.821178,45.513868],[-73.821127,45.513931],[-73.821089,45.513976],[-73.821025,45.514003],[-73.820962,45.514013],[-73.820872,45.514004],[-73.820782,45.513968],[-73.82068,45.513941],[-73.82059,45.513924],[-73.820462,45.513888],[-73.820372,45.513888],[-73.820283,45.513924],[-73.820232,45.513961],[-73.820129,45.513961],[-73.820053,45.513961],[-73.819963,45.513961],[-73.819873,45.513953],[-73.819784,45.513953],[-73.819681,45.513971],[-73.819579,45.51398],[-73.819451,45.514017],[-73.819362,45.514035],[-73.819259,45.514044],[-73.81917,45.514063],[-73.819068,45.514063],[-73.819004,45.514072],[-73.818876,45.514072],[-73.818773,45.514082],[-73.818684,45.514073],[-73.818581,45.514073],[-73.818505,45.514074],[-73.818415,45.514074],[-73.818325,45.514065],[-73.818274,45.514056],[-73.818223,45.514047],[-73.818171,45.514002],[-73.818171,45.513949],[-73.818183,45.513885],[-73.818183,45.513795],[-73.818183,45.513742],[-73.818182,45.513678],[-73.818182,45.513624],[-73.818169,45.51358],[-73.818181,45.513507],[-73.818181,45.513453],[-73.818193,45.51339],[-73.818219,45.513319],[-73.818244,45.513219],[-73.818282,45.513174],[-73.818358,45.513111],[-73.818448,45.513066]]],[[[-73.759439,45.509013],[-73.759439,45.509067],[-73.759423,45.509148],[-73.758931,45.508874],[-73.758978,45.508861],[-73.75908,45.508807],[-73.759144,45.50878],[-73.75922,45.508698],[-73.75931,45.508671],[-73.759386,45.508653],[-73.759566,45.508653],[-73.759604,45.508706],[-73.759592,45.508796],[-73.759515,45.508896],[-73.759465,45.508968],[-73.759439,45.509013]]]]}},{"type":"Feature","properties":{"sector_id":"3"},"geometry":{"type":"MultiPolygon","coordinates":[[[[-73.724375,45.460171],[-73.724414,45.460261],[-73.724564,45.460536],[-73.724773,45.460799],[-73.724828,45.460869],[-73.724891,45.460948],[-73.723353,45.462055],[-73.721524,45.463369],[-73.720983,45.463759],[-73.719886,45.464566],[-73.719568,45.464802],[-73.719295,45.465006],[-73.718692,45.465454],[-73.718425,45.465651],[-73.717938,45.466012],[-73.717342,45.466453],[-73.716463,45.467112],[-73.714836,45.468337],[-73.712552,45.470054],[-73.711235,45.471046],[-73.711087,45.471157],[-73.711037,45.471194],[-73.709963,45.472003],[-73.708639,45.472998],[-73.708371,45.4732],[-73.708361,45.473207],[-73.708268,45.473148],[-73.708163,45.473081],[-73.705856,45.471612],[-73.70508,45.471241],[-73.704763,45.471086],[-73.704138,45.470812],[-73.703745,45.470613],[-73.702097,45.46955],[-73.699254,45.467604],[-73.696703,45.465841],[-73.696578,45.465754],[-73.696186,45.465483],[-73.695552,45.465044],[-73.693968,45.46395],[-73.693675,45.463747],[-73.693653,45.463857],[-73.693552,45.464361],[-73.693308,45.465568],[-73.693006,45.467067],[-73.692955,45.467322],[-73.692914,45.467523],[-73.692864,45.467773],[-73.692569,45.469238],[-73.692515,45.469507],[-73.692469,45.469732],[-73.692436,45.469897],[-73.6924,45.470074],[-73.69236,45.470276],[-73.692344,45.470356],[-73.692312,45.470336],[-73.692257,45.470303],[-73.69204,45.470172],[-73.691971,45.470135],[-73.691679,45.46998],[-73.691623,45.46995],[-73.691572,45.469923],[-73.691507,45.469889],[-73.691418,45.469841],[-73.691306,45.469772],[-73.691276,45.469754],[-73.691193,45.469706],[-73.691089,45.469647],[-73.691028,45.469612],[-73.690916,45.469547],[-73.690847,45.469508],[-73.690751,45.469453],[-73.690722,45.469436],[-73.690682,45.469411],[-73.69064,45.469384],[-73.690572,45.469341],[-73.690559,45.469332],[-73.690542,45.469321],[-73.690505,45.469298],[-73.690322,45.469181],[-73.690019,45.468987],[-73.689953,45.468945],[-73.689925,45.468927],[-73.689918,45.468923],[-73.689883,45.468904],[-73.689835,45.468878],[-73.689792,45.468855],[-73.689735,45.468824],[-73.689693,45.468801],[-73.689604,45.468753],[-73.6896,45.468751],[-73.689541,45.468719],[-73.68947,45.46868],[-73.689403,45.468643],[-73.689327,45.468602],[-73.689268,45.46857],[-73.689244,45.468557],[-73.689179,45.468517],[-73.689147,45.468496],[-73.6891,45.468467],[-73.689042,45.46843],[-73.688969,45.468384],[-73.6889,45.468341],[-73.688827,45.468295],[-73.688778,45.468264],[-73.688725,45.468231],[-73.688651,45.468184],[-73.688589,45.468145],[-73.688549,45.46812],[-73.688495,45.468086],[-73.688428,45.468044],[-73.688375,45.468011],[-73.688297,45.467961],[-73.688232,45.467921],[-73.688169,45.467881],[-73.68812,45.46785],[-73.688055,45.467809],[-73.688007,45.467779],[-73.687689,45.467579],[-73.687521,45.467473],[-73.687443,45.467424],[-73.687388,45.46739],[-73.687295,45.467331],[-73.687232,45.467292],[-73.687162,45.467248],[-73.687083,45.467198],[-73.687078,45.467195],[-73.687003,45.467157],[-73.686954,45.467132],[-73.686871,45.467091],[-73.686855,45.467082],[-73.686504,45.466905],[-73.686097,45.466644],[-73.684892,45.465901],[-73.684818,45.465856],[-73.684688,45.465775],[-73.683887,45.465282],[-73.683871,45.465272],[-73.68368,45.465151],[-73.683585,45.465091],[-73.683571,45.465082],[-73.683515,45.465047],[-73.683389,45.464967],[-73.683315,45.46492],[-73.683252,45.464881],[-73.683147,45.464819],[-73.683472,45.464331],[-73.683507,45.464267],[-73.683618,45.464097],[-73.683896,45.463672],[-73.683921,45.46362],[-73.684042,45.463385],[-73.684084,45.463302],[-73.684215,45.46305],[-73.684466,45.462555],[-73.68513,45.461258],[-73.685363,45.460802],[-73.685576,45.460284],[-73.685656,45.460029],[-73.685719,45.4597],[-73.685753,45.459492],[-73.68578,45.45927],[-73.685857,45.458686],[-73.686043,45.457169],[-73.686052,45.457096],[-73.686062,45.457023],[-73.686069,45.456968],[-73.686079,45.456887],[-73.686278,45.455328],[-73.686343,45.454848],[-73.686348,45.454802],[-73.686276,45.454783],[-73.685615,45.454604],[-73.684107,45.454194],[-73.682847,45.453832],[-73.682801,45.45382],[-73.682663,45.453785],[-73.682353,45.453704],[-73.682177,45.453659],[-73.682054,45.453627],[-73.678009,45.45244],[-73.674969,45.452566],[-73.67411,45.452568],[-73.673767,45.452569],[-73.673669,45.452569],[-73.673173,45.452564],[-73.672936,45.452561],[-73.672538,45.452557],[-73.672389,45.452555],[-73.672217,45.452553],[-73.671986,45.452552],[-73.671879,45.452551],[-73.671871,45.452569],[-73.671853,45.45261],[-73.671828,45.452668],[-73.671811,45.452707],[-73.671727,45.4529],[-73.671716,45.452925],[-73.67154,45.453126],[-73.670158,45.454813],[-73.670103,45.455065],[-73.670006,45.455176],[-73.669839,45.455337],[-73.669812,45.455363],[-73.669564,45.455591],[-73.669376,45.455733],[-73.668998,45.455947],[-73.668588,45.456178],[-73.66824,45.456607],[-73.658688,45.452871],[-73.656648,45.452157],[-73.656125,45.451976],[-73.655993,45.451911],[-73.655844,45.451836],[-73.654714,45.451428],[-73.654417,45.451321],[-73.65313,45.450802],[-73.652545,45.450606],[-73.652367,45.450541],[-73.648369,45.449077],[-73.643947,45.447837],[-73.643552,45.447823],[-73.643411,45.447817],[-73.643185,45.447848],[-73.641137,45.447823],[-73.639948,45.447344],[-73.639973,45.447111],[-73.639871,45.447079],[-73.639862,45.447076],[-73.639768,45.447045],[-73.63966,45.447012],[-73.639503,45.446962],[-73.637627,45.44799],[-73.636938,45.448368],[-73.636923,45.448374],[-73.636804,45.448415],[-73.636659,45.448467],[-73.636275,45.448601],[-73.636244,45.448612],[-73.63614,45.448643],[-73.635892,45.448717],[-73.635818,45.44874],[-73.635474,45.448842],[-73.635218,45.448918],[-73.635057,45.448966],[-73.634885,45.449018],[-73.634771,45.449051],[-73.634744,45.44906],[-73.634614,45.449097],[-73.634606,45.449099],[-73.634383,45.449164],[-73.634367,45.449168],[-73.634302,45.449187],[-73.634285,45.449192],[-73.634276,45.449194],[-73.634275,45.449195],[-73.63422,45.449212],[-73.634131,45.449241],[-73.634098,45.449252],[-73.634064,45.449265],[-73.634012,45.449283],[-73.633952,45.449305],[-73.633572,45.449444],[-73.633221,45.449543],[-73.632971,45.449613],[-73.632947,45.44962],[-73.632863,45.449644],[-73.632739,45.449681],[-73.632733,45.449683],[-73.632729,45.449684],[-73.632576,45.449729],[-73.6325,45.4497],[-73.632131,45.44954],[-73.631144,45.449134],[-73.629398,45.448415],[-73.629238,45.448345],[-73.629274,45.448315],[-73.630001,45.447792],[-73.630984,45.447206],[-73.632044,45.446674],[-73.633423,45.446087],[-73.634751,45.445564],[-73.636654,45.444824],[-73.639413,45.443794],[-73.642682,45.442459],[-73.644789,45.441628],[-73.645977,45.44115],[-73.646028,45.441132],[-73.646091,45.441107],[-73.64632,45.44102],[-73.646334,45.441014],[-73.646398,45.440987],[-73.646973,45.440753],[-73.647432,45.440554],[-73.647943,45.44031],[-73.648581,45.439985],[-73.649207,45.439634],[-73.649973,45.439219],[-73.649985,45.439012],[-73.650059,45.438986],[-73.650138,45.438958],[-73.650254,45.438917],[-73.650328,45.438891],[-73.650445,45.438849],[-73.650662,45.438858],[-73.651145,45.438564],[-73.65204,45.438019],[-73.652793,45.437622],[-73.653278,45.437334],[-73.653776,45.43709],[-73.654427,45.436801],[-73.655027,45.436557],[-73.655589,45.43635],[-73.656112,45.436142],[-73.656559,45.435979],[-73.657849,45.435474],[-73.658806,45.435086],[-73.65933,45.43486],[-73.660491,45.434264],[-73.66155,45.433714],[-73.662125,45.433443],[-73.662814,45.433181],[-73.663606,45.432901],[-73.664704,45.432522],[-73.665125,45.432368],[-73.665355,45.432314],[-73.665636,45.43216],[-73.666223,45.432006],[-73.666388,45.431961],[-73.666453,45.431943],[-73.666657,45.431952],[-73.667053,45.431834],[-73.667271,45.431816],[-73.667436,45.43178],[-73.667436,45.431645],[-73.66787,45.431383],[-73.667934,45.431365],[-73.668623,45.43113],[-73.668866,45.431049],[-73.669032,45.430995],[-73.669108,45.430986],[-73.66916,45.430994],[-73.669262,45.431165],[-73.669237,45.43121],[-73.669365,45.431426],[-73.669582,45.431408],[-73.669595,45.431435],[-73.669979,45.431389],[-73.670232,45.431393],[-73.670988,45.431406],[-73.671614,45.431378],[-73.672141,45.431367],[-73.672624,45.431358],[-73.673634,45.431411],[-73.67459,45.431552],[-73.675194,45.431642],[-73.675335,45.431651],[-73.675731,45.431686],[-73.675999,45.431695],[-73.676383,45.431694],[-73.676919,45.43172],[-73.677456,45.431774],[-73.67746,45.431774],[-73.677866,45.431863],[-73.678173,45.431953],[-73.678493,45.432087],[-73.678992,45.432275],[-73.679721,45.432517],[-73.680386,45.432714],[-73.68077,45.432803],[-73.68077,45.432803],[-73.680834,45.432821],[-73.681371,45.432919],[-73.68224,45.433017],[-73.682605,45.433045],[-73.682673,45.43305],[-73.683161,45.433088],[-73.683186,45.433033],[-73.683454,45.432943],[-73.68348,45.43297],[-73.683837,45.432717],[-73.683875,45.432681],[-73.684308,45.43224],[-73.68473,45.432356],[-73.684718,45.432581],[-73.684374,45.432933],[-73.684337,45.433077],[-73.684388,45.433149],[-73.684848,45.433274],[-73.68513,45.433327],[-73.685386,45.43339],[-73.685475,45.433417],[-73.685526,45.433327],[-73.685603,45.433345],[-73.685793,45.432939],[-73.686088,45.433092],[-73.685948,45.433362],[-73.68605,45.43338],[-73.686114,45.433398],[-73.686165,45.433434],[-73.686191,45.433478],[-73.686217,45.433524],[-73.686242,45.433568],[-73.686281,45.433622],[-73.686281,45.433676],[-73.686345,45.433676],[-73.686396,45.433676],[-73.686422,45.433667],[-73.686447,45.433676],[-73.686473,45.433676],[-73.686498,45.433667],[-73.686537,45.433685],[-73.68655,45.433703],[-73.686562,45.433721],[-73.686563,45.433739],[-73.68655,45.433757],[-73.686563,45.433784],[-73.686601,45.433784],[-73.686627,45.433784],[-73.686652,45.433793],[-73.686678,45.433784],[-73.68669,45.433766],[-73.686703,45.43373],[-73.686716,45.433703],[-73.686741,45.433703],[-73.686767,45.433694],[-73.68678,45.433675],[-73.686792,45.433657],[-73.686805,45.433612],[-73.686805,45.433585],[-73.686818,45.433567],[-73.686818,45.433549],[-73.686843,45.433522],[-73.686843,45.433495],[-73.686843,45.433468],[-73.686843,45.43345],[-73.686856,45.433432],[-73.686881,45.433414],[-73.686958,45.433405],[-73.686983,45.433405],[-73.687022,45.433423],[-73.687034,45.433441],[-73.687047,45.433486],[-73.68706,45.433576],[-73.687061,45.433603],[-73.687048,45.433621],[-73.687061,45.433639],[-73.687201,45.433648],[-73.68724,45.433648],[-73.687265,45.433657],[-73.687304,45.433639],[-73.687316,45.433621],[-73.687303,45.433603],[-73.687316,45.433585],[-73.687342,45.433576],[-73.68738,45.433575],[-73.687406,45.433576],[-73.687431,45.433567],[-73.687457,45.433548],[-73.687457,45.43353],[-73.687469,45.433512],[-73.687469,45.433494],[-73.687456,45.433467],[-73.687443,45.433449],[-73.687469,45.433422],[-73.687609,45.433422],[-73.687635,45.433422],[-73.687699,45.433413],[-73.687737,45.433413],[-73.687776,45.433422],[-73.687954,45.433368],[-73.688376,45.433232],[-73.68904,45.433078],[-73.689027,45.433051],[-73.689385,45.432978],[-73.689384,45.432924],[-73.690675,45.432967],[-73.690688,45.432814],[-73.6907,45.432679],[-73.6907,45.432562],[-73.690699,45.4324],[-73.690379,45.432374],[-73.69029,45.432365],[-73.690239,45.432338],[-73.690238,45.432284],[-73.690277,45.432257],[-73.690596,45.432256],[-73.690801,45.432301],[-73.690891,45.4324],[-73.690867,45.432949],[-73.691059,45.432949],[-73.691161,45.432876],[-73.691371,45.432876],[-73.691659,45.432875],[-73.691659,45.432794],[-73.691659,45.43266],[-73.691658,45.432489],[-73.69145,45.432462],[-73.691313,45.432444],[-73.691274,45.432381],[-73.691274,45.432345],[-73.691274,45.432318],[-73.691325,45.432291],[-73.691514,45.432255],[-73.691517,45.432255],[-73.691644,45.432228],[-73.691746,45.432218],[-73.691836,45.432254],[-73.691939,45.432434],[-73.691953,45.432677],[-73.691979,45.432848],[-73.692733,45.432856],[-73.692835,45.43282],[-73.692911,45.432729],[-73.692924,45.43263],[-73.692642,45.432604],[-73.692642,45.432487],[-73.693243,45.432585],[-73.693294,45.432423],[-73.693767,45.432476],[-73.694942,45.432186],[-73.694993,45.432285],[-73.694201,45.432484],[-73.69424,45.432565],[-73.694984,45.433275],[-73.695265,45.433409],[-73.695432,45.43349],[-73.695572,45.433535],[-73.695726,45.433553],[-73.695943,45.433606],[-73.696058,45.433651],[-73.696263,45.433687],[-73.696455,45.433749],[-73.696685,45.433794],[-73.696877,45.433839],[-73.697056,45.433901],[-73.697338,45.433991],[-73.697568,45.434089],[-73.697914,45.434215],[-73.69817,45.434295],[-73.698361,45.434367],[-73.698617,45.434447],[-73.698873,45.434519],[-73.699078,45.434555],[-73.699193,45.434563],[-73.699244,45.434581],[-73.699372,45.434617],[-73.699551,45.434626],[-73.699679,45.434626],[-73.699845,45.434661],[-73.70005,45.434706],[-73.700344,45.43475],[-73.700689,45.43475],[-73.700868,45.434749],[-73.701034,45.434758],[-73.701175,45.434794],[-73.701367,45.434884],[-73.701469,45.434928],[-73.701584,45.434946],[-73.701674,45.434946],[-73.701814,45.434955],[-73.701993,45.434981],[-73.702185,45.434999],[-73.702377,45.435017],[-73.70262,45.435043],[-73.702786,45.435106],[-73.702901,45.435124],[-73.703029,45.435151],[-73.703132,45.43515],[-73.703272,45.435159],[-73.703336,45.435168],[-73.703438,45.435159],[-73.703541,45.435159],[-73.703617,45.435167],[-73.703719,45.435149],[-73.703783,45.435131],[-73.703834,45.435095],[-73.704167,45.435031],[-73.704575,45.434959],[-73.704793,45.43503],[-73.704844,45.435039],[-73.704972,45.435057],[-73.705048,45.43503],[-73.705125,45.435003],[-73.70533,45.435011],[-73.705445,45.435056],[-73.705598,45.435128],[-73.705765,45.435191],[-73.706033,45.435271],[-73.706213,45.435352],[-73.70643,45.43545],[-73.706814,45.435576],[-73.707109,45.435692],[-73.707429,45.435818],[-73.7078,45.435934],[-73.707992,45.436014],[-73.708273,45.436095],[-73.708516,45.436166],[-73.708734,45.436202],[-73.70881,45.436193],[-73.708976,45.436094],[-73.709142,45.436084],[-73.709321,45.436102],[-73.709602,45.436075],[-73.709896,45.436029],[-73.710164,45.43601],[-73.710458,45.43601],[-73.71051,45.436019],[-73.710612,45.436028],[-73.710689,45.436037],[-73.710791,45.436054],[-73.710868,45.436063],[-73.710944,45.436072],[-73.711085,45.436108],[-73.711226,45.436125],[-73.711341,45.436152],[-73.711405,45.43617],[-73.711469,45.436179],[-73.711661,45.436215],[-73.711763,45.436223],[-73.712095,45.436277],[-73.712185,45.436295],[-73.712287,45.436303],[-73.712441,45.436312],[-73.712517,45.436339],[-73.71262,45.436366],[-73.712697,45.436366],[-73.712837,45.436384],[-73.713004,45.436428],[-73.713221,45.436473],[-73.713285,45.4365],[-73.713323,45.436527],[-73.713426,45.436589],[-73.71349,45.436643],[-73.713554,45.436661],[-73.713644,45.436706],[-73.713682,45.436742],[-73.713772,45.436823],[-73.713823,45.436885],[-73.7139,45.436975],[-73.71399,45.437101],[-73.714068,45.437236],[-73.714183,45.437254],[-73.714247,45.437308],[-73.714336,45.437308],[-73.714438,45.437316],[-73.714515,45.437343],[-73.714579,45.437379],[-73.714656,45.437388],[-73.714733,45.437388],[-73.714835,45.437387],[-73.714912,45.437387],[-73.715001,45.437387],[-73.715091,45.437396],[-73.71518,45.437396],[-73.715257,45.437414],[-73.715334,45.43745],[-73.715423,45.437476],[-73.7155,45.437512],[-73.715602,45.437557],[-73.715705,45.437584],[-73.715794,45.437611],[-73.715858,45.437638],[-73.715935,45.437655],[-73.716063,45.437655],[-73.716165,45.437664],[-73.716293,45.437673],[-73.716357,45.437682],[-73.716421,45.43769],[-73.716485,45.437699],[-73.716562,45.437708],[-73.716651,45.437717],[-73.716766,45.437744],[-73.716881,45.43778],[-73.716946,45.437806],[-73.717022,45.437833],[-73.717099,45.437878],[-73.717163,45.437914],[-73.717266,45.437941],[-73.717419,45.437967],[-73.717508,45.437967],[-73.717585,45.437976],[-73.717713,45.437985],[-73.71779,45.437994],[-73.717879,45.438012],[-73.717982,45.43803],[-73.718046,45.438038],[-73.718173,45.438047],[-73.718263,45.438056],[-73.718327,45.438074],[-73.718416,45.438092],[-73.718506,45.438109],[-73.718608,45.438136],[-73.718673,45.438172],[-73.718788,45.43819],[-73.718864,45.43819],[-73.718967,45.438208],[-73.719043,45.438225],[-73.71912,45.438243],[-73.719222,45.43827],[-73.719299,45.438288],[-73.719376,45.438297],[-73.719466,45.438315],[-73.719529,45.438323],[-73.719619,45.438332],[-73.719708,45.43835],[-73.719785,45.43835],[-73.719862,45.438359],[-73.719943,45.438367],[-73.72011,45.438839],[-73.720086,45.438962],[-73.72002,45.438989],[-73.719937,45.438967],[-73.719887,45.438916],[-73.719946,45.439165],[-73.719405,45.439239],[-73.720519,45.443185],[-73.720837,45.444309],[-73.720876,45.44443],[-73.722045,45.447787],[-73.721988,45.448265],[-73.722066,45.448387],[-73.722166,45.448535],[-73.722225,45.448627],[-73.722238,45.448646],[-73.722324,45.448779],[-73.720782,45.448745],[-73.720824,45.448894],[-73.720825,45.448896],[-73.72089,45.449123],[-73.721868,45.45228],[-73.722936,45.455747],[-73.723904,45.458778],[-73.724205,45.459731],[-73.724375,45.460171]]],[[[-73.681573,45.428069],[-73.681637,45.428087],[-73.6817,45.428087],[-73.681816,45.428095],[-73.681956,45.428104],[-73.68211,45.428122],[-73.682161,45.428131],[-73.682365,45.42813],[-73.682467,45.428139],[-73.682595,45.428157],[-73.682698,45.428157],[-73.682851,45.428166],[-73.682928,45.428175],[-73.682991,45.428166],[-73.683081,45.428165],[-73.68317,45.428174],[-73.683234,45.428183],[-73.683375,45.428192],[-73.683528,45.428201],[-73.68363,45.428191],[-73.683809,45.428209],[-73.683861,45.428209],[-73.683963,45.428209],[-73.684091,45.428227],[-73.684257,45.428217],[-73.684334,45.428235],[-73.684525,45.428253],[-73.684628,45.428262],[-73.68473,45.428262],[-73.684806,45.428262],[-73.684973,45.42827],[-73.685062,45.42827],[-73.685139,45.42827],[-73.68533,45.428279],[-73.685458,45.428279],[-73.685573,45.428287],[-73.685676,45.428296],[-73.685765,45.428296],[-73.685931,45.428305],[-73.686021,45.428305],[-73.686097,45.428305],[-73.6862,45.428304],[-73.686404,45.428313],[-73.686506,45.428313],[-73.686583,45.428322],[-73.68666,45.428331],[-73.686749,45.428348],[-73.68689,45.428357],[-73.686954,45.428366],[-73.687043,45.428384],[-73.687171,45.428429],[-73.687261,45.428456],[-73.687338,45.428482],[-73.687453,45.4285],[-73.687542,45.4285],[-73.687619,45.428518],[-73.68767,45.428527],[-73.687772,45.428536],[-73.687862,45.428563],[-73.687964,45.428625],[-73.688041,45.428643],[-73.688156,45.428706],[-73.688195,45.428742],[-73.688272,45.428778],[-73.688284,45.42885],[-73.688336,45.428895],[-73.688349,45.428985],[-73.688362,45.429057],[-73.688362,45.429138],[-73.688413,45.429165],[-73.688452,45.429228],[-73.690319,45.429701],[-73.691726,45.430041],[-73.691675,45.430149],[-73.688401,45.429327],[-73.688222,45.429282],[-73.687544,45.429139],[-73.687071,45.429077],[-73.686675,45.42905],[-73.686189,45.429033],[-73.685627,45.429034],[-73.685014,45.429089],[-73.684158,45.429163],[-73.683263,45.429245],[-73.682497,45.429327],[-73.681398,45.429329],[-73.680861,45.429294],[-73.680247,45.429232],[-73.679544,45.429098],[-73.678713,45.428937],[-73.677298,45.428654],[-73.676795,45.428553],[-73.676206,45.428473],[-73.675644,45.42842],[-73.675043,45.428403],[-73.674507,45.428431],[-73.674059,45.428467],[-73.673548,45.428549],[-73.673076,45.42864],[-73.67268,45.428767],[-73.672183,45.428929],[-73.670854,45.429363],[-73.669169,45.429896],[-73.668774,45.430212],[-73.668863,45.430275],[-73.6687,45.430328],[-73.668697,45.430329],[-73.668672,45.430338],[-73.667153,45.430835],[-73.666284,45.431008],[-73.666323,45.431107],[-73.666668,45.431259],[-73.667153,45.43097],[-73.668136,45.430654],[-73.668775,45.430464],[-73.66878,45.430462],[-73.668979,45.430401],[-73.668979,45.430464],[-73.669439,45.430481],[-73.669516,45.430463],[-73.66958,45.430436],[-73.669644,45.4304],[-73.66972,45.430364],[-73.669797,45.430354],[-73.669873,45.430336],[-73.669937,45.430309],[-73.67009,45.430264],[-73.670167,45.430237],[-73.670231,45.43021],[-73.670346,45.430174],[-73.670409,45.430147],[-73.670512,45.430102],[-73.670652,45.430038],[-73.670767,45.43002],[-73.670792,45.430011],[-73.670946,45.429984],[-73.671035,45.429948],[-73.671099,45.42993],[-73.671163,45.429903],[-73.671227,45.429884],[-73.671316,45.429848],[-73.671354,45.429839],[-73.671405,45.429821],[-73.671507,45.429794],[-73.671584,45.429758],[-73.671673,45.429731],[-73.671814,45.429686],[-73.671878,45.42965],[-73.671993,45.429622],[-73.672171,45.429568],[-73.672181,45.429565],[-73.672299,45.429523],[-73.672363,45.429496],[-73.672503,45.429469],[-73.672593,45.429441],[-73.672733,45.429396],[-73.672771,45.429378],[-73.672835,45.429351],[-73.672963,45.429315],[-73.673027,45.429297],[-73.67309,45.429261],[-73.67318,45.429207],[-73.673231,45.429207],[-73.673269,45.429197],[-73.673423,45.429206],[-73.673576,45.429197],[-73.67364,45.429143],[-73.67378,45.429179],[-73.67387,45.429188],[-73.673972,45.429196],[-73.674049,45.429205],[-73.674074,45.42916],[-73.674036,45.429106],[-73.673946,45.429089],[-73.673959,45.429044],[-73.674036,45.429052],[-73.674163,45.429052],[-73.674253,45.429061],[-73.674304,45.429061],[-73.674432,45.429052],[-73.674521,45.429052],[-73.674611,45.429052],[-73.674739,45.429051],[-73.674802,45.429042],[-73.674866,45.429033],[-73.674917,45.429033],[-73.674981,45.429015],[-73.675071,45.428997],[-73.675147,45.429015],[-73.675275,45.429059],[-73.675378,45.429068],[-73.675416,45.429068],[-73.67548,45.429077],[-73.675569,45.429077],[-73.675671,45.429095],[-73.675761,45.429113],[-73.675825,45.429131],[-73.676004,45.429112],[-73.676144,45.429121],[-73.676273,45.429157],[-73.676349,45.429157],[-73.676426,45.429157],[-73.67649,45.429166],[-73.676669,45.429165],[-73.676707,45.429174],[-73.676784,45.42921],[-73.676912,45.429219],[-73.676975,45.429228],[-73.67704,45.429264],[-73.677167,45.429272],[-73.677282,45.429326],[-73.677288,45.42933],[-73.677385,45.429389],[-73.677424,45.429416],[-73.6775,45.429407],[-73.677539,45.429506],[-73.677654,45.42956],[-73.67768,45.429614],[-73.677705,45.42965],[-73.677757,45.429685],[-73.677795,45.42974],[-73.677859,45.429775],[-73.677962,45.429829],[-73.678051,45.429847],[-73.678102,45.429856],[-73.678128,45.429946],[-73.678269,45.429973],[-73.67832,45.430027],[-73.67841,45.43008],[-73.678474,45.430107],[-73.678614,45.430143],[-73.678704,45.430179],[-73.678768,45.430197],[-73.678845,45.430215],[-73.678934,45.430224],[-73.679036,45.430223],[-73.679126,45.430232],[-73.679151,45.430232],[-73.679241,45.43025],[-73.67933,45.430259],[-73.679458,45.430268],[-73.679522,45.430277],[-73.679624,45.430286],[-73.679739,45.430285],[-73.67988,45.430285],[-73.679944,45.430294],[-73.680021,45.430294],[-73.680174,45.430303],[-73.680263,45.430312],[-73.680327,45.430329],[-73.680391,45.430347],[-73.680481,45.430356],[-73.680558,45.430356],[-73.68066,45.430365],[-73.680736,45.430365],[-73.6808,45.430374],[-73.680877,45.430374],[-73.680941,45.430383],[-73.681018,45.430382],[-73.681107,45.430391],[-73.68121,45.430391],[-73.681299,45.430382],[-73.681376,45.430382],[-73.681465,45.430364],[-73.681605,45.430336],[-73.681682,45.430327],[-73.68181,45.430309],[-73.681925,45.4303],[-73.682002,45.4303],[-73.682091,45.4303],[-73.682232,45.430299],[-73.682308,45.430299],[-73.68241,45.430272],[-73.682474,45.430263],[-73.682551,45.430254],[-73.682691,45.430263],[-73.682743,45.430263],[-73.682832,45.430262],[-73.682909,45.430253],[-73.682986,45.430262],[-73.683049,45.430271],[-73.683101,45.43028],[-73.683165,45.430307],[-73.683241,45.430334],[-73.683305,45.430388],[-73.683344,45.430424],[-73.683408,45.430477],[-73.683459,45.430549],[-73.68346,45.430639],[-73.68346,45.430693],[-73.68346,45.430747],[-73.683434,45.430792],[-73.683371,45.430801],[-73.683268,45.430802],[-73.683205,45.430793],[-73.683115,45.430775],[-73.682974,45.430766],[-73.682885,45.430775],[-73.682808,45.430775],[-73.682706,45.430767],[-73.682616,45.430767],[-73.68254,45.430794],[-73.68245,45.430821],[-73.682387,45.430848],[-73.682297,45.430902],[-73.682246,45.430947],[-73.682119,45.430929],[-73.682067,45.430885],[-73.682054,45.430849],[-73.682016,45.430786],[-73.682003,45.430759],[-73.681952,45.430714],[-73.681888,45.430696],[-73.681824,45.430687],[-73.681709,45.430651],[-73.681619,45.430642],[-73.68153,45.430633],[-73.681338,45.430634],[-73.681274,45.430625],[-73.681185,45.430625],[-73.681082,45.430616],[-73.680993,45.430625],[-73.680891,45.430616],[-73.680814,45.430617],[-73.68075,45.430617],[-73.680661,45.430617],[-73.680584,45.430608],[-73.68052,45.430599],[-73.680341,45.430581],[-73.680264,45.430554],[-73.680149,45.430537],[-73.680008,45.430519],[-73.679945,45.43051],[-73.679842,45.430501],[-73.679791,45.430501],[-73.679727,45.430501],[-73.679612,45.430493],[-73.679523,45.430493],[-73.679382,45.430484],[-73.679344,45.430466],[-73.679305,45.430466],[-73.679216,45.430457],[-73.679126,45.430439],[-73.678999,45.430439],[-73.678896,45.430431],[-73.678807,45.430431],[-73.678781,45.430422],[-73.678717,45.430404],[-73.678628,45.430386],[-73.678538,45.430368],[-73.678449,45.430341],[-73.678372,45.430315],[-73.678334,45.430305],[-73.678244,45.430297],[-73.678091,45.43027],[-73.678027,45.430261],[-73.677912,45.430243],[-73.677861,45.430225],[-73.677643,45.430163],[-73.677554,45.430145],[-73.677438,45.430127],[-73.677349,45.430118],[-73.677311,45.430109],[-73.677278,45.430109],[-73.677234,45.430109],[-73.67717,45.4301],[-73.677055,45.430092],[-73.676953,45.430083],[-73.67685,45.430047],[-73.676697,45.43002],[-73.67662,45.429993],[-73.676518,45.429975],[-73.676441,45.429967],[-73.676313,45.429949],[-73.676198,45.429913],[-73.676134,45.429904],[-73.67607,45.429886],[-73.675955,45.429868],[-73.67584,45.429859],[-73.675776,45.429833],[-73.675635,45.429815],[-73.675533,45.429788],[-73.675405,45.429752],[-73.675354,45.429734],[-73.675239,45.429716],[-73.675124,45.42969],[-73.67506,45.429681],[-73.674996,45.429672],[-73.67483,45.429636],[-73.674766,45.429609],[-73.674638,45.429591],[-73.674561,45.429573],[-73.674459,45.429565],[-73.674369,45.429538],[-73.674293,45.429511],[-73.674229,45.429493],[-73.674062,45.429448],[-73.673986,45.429439],[-73.673871,45.429412],[-73.673781,45.429395],[-73.673704,45.429386],[-73.673615,45.429359],[-73.673551,45.429341],[-73.673487,45.429341],[-73.673372,45.429323],[-73.673295,45.429341],[-73.673219,45.42936],[-73.673142,45.429378],[-73.673002,45.429414],[-73.672963,45.429423],[-73.672912,45.42945],[-73.67281,45.429477],[-73.672721,45.429513],[-73.672631,45.42954],[-73.672593,45.429558],[-73.672491,45.429604],[-73.672414,45.429613],[-73.67235,45.42964],[-73.672261,45.429676],[-73.67218,45.4297],[-73.672172,45.429703],[-73.672082,45.429721],[-73.671993,45.429748],[-73.671929,45.429775],[-73.67184,45.429803],[-73.671776,45.429839],[-73.671687,45.429875],[-73.671597,45.429902],[-73.671495,45.429956],[-73.671419,45.429992],[-73.671291,45.430028],[-73.671227,45.430029],[-73.671138,45.430056],[-73.671087,45.430074],[-73.671023,45.430092],[-73.670933,45.430128],[-73.670869,45.430137],[-73.670742,45.430191],[-73.670601,45.430236],[-73.670512,45.430264],[-73.670448,45.430273],[-73.670333,45.430309],[-73.670206,45.430354],[-73.670142,45.43039],[-73.670065,45.430417],[-73.670001,45.430444],[-73.669874,45.430498],[-73.669784,45.430526],[-73.669631,45.430562],[-73.669567,45.430589],[-73.669504,45.430616],[-73.66944,45.430634],[-73.669376,45.430643],[-73.669286,45.430661],[-73.669172,45.430716],[-73.669031,45.430788],[-73.668929,45.430824],[-73.668865,45.430869],[-73.668814,45.430932],[-73.668533,45.431022],[-73.668278,45.431104],[-73.667831,45.431248],[-73.667742,45.431275],[-73.666669,45.431655],[-73.666593,45.431709],[-73.666414,45.431826],[-73.666255,45.431864],[-73.666069,45.431908],[-73.665763,45.431971],[-73.665558,45.431935],[-73.665175,45.432026],[-73.665124,45.432017],[-73.665111,45.43199],[-73.665124,45.431936],[-73.66506,45.431909],[-73.665047,45.431801],[-73.665046,45.431738],[-73.66508,45.431667],[-73.66511,45.431603],[-73.665135,45.43154],[-73.665122,45.431477],[-73.665097,45.431441],[-73.664931,45.431531],[-73.663999,45.431992],[-73.663157,45.432434],[-73.66234,45.43284],[-73.661549,45.433246],[-73.661013,45.433517],[-73.660783,45.433634],[-73.660413,45.433824],[-73.660018,45.434049],[-73.659481,45.434311],[-73.658831,45.434609],[-73.658333,45.434816],[-73.657656,45.435069],[-73.656928,45.435349],[-73.655976,45.435694],[-73.655907,45.435719],[-73.654975,45.43609],[-73.654489,45.436279],[-73.653928,45.436523],[-73.653417,45.436767],[-73.652792,45.437092],[-73.652064,45.437488],[-73.651554,45.437786],[-73.651005,45.438084],[-73.650329,45.438489],[-73.65029,45.438552],[-73.650268,45.438567],[-73.650208,45.438604],[-73.650095,45.438675],[-73.650028,45.438717],[-73.649946,45.438769],[-73.649805,45.438769],[-73.649078,45.439175],[-73.648529,45.4395],[-73.648057,45.43977],[-73.647533,45.440005],[-73.647189,45.440194],[-73.646703,45.440393],[-73.646116,45.440646],[-73.64605,45.440669],[-73.645809,45.440754],[-73.645806,45.440755],[-73.645784,45.440763],[-73.64572,45.44079],[-73.645567,45.440853],[-73.644597,45.44125],[-73.641047,45.442641],[-73.638875,45.443516],[-73.637701,45.443968],[-73.63581,45.444636],[-73.63462,45.445107],[-73.633575,45.44552],[-73.632707,45.445872],[-73.632285,45.446053],[-73.631149,45.446576],[-73.630842,45.446729],[-73.629681,45.447405],[-73.628787,45.448054],[-73.627996,45.448739],[-73.627231,45.449559],[-73.626721,45.45009],[-73.626312,45.450469],[-73.6257,45.450919],[-73.624732,45.451603],[-73.624717,45.451613],[-73.623453,45.452496],[-73.622317,45.453298],[-73.621321,45.453974],[-73.620248,45.454543],[-73.619022,45.455084],[-73.617617,45.455688],[-73.615522,45.456626],[-73.613631,45.457447],[-73.6135,45.457498],[-73.613443,45.457472],[-73.613244,45.457434],[-73.607264,45.45463],[-73.607015,45.454469],[-73.606829,45.454208],[-73.606,45.451863],[-73.605897,45.451805],[-73.605837,45.451772],[-73.605702,45.45158],[-73.605568,45.45127],[-73.605368,45.450687],[-73.605241,45.450331],[-73.604942,45.449408],[-73.604871,45.449086],[-73.605146,45.448204],[-73.606173,45.447133],[-73.606304,45.447015],[-73.607632,45.44582],[-73.609156,45.444419],[-73.610124,45.443529],[-73.610425,45.443059],[-73.610736,45.44256],[-73.611034,45.442081],[-73.611732,45.440431],[-73.611947,45.439489],[-73.611261,45.439353],[-73.60844,45.438909],[-73.603687,45.437944],[-73.600968,45.437392],[-73.600115,45.437428],[-73.599584,45.437545],[-73.599374,45.437512],[-73.599205,45.437473],[-73.599735,45.436853],[-73.600551,45.436007],[-73.601406,45.435277],[-73.602619,45.434421],[-73.602882,45.434251],[-73.604751,45.433042],[-73.605069,45.432836],[-73.609333,45.430077],[-73.609523,45.429956],[-73.609642,45.42988],[-73.612409,45.428104],[-73.612537,45.42796],[-73.614745,45.426563],[-73.616417,45.42549],[-73.617527,45.424787],[-73.618484,45.424255],[-73.619021,45.424003],[-73.619136,45.423967],[-73.61934,45.423895],[-73.620183,45.423561],[-73.621817,45.423046],[-73.621957,45.423001],[-73.621958,45.423001],[-73.623912,45.42245],[-73.62598,45.421827],[-73.627372,45.421348],[-73.628431,45.420825],[-73.628929,45.420519],[-73.629091,45.420389],[-73.629414,45.420131],[-73.629669,45.419879],[-73.629924,45.419609],[-73.630166,45.41932],[-73.630382,45.419032],[-73.630509,45.418789],[-73.630649,45.418483],[-73.63084,45.418168],[-73.63098,45.417826],[-73.631082,45.417556],[-73.631285,45.417204],[-73.631451,45.416943],[-73.631539,45.416619],[-73.631628,45.416376],[-73.631768,45.416043],[-73.631781,45.415917],[-73.631448,45.41589],[-73.631427,45.415887],[-73.631078,45.415828],[-73.63104,45.415936],[-73.631014,45.416026],[-73.630964,45.416206],[-73.630862,45.416503],[-73.63076,45.416782],[-73.630633,45.417025],[-73.630417,45.417394],[-73.630303,45.417691],[-73.630175,45.417998],[-73.629959,45.418403],[-73.629845,45.418592],[-73.629743,45.418826],[-73.629552,45.419078],[-73.629322,45.419348],[-73.62908,45.419583],[-73.628991,45.419682],[-73.628863,45.419817],[-73.628583,45.420024],[-73.628238,45.420276],[-73.627422,45.420763],[-73.625941,45.421305],[-73.625519,45.421476],[-73.623208,45.422118],[-73.621701,45.422578],[-73.621698,45.422579],[-73.621254,45.422714],[-73.618917,45.42349],[-73.61879,45.423544],[-73.618036,45.423896],[-73.616888,45.424491],[-73.616722,45.424617],[-73.616735,45.424662],[-73.614888,45.425847],[-73.613028,45.42704],[-73.61214,45.427609],[-73.609095,45.429506],[-73.608997,45.429568],[-73.608668,45.429772],[-73.608394,45.429951],[-73.604826,45.432277],[-73.604241,45.432662],[-73.603141,45.433386],[-73.601813,45.434224],[-73.600958,45.434845],[-73.600167,45.435503],[-73.599567,45.436079],[-73.59898,45.436719],[-73.598475,45.43732],[-73.598434,45.437312],[-73.597805,45.437232],[-73.590724,45.436107],[-73.587495,45.435593],[-73.585947,45.435347],[-73.583826,45.435053],[-73.583763,45.435044],[-73.583793,45.435012],[-73.58387,45.434967],[-73.583947,45.434913],[-73.584023,45.434868],[-73.584074,45.434823],[-73.584164,45.434742],[-73.58424,45.434679],[-73.584355,45.434571],[-73.584419,45.434517],[-73.584483,45.434481],[-73.584559,45.434445],[-73.584623,45.434391],[-73.584764,45.434292],[-73.584789,45.434238],[-73.58484,45.434193],[-73.584904,45.434148],[-73.584968,45.434112],[-73.585044,45.434066],[-73.585096,45.43403],[-73.585134,45.433976],[-73.585236,45.433931],[-73.585364,45.433868],[-73.58544,45.433814],[-73.58553,45.43376],[-73.585581,45.433724],[-73.585657,45.43367],[-73.585708,45.433625],[-73.585747,45.43358],[-73.585926,45.433499],[-73.586015,45.433436],[-73.586091,45.433382],[-73.586168,45.43331],[-73.586232,45.433256],[-73.586321,45.433193],[-73.586372,45.433148],[-73.586423,45.433112],[-73.5865,45.433067],[-73.586666,45.433003],[-73.58673,45.432985],[-73.586896,45.432922],[-73.586998,45.432904],[-73.587075,45.432877],[-73.587139,45.432841],[-73.587203,45.432805],[-73.58733,45.432706],[-73.587394,45.432661],[-73.587496,45.432589],[-73.587598,45.432526],[-73.5877,45.432472],[-73.587739,45.432427],[-73.587741,45.432425],[-73.587841,45.432337],[-73.587892,45.432301],[-73.587943,45.432265],[-73.588007,45.432238],[-73.588109,45.432174],[-73.588173,45.432129],[-73.588313,45.432066],[-73.588377,45.432048],[-73.588441,45.43203],[-73.588543,45.431994],[-73.588607,45.431967],[-73.588671,45.431931],[-73.588748,45.431886],[-73.588824,45.431841],[-73.588888,45.431814],[-73.588952,45.43176],[-73.588965,45.431715],[-73.589003,45.431652],[-73.589054,45.431589],[-73.589092,45.431544],[-73.589118,45.431499],[-73.589156,45.431445],[-73.589207,45.431409],[-73.589232,45.431355],[-73.589296,45.431292],[-73.58936,45.431256],[-73.589462,45.431193],[-73.589526,45.431148],[-73.589654,45.431075],[-73.589743,45.431012],[-73.589807,45.430985],[-73.589896,45.43094],[-73.589986,45.430904],[-73.590075,45.43085],[-73.590126,45.430805],[-73.59019,45.43076],[-73.590267,45.430715],[-73.590394,45.430643],[-73.590407,45.430589],[-73.590432,45.430517],[-73.590509,45.43049],[-73.59056,45.430454],[-73.590637,45.430409],[-73.590713,45.430346],[-73.590752,45.430292],[-73.590815,45.430256],[-73.590918,45.430193],[-73.590981,45.430156],[-73.591032,45.430121],[-73.591096,45.430057],[-73.591147,45.430021],[-73.591249,45.429958],[-73.591326,45.429895],[-73.591403,45.429859],[-73.591454,45.429823],[-73.591505,45.429769],[-73.591556,45.429733],[-73.591607,45.429697],[-73.591683,45.429634],[-73.591735,45.429589],[-73.591811,45.429499],[-73.591837,45.429454],[-73.591875,45.429382],[-73.5919,45.429319],[-73.591951,45.429256],[-73.591977,45.429211],[-73.59204,45.429193],[-73.59213,45.429193],[-73.592194,45.429202],[-73.592283,45.429202],[-73.59236,45.429202],[-73.592398,45.429193],[-73.592373,45.429175],[-73.592347,45.429157],[-73.59227,45.429148],[-73.592194,45.429112],[-73.592117,45.429085],[-73.592027,45.42904],[-73.591836,45.42895],[-73.591899,45.428842],[-73.591912,45.428806],[-73.592078,45.428779],[-73.592219,45.428779],[-73.592295,45.428779],[-73.592359,45.42877],[-73.592423,45.428743],[-73.592474,45.428698],[-73.592512,45.428653],[-73.592538,45.42859],[-73.592563,45.428535],[-73.592614,45.428454],[-73.592665,45.428401],[-73.592729,45.428328],[-73.592767,45.428274],[-73.592818,45.428211],[-73.59287,45.428175],[-73.592895,45.42813],[-73.592933,45.428058],[-73.592972,45.427977],[-73.593022,45.427923],[-73.593074,45.427887],[-73.593099,45.427842],[-73.593112,45.42777],[-73.593099,45.427698],[-73.59306,45.427635],[-73.593022,45.427572],[-73.592945,45.427509],[-73.592907,45.427491],[-73.59283,45.427473],[-73.592766,45.427447],[-73.592651,45.427411],[-73.592549,45.427348],[-73.592459,45.427294],[-73.592433,45.427249],[-73.592408,45.427186],[-73.592357,45.427141],[-73.592267,45.427123],[-73.592165,45.427096],[-73.592088,45.42706],[-73.592012,45.427024],[-73.591922,45.426961],[-73.591845,45.426898],[-73.59182,45.426853],[-73.59173,45.426782],[-73.591692,45.426764],[-73.591615,45.426764],[-73.591525,45.426764],[-73.591423,45.426764],[-73.591257,45.426782],[-73.591193,45.426809],[-73.591129,45.426836],[-73.591117,45.426881],[-73.591104,45.426944],[-73.591027,45.426935],[-73.590912,45.426953],[-73.590861,45.426989],[-73.590797,45.427025],[-73.590733,45.427061],[-73.59067,45.427124],[-73.590657,45.427196],[-73.590593,45.427223],[-73.590517,45.42725],[-73.590453,45.427277],[-73.590389,45.427305],[-73.590338,45.427358],[-73.590325,45.427404],[-73.590261,45.427413],[-73.590198,45.42744],[-73.590134,45.427503],[-73.590121,45.427557],[-73.590121,45.427674],[-73.590121,45.427737],[-73.590121,45.427782],[-73.590108,45.427818],[-73.590096,45.427935],[-73.589892,45.427998],[-73.589802,45.427971],[-73.589713,45.42798],[-73.589636,45.428007],[-73.589559,45.428025],[-73.589457,45.42807],[-73.589381,45.428115],[-73.589304,45.428169],[-73.589227,45.428223],[-73.589125,45.428277],[-73.589074,45.428331],[-73.589023,45.428367],[-73.588972,45.428412],[-73.588896,45.428466],[-73.588793,45.428538],[-73.588678,45.428611],[-73.588627,45.428656],[-73.588487,45.428746],[-73.588398,45.428791],[-73.588321,45.428827],[-73.588232,45.428863],[-73.588155,45.428836],[-73.588129,45.428782],[-73.588129,45.428719],[-73.588142,45.428638],[-73.588167,45.428593],[-73.588244,45.428539],[-73.588308,45.428494],[-73.588423,45.42844],[-73.588487,45.428422],[-73.588563,45.428404],[-73.588678,45.428341],[-73.588716,45.428296],[-73.588767,45.428242],[-73.588831,45.428179],[-73.588959,45.428097],[-73.588997,45.428052],[-73.58901,45.428007],[-73.589086,45.42798],[-73.589189,45.427917],[-73.589265,45.427845],[-73.589329,45.427791],[-73.589418,45.427746],[-73.589482,45.42771],[-73.589508,45.427656],[-73.589546,45.427584],[-73.589571,45.427521],[-73.58961,45.427476],[-73.589622,45.427422],[-73.589622,45.427368],[-73.589622,45.427287],[-73.58966,45.427242],[-73.58975,45.427224],[-73.589814,45.427206],[-73.58989,45.42717],[-73.58998,45.427125],[-73.590043,45.427089],[-73.590107,45.427053],[-73.590158,45.427017],[-73.59021,45.426981],[-73.59026,45.426945],[-73.590312,45.426909],[-73.590375,45.426855],[-73.590452,45.42681],[-73.590593,45.42671],[-73.590656,45.426656],[-73.590707,45.426611],[-73.590746,45.426557],[-73.590771,45.426494],[-73.590847,45.426413],[-73.590886,45.426359],[-73.590924,45.426314],[-73.59095,45.426278],[-73.591026,45.42617],[-73.591103,45.426098],[-73.591179,45.426026],[-73.591256,45.425972],[-73.591332,45.425918],[-73.591396,45.425891],[-73.591537,45.425828],[-73.591613,45.425774],[-73.591703,45.425729],[-73.591766,45.425684],[-73.59183,45.425648],[-73.591907,45.425594],[-73.591958,45.425557],[-73.592009,45.425512],[-73.592073,45.425485],[-73.592124,45.42544],[-73.592213,45.425386],[-73.59229,45.425341],[-73.592456,45.425278],[-73.59252,45.42526],[-73.592609,45.425215],[-73.59262,45.425209],[-73.592686,45.42517],[-73.592775,45.425116],[-73.592826,45.42508],[-73.592954,45.42499],[-73.593018,45.424927],[-73.593081,45.424882],[-73.593158,45.424837],[-73.593222,45.42481],[-73.593298,45.424756],[-73.593388,45.42471],[-73.593464,45.424656],[-73.593592,45.424539],[-73.593656,45.424494],[-73.593707,45.424458],[-73.593783,45.424395],[-73.59386,45.424359],[-73.593949,45.424314],[-73.594,45.424269],[-73.594064,45.424215],[-73.594192,45.424143],[-73.594256,45.424098],[-73.594332,45.424044],[-73.594409,45.42399],[-73.594498,45.423954],[-73.5946,45.4239],[-73.594639,45.423855],[-73.594677,45.42381],[-73.594741,45.423756],[-73.594792,45.423692],[-73.594881,45.42362],[-73.594945,45.423584],[-73.595009,45.423539],[-73.595073,45.423476],[-73.595111,45.423422],[-73.5952,45.423377],[-73.595315,45.423314],[-73.595392,45.423269],[-73.595455,45.423242],[-73.595494,45.423197],[-73.595545,45.423152],[-73.595621,45.423089],[-73.595647,45.423044],[-73.595711,45.423035],[-73.595775,45.423062],[-73.5958,45.423116],[-73.5958,45.423188],[-73.595788,45.423233],[-73.595762,45.423296],[-73.59566,45.423368],[-73.595584,45.423422],[-73.59552,45.423476],[-73.59543,45.423548],[-73.59538,45.423593],[-73.595316,45.423647],[-73.595265,45.423683],[-73.595162,45.423746],[-73.595086,45.423809],[-73.595035,45.423845],[-73.594971,45.423908],[-73.59492,45.423944],[-73.594843,45.424007],[-73.594792,45.424043],[-73.594703,45.424106],[-73.594601,45.424161],[-73.59455,45.424206],[-73.594486,45.424251],[-73.594397,45.424332],[-73.594346,45.424368],[-73.594205,45.424449],[-73.594154,45.424485],[-73.594078,45.424539],[-73.593976,45.424611],[-73.593912,45.424656],[-73.593822,45.424728],[-73.593758,45.424773],[-73.593695,45.424809],[-73.593644,45.424854],[-73.59358,45.424917],[-73.593529,45.424971],[-73.593465,45.425016],[-73.593388,45.425061],[-73.593312,45.425124],[-73.593222,45.425178],[-73.593159,45.425215],[-73.593082,45.425251],[-73.593031,45.425296],[-73.592954,45.42535],[-73.592852,45.425404],[-73.592737,45.425467],[-73.592714,45.425477],[-73.592673,45.425494],[-73.592571,45.425575],[-73.592508,45.425629],[-73.592406,45.42571],[-73.592303,45.425782],[-73.592176,45.425845],[-73.592112,45.425881],[-73.592022,45.425935],[-73.591971,45.425998],[-73.591933,45.426043],[-73.591908,45.426088],[-73.591869,45.42617],[-73.591857,45.426215],[-73.591857,45.426277],[-73.591844,45.426359],[-73.591857,45.426403],[-73.591883,45.426484],[-73.591908,45.426529],[-73.591959,45.426574],[-73.592024,45.426592],[-73.592087,45.426619],[-73.592139,45.426655],[-73.592215,45.426664],[-73.592292,45.426691],[-73.592407,45.426772],[-73.592484,45.426826],[-73.592625,45.426925],[-73.59265,45.426952],[-73.592714,45.426979],[-73.592791,45.427006],[-73.592893,45.427051],[-73.592996,45.427104],[-73.593059,45.427158],[-73.593111,45.427194],[-73.593149,45.427239],[-73.593188,45.427302],[-73.593226,45.42732],[-73.59329,45.427347],[-73.593354,45.427374],[-73.593494,45.427455],[-73.593559,45.427509],[-73.59361,45.427554],[-73.593674,45.42759],[-73.593776,45.427653],[-73.59384,45.427671],[-73.593904,45.42768],[-73.593981,45.42768],[-73.594044,45.427661],[-73.594108,45.427643],[-73.594172,45.427616],[-73.59421,45.427562],[-73.594249,45.427517],[-73.594338,45.427463],[-73.594341,45.427461],[-73.59444,45.427382],[-73.594504,45.427328],[-73.594555,45.427265],[-73.594593,45.42722],[-73.594657,45.42713],[-73.594721,45.427058],[-73.594785,45.427004],[-73.594848,45.426896],[-73.594874,45.426851],[-73.594899,45.426797],[-73.594925,45.426752],[-73.594976,45.426689],[-73.595103,45.426581],[-73.595167,45.426518],[-73.595218,45.426473],[-73.59532,45.426392],[-73.595371,45.426347],[-73.595397,45.426302],[-73.595473,45.426202],[-73.595499,45.426158],[-73.595601,45.426031],[-73.595626,45.425986],[-73.595665,45.425941],[-73.595728,45.425869],[-73.595779,45.425815],[-73.59583,45.425761],[-73.595933,45.425662],[-73.596009,45.425581],[-73.59606,45.425527],[-73.596098,45.425482],[-73.596366,45.425158],[-73.596443,45.425104],[-73.596443,45.425068],[-73.596519,45.424996],[-73.59657,45.42496],[-73.596647,45.424879],[-73.596698,45.424843],[-73.596749,45.424771],[-73.596787,45.424726],[-73.596838,45.424672],[-73.596876,45.424609],[-73.596927,45.424546],[-73.596966,45.424491],[-73.597042,45.42441],[-73.597093,45.424365],[-73.597233,45.424275],[-73.597259,45.424248],[-73.597323,45.424203],[-73.597374,45.424158],[-73.597463,45.424068],[-73.597514,45.424023],[-73.597565,45.423978],[-73.597616,45.423933],[-73.597655,45.423888],[-73.597731,45.423825],[-73.597795,45.42378],[-73.597884,45.423726],[-73.597948,45.423708],[-73.59805,45.423627],[-73.598101,45.423591],[-73.598165,45.423537],[-73.598191,45.423492],[-73.598229,45.423438],[-73.59828,45.423402],[-73.598356,45.423321],[-73.598446,45.423257],[-73.598522,45.423239],[-73.598573,45.423203],[-73.598599,45.423176],[-73.598688,45.423122],[-73.598752,45.423086],[-73.598829,45.42305],[-73.598918,45.423014],[-73.598982,45.422969],[-73.599033,45.422924],[-73.599109,45.42287],[-73.599173,45.422843],[-73.599314,45.422762],[-73.599365,45.422708],[-73.599454,45.422636],[-73.599505,45.422591],[-73.599531,45.422537],[-73.59953,45.422483],[-73.599543,45.422438],[-73.599581,45.422393],[-73.599633,45.422321],[-73.599632,45.422258],[-73.59967,45.422213],[-73.599709,45.422158],[-73.599773,45.422095],[-73.599862,45.422041],[-73.599951,45.421978],[-73.600002,45.421942],[-73.600053,45.421897],[-73.600117,45.421843],[-73.600181,45.421798],[-73.600232,45.421753],[-73.600296,45.421708],[-73.600411,45.4216],[-73.600449,45.421537],[-73.600525,45.421456],[-73.600589,45.421393],[-73.600704,45.421303],[-73.600755,45.421249],[-73.600844,45.421168],[-73.600934,45.421105],[-73.60101,45.421051],[-73.601074,45.420988],[-73.601151,45.420915],[-73.601291,45.420843],[-73.601342,45.420798],[-73.601419,45.420753],[-73.601482,45.420708],[-73.601572,45.420645],[-73.601661,45.420618],[-73.601725,45.420573],[-73.601763,45.420492],[-73.601801,45.420447],[-73.601865,45.420384],[-73.601903,45.42033],[-73.601993,45.420249],[-73.602031,45.420204],[-73.602082,45.420141],[-73.602197,45.420042],[-73.602248,45.41997],[-73.602299,45.419898],[-73.602401,45.419808],[-73.602464,45.419753],[-73.602567,45.41969],[-73.602656,45.419645],[-73.60272,45.419609],[-73.602758,45.419564],[-73.60286,45.41951],[-73.602962,45.419474],[-73.603026,45.419456],[-73.603141,45.419393],[-73.603256,45.419366],[-73.603333,45.419339],[-73.603384,45.419294],[-73.60346,45.41924],[-73.603524,45.419186],[-73.603613,45.419132],[-73.603716,45.419077],[-73.603779,45.419041],[-73.603843,45.419005],[-73.603894,45.418969],[-73.603996,45.418915],[-73.604099,45.41887],[-73.604213,45.418807],[-73.604277,45.41878],[-73.604392,45.418726],[-73.604456,45.418681],[-73.604532,45.418627],[-73.604596,45.418591],[-73.604749,45.418528],[-73.604826,45.418501],[-73.60489,45.418474],[-73.604954,45.418455],[-73.605018,45.418419],[-73.605196,45.418365],[-73.605273,45.418356],[-73.60535,45.418338],[-73.605439,45.418302],[-73.605516,45.418284],[-73.605567,45.418248],[-73.605682,45.418203],[-73.605758,45.418185],[-73.605822,45.418158],[-73.605899,45.41814],[-73.606052,45.418112],[-73.606141,45.418094],[-73.606205,45.418076],[-73.606269,45.418067],[-73.606358,45.41804],[-73.606423,45.418031],[-73.606486,45.418013],[-73.606576,45.418013],[-73.606652,45.417995],[-73.606755,45.417986],[-73.606818,45.417977],[-73.606882,45.417968],[-73.606972,45.41795],[-73.607078,45.417925],[-73.607087,45.417923],[-73.607176,45.417886],[-73.607266,45.41785],[-73.607329,45.417823],[-73.607419,45.417778],[-73.607508,45.417742],[-73.607597,45.417697],[-73.607661,45.417661],[-73.607725,45.417634],[-73.607789,45.417607],[-73.607865,45.417589],[-73.607929,45.417562],[-73.607993,45.417553],[-73.608057,45.417535],[-73.608134,45.417499],[-73.60821,45.417472],[-73.608287,45.417445],[-73.608402,45.417399],[-73.608466,45.417363],[-73.608517,45.417318],[-73.608606,45.417273],[-73.608695,45.417237],[-73.608823,45.417201],[-73.608951,45.417156],[-73.609015,45.41712],[-73.609104,45.417075],[-73.609193,45.41703],[-73.609295,45.416976],[-73.609372,45.41694],[-73.609436,45.416894],[-73.6095,45.416858],[-73.609614,45.416786],[-73.609704,45.416714],[-73.609806,45.416687],[-73.609882,45.416651],[-73.609985,45.416588],[-73.610035,45.416552],[-73.610112,45.416498],[-73.610227,45.416453],[-73.610291,45.416426],[-73.610355,45.416408],[-73.610457,45.416354],[-73.610559,45.416327],[-73.610661,45.416308],[-73.610802,45.416272],[-73.610866,45.416254],[-73.610929,45.416245],[-73.610993,45.416209],[-73.610967,45.416164],[-73.610967,45.416101],[-73.61098,45.416047],[-73.611018,45.415993],[-73.611044,45.415948],[-73.611108,45.415903],[-73.611274,45.415858],[-73.61135,45.415858],[-73.611478,45.415858],[-73.611567,45.415858],[-73.61167,45.415866],[-73.611734,45.415875],[-73.611951,45.415902],[-73.612015,45.415911],[-73.612066,45.415956],[-73.61213,45.41601],[-73.612207,45.415992],[-73.612296,45.41592],[-73.612372,45.415875],[-73.612487,45.415866],[-73.612641,45.415865],[-73.61273,45.415874],[-73.612858,45.415874],[-73.613011,45.415874],[-73.613088,45.415874],[-73.613165,45.415856],[-73.613254,45.415856],[-73.613356,45.415847],[-73.613446,45.415847],[-73.613535,45.415838],[-73.61365,45.415811],[-73.613752,45.415819],[-73.613867,45.415819],[-73.613995,45.415828],[-73.614097,45.415828],[-73.614161,45.415837],[-73.614225,45.415828],[-73.614302,45.415828],[-73.614378,45.415828],[-73.614442,45.415819],[-73.614506,45.41581],[-73.61457,45.415783],[-73.614646,45.415756],[-73.614723,45.415728],[-73.614825,45.415719],[-73.614902,45.415701],[-73.614991,45.415692],[-73.615068,45.415683],[-73.61517,45.415683],[-73.61526,45.415692],[-73.615362,45.41571],[-73.615439,45.415737],[-73.615464,45.415764],[-73.61549,45.415791],[-73.615528,45.415836],[-73.615579,45.415872],[-73.615682,45.415872],[-73.615733,45.415916],[-73.615797,45.415907],[-73.615873,45.415853],[-73.615937,45.415817],[-73.615937,45.415763],[-73.616026,45.415781],[-73.616116,45.41579],[-73.616205,45.415799],[-73.616231,45.415844],[-73.616257,45.415898],[-73.616308,45.415943],[-73.616372,45.415979],[-73.616436,45.415997],[-73.616487,45.416006],[-73.616551,45.415943],[-73.61655,45.415853],[-73.61655,45.415799],[-73.61655,45.415745],[-73.616627,45.415736],[-73.616716,45.415717],[-73.616844,45.415699],[-73.616946,45.41569],[-73.617023,45.415672],[-73.617087,45.415645],[-73.617163,45.415636],[-73.617253,45.415681],[-73.617304,45.415717],[-73.617381,45.415699],[-73.617392,45.415695],[-73.617521,45.415654],[-73.617623,45.415654],[-73.617687,45.415635],[-73.617751,45.415626],[-73.617815,45.415635],[-73.617879,45.415626],[-73.617955,45.415617],[-73.618032,45.415617],[-73.61816,45.415599],[-73.618236,45.41559],[-73.618313,45.415581],[-73.618377,45.415563],[-73.618479,45.415545],[-73.618556,45.415536],[-73.61862,45.415527],[-73.618709,45.415526],[-73.618786,45.415526],[-73.61885,45.415517],[-73.618939,45.415508],[-73.619016,45.415499],[-73.619067,45.415454],[-73.619143,45.415454],[-73.619207,45.415418],[-73.619322,45.415409],[-73.619411,45.415409],[-73.619462,45.415364],[-73.619526,45.415337],[-73.619616,45.415336],[-73.619628,45.415282],[-73.619692,45.415264],[-73.619769,45.415255],[-73.619858,45.415219],[-73.619935,45.415201],[-73.620011,45.415165],[-73.620075,45.415138],[-73.620152,45.415102],[-73.620177,45.415048],[-73.62019,45.415003],[-73.62019,45.414949],[-73.620726,45.414877],[-73.62079,45.414975],[-73.620867,45.414966],[-73.620969,45.414966],[-73.621046,45.414957],[-73.621123,45.414921],[-73.621161,45.414858],[-73.621173,45.414813],[-73.621301,45.414804],[-73.621378,45.414804],[-73.621518,45.414804],[-73.621621,45.414804],[-73.621774,45.414803],[-73.621863,45.414812],[-73.62194,45.414812],[-73.622055,45.414812],[-73.622132,45.414812],[-73.622221,45.41483],[-73.622311,45.414848],[-73.622375,45.414875],[-73.622477,45.414919],[-73.622515,45.414964],[-73.622579,45.414974],[-73.622668,45.414928],[-73.622732,45.41491],[-73.622809,45.41491],[-73.622873,45.414892],[-73.622937,45.414883],[-73.623013,45.414901],[-73.62309,45.414928],[-73.62318,45.414973],[-73.623256,45.415],[-73.62341,45.414999],[-73.623486,45.41499],[-73.623576,45.414999],[-73.623691,45.414999],[-73.623844,45.415008],[-73.623908,45.415017],[-73.623972,45.415026],[-73.624049,45.415035],[-73.624189,45.415044],[-73.624292,45.415053],[-73.624368,45.415062],[-73.62447,45.415061],[-73.624547,45.41507],[-73.624636,45.41507],[-73.624739,45.415079],[-73.624803,45.415106],[-73.624879,45.415142],[-73.624981,45.415115],[-73.625199,45.415087],[-73.625262,45.415079],[-73.625339,45.415078],[-73.625429,45.415078],[-73.625492,45.415087],[-73.625556,45.415105],[-73.625646,45.415141],[-73.625735,45.415132],[-73.625876,45.415105],[-73.62594,45.415096],[-73.626016,45.415087],[-73.626093,45.415087],[-73.626157,45.415078],[-73.626234,45.415077],[-73.626387,45.415077],[-73.626515,45.415077],[-73.626642,45.415068],[-73.626706,45.415059],[-73.626796,45.41505],[-73.627,45.41505],[-73.627102,45.415049],[-73.627179,45.415049],[-73.62732,45.415049],[-73.627435,45.415049],[-73.627511,45.415004],[-73.627626,45.415004],[-73.627754,45.415013],[-73.627907,45.415013],[-73.627997,45.415031],[-73.628112,45.415039],[-73.628201,45.415048],[-73.628265,45.415057],[-73.628329,45.415048],[-73.628431,45.415021],[-73.62852,45.414985],[-73.628648,45.414958],[-73.628737,45.414949],[-73.628814,45.414949],[-73.628942,45.414957],[-73.629083,45.414948],[-73.629146,45.414939],[-73.629223,45.414921],[-73.629287,45.414885],[-73.62935,45.414849],[-73.629414,45.414786],[-73.629452,45.414741],[-73.629503,45.414669],[-73.629529,45.414624],[-73.629593,45.414588],[-73.629682,45.414597],[-73.629772,45.414605],[-73.629912,45.414605],[-73.630014,45.414623],[-73.630206,45.414668],[-73.63027,45.414686],[-73.63036,45.414713],[-73.630436,45.414722],[-73.630551,45.414731],[-73.630628,45.414739],[-73.630717,45.414748],[-73.630832,45.414748],[-73.631254,45.414721],[-73.631394,45.414721],[-73.631484,45.414721],[-73.63156,45.41472],[-73.631663,45.414711],[-73.631752,45.414711],[-73.631829,45.41472],[-73.631834,45.414721],[-73.631931,45.414729],[-73.632033,45.414729],[-73.632135,45.414738],[-73.632238,45.414738],[-73.63234,45.414747],[-73.632429,45.414755],[-73.632557,45.414755],[-73.632685,45.414764],[-73.6328,45.414764],[-73.632877,45.414764],[-73.632979,45.414764],[-73.633132,45.414764],[-73.633247,45.414763],[-73.633324,45.414772],[-73.6334,45.414772],[-73.63349,45.41479],[-73.633541,45.414844],[-73.633477,45.414862],[-73.633388,45.414871],[-73.633299,45.414872],[-73.633056,45.414872],[-73.632928,45.414863],[-73.63289,45.414881],[-73.632775,45.414881],[-73.632698,45.414908],[-73.632634,45.414953],[-73.632634,45.415034],[-73.632647,45.415106],[-73.632584,45.415187],[-73.632571,45.415232],[-73.632533,45.415313],[-73.63252,45.415376],[-73.632508,45.415448],[-73.632482,45.41552],[-73.632482,45.415583],[-73.632483,45.415655],[-73.632496,45.415709],[-73.632572,45.415763],[-73.632585,45.41579],[-73.632674,45.415806],[-73.632687,45.415808],[-73.63279,45.415826],[-73.632866,45.415826],[-73.632956,45.415817],[-73.63316,45.415799],[-73.633262,45.415798],[-73.633339,45.415789],[-73.633543,45.415771],[-73.63362,45.415771],[-73.63371,45.415762],[-73.633837,45.415762],[-73.633914,45.415753],[-73.633991,45.415744],[-73.634067,45.415734],[-73.634131,45.415725],[-73.634272,45.415707],[-73.634348,45.415689],[-73.634412,45.41568],[-73.634489,45.415671],[-73.634629,45.415653],[-73.634706,45.415644],[-73.634783,45.415635],[-73.634923,45.415616],[-73.635038,45.415598],[-73.635153,45.415571],[-73.63523,45.415562],[-73.635344,45.415553],[-73.635536,45.415544],[-73.635626,45.415535],[-73.635702,45.415535],[-73.635817,45.415525],[-73.635919,45.415516],[-73.636085,45.415498],[-73.636188,45.41548],[-73.636251,45.415471],[-73.636328,45.415453],[-73.636469,45.415453],[-73.636584,45.415443],[-73.636686,45.415443],[-73.63675,45.415443],[-73.636801,45.415443],[-73.636903,45.415443],[-73.63712,45.415434],[-73.637171,45.415434],[-73.637261,45.415434],[-73.637491,45.415424],[-73.637554,45.415415],[-73.637618,45.415406],[-73.637695,45.415406],[-73.637772,45.415424],[-73.637874,45.41546],[-73.637951,45.415478],[-73.638027,45.415487],[-73.638104,45.415496],[-73.638219,45.415522],[-73.638296,45.415531],[-73.638372,45.415513],[-73.638449,45.415495],[-73.638526,45.415486],[-73.638666,45.415486],[-73.63873,45.415495],[-73.638794,45.415513],[-73.638896,45.415531],[-73.638998,45.415531],[-73.639101,45.415539],[-73.63919,45.41553],[-73.639292,45.41553],[-73.639471,45.41553],[-73.639548,45.415521],[-73.639612,45.415512],[-73.639676,45.415494],[-73.639765,45.415476],[-73.639854,45.415458],[-73.639918,45.415475],[-73.640008,45.415502],[-73.640072,45.41552],[-73.640136,45.415538],[-73.640302,45.415565],[-73.640366,45.415574],[-73.640596,45.415619],[-73.640673,45.415618],[-73.640839,45.415645],[-73.640928,45.415663],[-73.641005,45.415672],[-73.641069,45.41569],[-73.641184,45.415699],[-73.641312,45.415717],[-73.641376,45.415735],[-73.641439,45.415752],[-73.641542,45.415788],[-73.641657,45.415815],[-73.641721,45.415824],[-73.641861,45.41586],[-73.642104,45.415914],[-73.642168,45.415932],[-73.642245,45.415959],[-73.642296,45.41595],[-73.642385,45.415967],[-73.642488,45.416012],[-73.64259,45.416039],[-73.642718,45.416075],[-73.642782,45.416102],[-73.642846,45.41612],[-73.642986,45.416137],[-73.643153,45.416164],[-73.643242,45.4162],[-73.643345,45.416263],[-73.643434,45.416299],[-73.643536,45.416344],[-73.643639,45.416371],[-73.643715,45.416397],[-73.643779,45.416416],[-73.643843,45.416433],[-73.644009,45.416487],[-73.644086,45.416523],[-73.644163,45.416568],[-73.644253,45.416604],[-73.644381,45.416712],[-73.64446,45.416772],[-73.644547,45.416837],[-73.644636,45.4169],[-73.644777,45.41699],[-73.644892,45.417044],[-73.644918,45.417062],[-73.645084,45.417179],[-73.645264,45.417278],[-73.645328,45.417313],[-73.645417,45.417385],[-73.645545,45.417448],[-73.645584,45.417538],[-73.645635,45.417574],[-73.645699,45.41761],[-73.645852,45.417691],[-73.645904,45.417736],[-73.646019,45.417798],[-73.646108,45.417861],[-73.64616,45.417897],[-73.646224,45.417924],[-73.646275,45.417978],[-73.646352,45.418032],[-73.646441,45.418095],[-73.646505,45.418131],[-73.64662,45.418203],[-73.646723,45.418238],[-73.646761,45.418283],[-73.646812,45.418319],[-73.646902,45.418337],[-73.646966,45.418391],[-73.64703,45.418409],[-73.647209,45.418508],[-73.647273,45.418535],[-73.647337,45.418571],[-73.647401,45.418598],[-73.647465,45.418651],[-73.647593,45.418723],[-73.64767,45.418777],[-73.647785,45.418858],[-73.647836,45.418894],[-73.647887,45.41893],[-73.647964,45.418993],[-73.648066,45.419065],[-73.648118,45.4191],[-73.648195,45.419154],[-73.648271,45.419199],[-73.648322,45.419235],[-73.648412,45.419289],[-73.648527,45.419343],[-73.648617,45.419397],[-73.648732,45.419469],[-73.648822,45.419514],[-73.648988,45.419603],[-73.649052,45.419648],[-73.649116,45.419675],[-73.649333,45.419765],[-73.649397,45.41981],[-73.649461,45.419846],[-73.649538,45.419873],[-73.649602,45.419908],[-73.649704,45.419953],[-73.64987,45.419998],[-73.649986,45.420034],[-73.650088,45.420061],[-73.650165,45.420088],[-73.650267,45.420123],[-73.650421,45.420195],[-73.650485,45.420222],[-73.650587,45.420213],[-73.650689,45.420204],[-73.650778,45.420204],[-73.650855,45.420231],[-73.650945,45.420267],[-73.651034,45.420311],[-73.651098,45.420329],[-73.651277,45.420374],[-73.651367,45.420392],[-73.651443,45.420419],[-73.651546,45.420455],[-73.651635,45.420509],[-73.65175,45.420554],[-73.651853,45.420589],[-73.651917,45.420616],[-73.652032,45.420634],[-73.652134,45.420643],[-73.652236,45.420679],[-73.652326,45.420715],[-73.652381,45.420734],[-73.652428,45.420751],[-73.652531,45.420778],[-73.652594,45.420795],[-73.652697,45.420831],[-73.652812,45.420867],[-73.652953,45.420894],[-73.653055,45.42093],[-73.653073,45.420937],[-73.653119,45.420957],[-73.653157,45.42102],[-73.65317,45.421065],[-73.653477,45.421271],[-73.653554,45.421316],[-73.653605,45.421352],[-73.653657,45.421388],[-73.653721,45.421415],[-73.65381,45.421442],[-73.653912,45.421504],[-73.653976,45.421531],[-73.654104,45.421612],[-73.654194,45.421666],[-73.654271,45.421711],[-73.654335,45.421747],[-73.654437,45.42181],[-73.654488,45.421846],[-73.654565,45.4219],[-73.654668,45.421989],[-73.654719,45.422025],[-73.65477,45.422061],[-73.654834,45.422088],[-73.654949,45.422151],[-73.655013,45.422196],[-73.655065,45.422232],[-73.655116,45.422277],[-73.655167,45.422313],[-73.655244,45.422358],[-73.655359,45.422429],[-73.655449,45.422501],[-73.6555,45.422537],[-73.655577,45.422582],[-73.655641,45.422636],[-73.655705,45.422708],[-73.655756,45.422762],[-73.655807,45.422816],[-73.655884,45.422879],[-73.65605,45.422932],[-73.656229,45.423031],[-73.656294,45.423076],[-73.656345,45.423112],[-73.656409,45.423139],[-73.656486,45.423157],[-73.656652,45.42321],[-73.656716,45.423237],[-73.656831,45.423273],[-73.656946,45.423309],[-73.657023,45.423336],[-73.657087,45.423363],[-73.657163,45.423399],[-73.657291,45.423462],[-73.657355,45.423497],[-73.657419,45.423515],[-73.657534,45.423551],[-73.657611,45.423614],[-73.657675,45.423668],[-73.657677,45.42367],[-73.657727,45.423722],[-73.657765,45.423767],[-73.657816,45.423803],[-73.65788,45.423839],[-73.657957,45.423883],[-73.658021,45.423938],[-73.658072,45.423973],[-73.658149,45.424018],[-73.658188,45.424063],[-73.658239,45.424108],[-73.65829,45.424144],[-73.658354,45.424171],[-73.658405,45.424207],[-73.658482,45.424243],[-73.658572,45.424288],[-73.658699,45.42435],[-73.658776,45.424341],[-73.658917,45.424377],[-73.659007,45.424458],[-73.659096,45.424503],[-73.659134,45.424548],[-73.659186,45.424611],[-73.659224,45.424665],[-73.659263,45.424692],[-73.65934,45.42479],[-73.659391,45.424853],[-73.659429,45.424907],[-73.659468,45.424952],[-73.659506,45.42497],[-73.659545,45.424979],[-73.659647,45.425051],[-73.659737,45.425105],[-73.659814,45.425159],[-73.659967,45.425168],[-73.660031,45.425231],[-73.660133,45.425293],[-73.660274,45.425374],[-73.660376,45.425428],[-73.660492,45.425491],[-73.660581,45.425554],[-73.660684,45.425607],[-73.660748,45.425643],[-73.660825,45.425679],[-73.660914,45.425724],[-73.660965,45.42576],[-73.661029,45.42576],[-73.66117,45.425769],[-73.661285,45.425796],[-73.6614,45.42584],[-73.661464,45.425885],[-73.661528,45.425912],[-73.661618,45.425957],[-73.661669,45.426011],[-73.661848,45.426047],[-73.661989,45.426145],[-73.66204,45.426209],[-73.662066,45.426226],[-73.66213,45.426217],[-73.662181,45.426244],[-73.662245,45.426271],[-73.66236,45.426343],[-73.66245,45.426406],[-73.662514,45.426451],[-73.662565,45.426514],[-73.662655,45.426577],[-73.662706,45.426622],[-73.66277,45.426684],[-73.662859,45.426729],[-73.663038,45.426702],[-73.663076,45.42663],[-73.663179,45.426612],[-73.66323,45.42672],[-73.663563,45.426836],[-73.663652,45.426845],[-73.66378,45.426836],[-73.663857,45.426899],[-73.663934,45.426962],[-73.664011,45.427033],[-73.664113,45.427069],[-73.664113,45.427159],[-73.664177,45.427186],[-73.66419,45.427213],[-73.664254,45.427267],[-73.664331,45.427312],[-73.664395,45.427348],[-73.664446,45.42742],[-73.664485,45.427456],[-73.664574,45.42751],[-73.664741,45.427635],[-73.664843,45.427716],[-73.665009,45.42777],[-73.665086,45.427833],[-73.665163,45.427914],[-73.665266,45.427959],[-73.665342,45.427994],[-73.665394,45.428066],[-73.665445,45.428093],[-73.665534,45.428102],[-73.665598,45.428174],[-73.66562,45.428186],[-73.665714,45.428237],[-73.665816,45.428282],[-73.66588,45.4283],[-73.665931,45.428335],[-73.666033,45.428371],[-73.66611,45.428425],[-73.666174,45.428443],[-73.666226,45.428488],[-73.666277,45.428488],[-73.666443,45.428506],[-73.666571,45.428542],[-73.666801,45.428622],[-73.66684,45.428676],[-73.666878,45.428712],[-73.666955,45.428739],[-73.667044,45.42882],[-73.667121,45.428838],[-73.667198,45.428829],[-73.667364,45.4289],[-73.667569,45.428945],[-73.667697,45.428981],[-73.667786,45.428927],[-73.667863,45.428927],[-73.667952,45.429035],[-73.668042,45.429043],[-73.668131,45.429052],[-73.668195,45.429088],[-73.668259,45.429097],[-73.668362,45.429106],[-73.668438,45.429115],[-73.668515,45.429124],[-73.668566,45.429133],[-73.668579,45.429105],[-73.668783,45.429105],[-73.668847,45.429168],[-73.668962,45.429177],[-73.669026,45.429159],[-73.669116,45.429159],[-73.66918,45.42915],[-73.669295,45.42914],[-73.669384,45.429068],[-73.66955,45.429059],[-73.669627,45.429095],[-73.669703,45.42905],[-73.669818,45.42905],[-73.669895,45.429032],[-73.669959,45.429014],[-73.670023,45.428986],[-73.670099,45.42895],[-73.670176,45.428923],[-73.670124,45.428833],[-73.670175,45.428797],[-73.670316,45.428752],[-73.670392,45.428725],[-73.670507,45.428698],[-73.670635,45.42868],[-73.67075,45.428706],[-73.670865,45.42867],[-73.670955,45.428643],[-73.671057,45.428607],[-73.671121,45.428598],[-73.671184,45.42858],[-73.671299,45.428553],[-73.671376,45.428525],[-73.671465,45.428489],[-73.671593,45.428435],[-73.671682,45.428408],[-73.671822,45.428291],[-73.67195,45.428282],[-73.672052,45.428255],[-73.672116,45.428245],[-73.672193,45.428227],[-73.672231,45.428227],[-73.672267,45.42822],[-73.672397,45.428191],[-73.672461,45.428164],[-73.67255,45.428146],[-73.67264,45.42811],[-73.67278,45.428073],[-73.672819,45.428064],[-73.67301,45.428028],[-73.673112,45.428028],[-73.673291,45.42801],[-73.673419,45.428018],[-73.673508,45.428018],[-73.67356,45.428018],[-73.673624,45.428018],[-73.673687,45.428],[-73.67379,45.428],[-73.673968,45.427991],[-73.674032,45.427991],[-73.67416,45.427999],[-73.674237,45.42799],[-73.674301,45.427963],[-73.67439,45.427954],[-73.674454,45.427963],[-73.674531,45.427945],[-73.674607,45.427945],[-73.674774,45.427953],[-73.674876,45.427935],[-73.674952,45.427926],[-73.675016,45.427908],[-73.675106,45.427899],[-73.675182,45.427908],[-73.675246,45.427899],[-73.67531,45.427872],[-73.675399,45.427844],[-73.67554,45.427808],[-73.675616,45.42779],[-73.675706,45.427754],[-73.675808,45.427718],[-73.675872,45.4277],[-73.675948,45.427682],[-73.676012,45.427673],[-73.676063,45.427663],[-73.676127,45.427654],[-73.676255,45.427663],[-73.676408,45.427663],[-73.676472,45.427672],[-73.676638,45.427681],[-73.676741,45.42768],[-73.676779,45.427698],[-73.676856,45.427689],[-73.676945,45.42768],[-73.67706,45.42768],[-73.677239,45.42768],[-73.677392,45.427688],[-73.677434,45.427694],[-73.677456,45.427697],[-73.677572,45.427715],[-73.677776,45.427751],[-73.67784,45.42776],[-73.678019,45.427786],[-73.678121,45.427795],[-73.678198,45.427795],[-73.678313,45.427804],[-73.678402,45.427813],[-73.678479,45.427822],[-73.678645,45.427848],[-73.678709,45.427857],[-73.678811,45.427866],[-73.679003,45.427884],[-73.67908,45.427893],[-73.679272,45.42791],[-73.679374,45.427919],[-73.679438,45.427919],[-73.679604,45.427928],[-73.679732,45.427928],[-73.679949,45.427954],[-73.680077,45.427963],[-73.680154,45.427963],[-73.680294,45.427981],[-73.680371,45.42799],[-73.680473,45.427999],[-73.680627,45.428007],[-73.680729,45.428007],[-73.680908,45.428025],[-73.68101,45.428025],[-73.681112,45.428052],[-73.681202,45.428051],[-73.681317,45.428051],[-73.681406,45.42806],[-73.681483,45.42806],[-73.681573,45.428069]]],[[[-73.677877,45.431449],[-73.677967,45.431476],[-73.678043,45.431485],[-73.678146,45.431494],[-73.678337,45.431484],[-73.678452,45.431529],[-73.678529,45.431565],[-73.678695,45.431574],[-73.678785,45.431628],[-73.678837,45.43169],[-73.678913,45.431717],[-73.67899,45.431735],[-73.679092,45.431789],[-73.679156,45.431816],[-73.67922,45.431834],[-73.679297,45.43187],[-73.679399,45.431897],[-73.679476,45.431914],[-73.679553,45.431923],[-73.679642,45.43195],[-73.679719,45.431968],[-73.679783,45.431977],[-73.679885,45.432004],[-73.679962,45.432022],[-73.680026,45.43204],[-73.68009,45.432048],[-73.680192,45.432075],[-73.680295,45.432093],[-73.680435,45.432129],[-73.680525,45.432147],[-73.680627,45.432165],[-73.680806,45.4322],[-73.68087,45.432218],[-73.680947,45.432245],[-73.681024,45.432263],[-73.681152,45.432299],[-73.681228,45.432299],[-73.681305,45.432308],[-73.681471,45.432325],[-73.681573,45.432334],[-73.681688,45.432352],[-73.681778,45.432379],[-73.68188,45.432388],[-73.681957,45.432387],[-73.682098,45.432396],[-73.682213,45.432396],[-73.682315,45.432396],[-73.682456,45.432396],[-73.682583,45.432395],[-73.682698,45.432395],[-73.682788,45.432395],[-73.682852,45.432386],[-73.682916,45.432377],[-73.682979,45.432368],[-73.683069,45.432368],[-73.683158,45.432358],[-73.683222,45.432341],[-73.683299,45.432331],[-73.683376,45.432331],[-73.683465,45.432331],[-73.683631,45.432304],[-73.683721,45.43234],[-73.683721,45.432457],[-73.683683,45.432493],[-73.683594,45.432556],[-73.683313,45.432727],[-73.683007,45.432863],[-73.682611,45.432926],[-73.682253,45.432918],[-73.681805,45.432856],[-73.68172,45.432843],[-73.680859,45.432713],[-73.680776,45.432689],[-73.680705,45.432668],[-73.680334,45.43257],[-73.679682,45.432382],[-73.679285,45.432239],[-73.678902,45.432104],[-73.678326,45.431871],[-73.678019,45.431755],[-73.677673,45.431683],[-73.677597,45.431665],[-73.677421,45.431635],[-73.67729,45.431612],[-73.676881,45.43155],[-73.676382,45.431541],[-73.676254,45.431541],[-73.676101,45.431533],[-73.676063,45.431533],[-73.675858,45.431551],[-73.675705,45.431587],[-73.675539,45.431588],[-73.675424,45.43157],[-73.675334,45.431561],[-73.675232,45.431543],[-73.675014,45.431508],[-73.67457,45.431441],[-73.674298,45.431401],[-73.673404,45.431276],[-73.673135,45.431267],[-73.672815,45.431259],[-73.672343,45.43126],[-73.672148,45.431255],[-73.671985,45.431251],[-73.671831,45.431224],[-73.671729,45.431225],[-73.671627,45.431225],[-73.671525,45.431225],[-73.671461,45.431234],[-73.671422,45.431243],[-73.67132,45.43127],[-73.671256,45.431279],[-73.67109,45.431279],[-73.671064,45.431244],[-73.671064,45.431198],[-73.671128,45.431162],[-73.671205,45.431144],[-73.671294,45.431117],[-73.671371,45.431099],[-73.671435,45.43109],[-73.671499,45.431099],[-73.671588,45.431099],[-73.671678,45.431099],[-73.67178,45.431089],[-73.671908,45.431089],[-73.67201,45.43108],[-73.672125,45.431053],[-73.672189,45.431044],[-73.672316,45.431026],[-73.672521,45.431025],[-73.67261,45.431034],[-73.672827,45.43098],[-73.672917,45.430971],[-73.67307,45.430971],[-73.673313,45.43097],[-73.673402,45.430961],[-73.67353,45.430934],[-73.67362,45.430934],[-73.673696,45.430942],[-73.673786,45.430934],[-73.673888,45.430951],[-73.673952,45.430933],[-73.674016,45.430915],[-73.674118,45.430951],[-73.674297,45.43096],[-73.674399,45.430959],[-73.674476,45.430959],[-73.674553,45.430959],[-73.674629,45.430959],[-73.674706,45.43095],[-73.674795,45.430932],[-73.674923,45.430923],[-73.675013,45.43095],[-73.67509,45.430986],[-73.675154,45.431003],[-73.675256,45.431012],[-73.675333,45.431021],[-73.675486,45.431039],[-73.675563,45.431048],[-73.675639,45.431066],[-73.67578,45.431083],[-73.675844,45.431101],[-73.675959,45.431137],[-73.676036,45.431146],[-73.676113,45.431155],[-73.676202,45.431182],[-73.676279,45.431182],[-73.676355,45.431191],[-73.676432,45.431199],[-73.676522,45.431217],[-73.676598,45.431226],[-73.676713,45.431244],[-73.67679,45.431262],[-73.676867,45.431271],[-73.676944,45.431271],[-73.67702,45.431279],[-73.677148,45.431279],[-73.677289,45.431279],[-73.677378,45.431279],[-73.677455,45.431288],[-73.677532,45.431306],[-73.677621,45.431351],[-73.677698,45.431404],[-73.677788,45.431422],[-73.677877,45.431449]]],[[[-73.671676,45.430505],[-73.671689,45.43055],[-73.671689,45.430613],[-73.671689,45.430676],[-73.671676,45.430721],[-73.671664,45.430766],[-73.671613,45.43082],[-73.671549,45.430865],[-73.671485,45.430901],[-73.671409,45.430919],[-73.671345,45.430937],[-73.671243,45.430955],[-73.671179,45.430973],[-73.671102,45.431001],[-73.671038,45.431028],[-73.670987,45.431064],[-73.670949,45.431109],[-73.670885,45.431145],[-73.670783,45.431181],[-73.670694,45.431226],[-73.670694,45.431271],[-73.67063,45.431289],[-73.669863,45.431281],[-73.669863,45.431308],[-73.669582,45.431318],[-73.66939,45.43103],[-73.670335,45.430732],[-73.67036,45.430669],[-73.670436,45.430606],[-73.6705,45.430578],[-73.670602,45.430515],[-73.670692,45.430515],[-73.670845,45.430434],[-73.671049,45.430407],[-73.671203,45.430379],[-73.671266,45.430361],[-73.67133,45.43037],[-73.671394,45.430397],[-73.671497,45.430397],[-73.671573,45.430424],[-73.671637,45.43046],[-73.671676,45.430505]]],[[[-73.599182,45.420188],[-73.59913,45.420233],[-73.598977,45.42035],[-73.598913,45.420405],[-73.598837,45.420477],[-73.598735,45.420576],[-73.598633,45.420648],[-73.598582,45.420684],[-73.598531,45.42072],[-73.59848,45.420756],[-73.598429,45.420792],[-73.598365,45.420837],[-73.598212,45.420954],[-73.598135,45.421035],[-73.598097,45.42108],[-73.598033,45.421143],[-73.597969,45.421197],[-73.597918,45.421233],[-73.597829,45.421332],[-73.597765,45.421386],[-73.597638,45.421468],[-73.597523,45.421539],[-73.597472,45.421576],[-73.597344,45.421648],[-73.59728,45.421693],[-73.597229,45.421747],[-73.597178,45.421792],[-73.597127,45.421828],[-73.597063,45.421864],[-73.596999,45.421891],[-73.596936,45.4219],[-73.596923,45.421846],[-73.596935,45.421801],[-73.596986,45.421738],[-73.59705,45.421684],[-73.597088,45.42163],[-73.597127,45.421585],[-73.597152,45.42154],[-73.597254,45.421468],[-73.597344,45.421432],[-73.59742,45.421405],[-73.597484,45.421351],[-73.597535,45.421315],[-73.597586,45.42127],[-73.597637,45.421234],[-73.597675,45.421188],[-73.597739,45.421134],[-73.597803,45.421062],[-73.597841,45.420999],[-73.597931,45.4209],[-73.598007,45.420837],[-73.598096,45.420783],[-73.598147,45.420738],[-73.598262,45.420657],[-73.598352,45.420576],[-73.598415,45.420531],[-73.598466,45.420468],[-73.598492,45.420396],[-73.598517,45.420351],[-73.59853,45.420306],[-73.598581,45.420252],[-73.59867,45.42018],[-73.598772,45.420108],[-73.598836,45.420063],[-73.598875,45.420018],[-73.598913,45.419964],[-73.598977,45.419937],[-73.59904,45.419927],[-73.599117,45.419918],[-73.599207,45.419945],[-73.599245,45.420008],[-73.599232,45.420053],[-73.59922,45.420125],[-73.599182,45.420188]]],[[[-73.591095,45.429113],[-73.591159,45.429086],[-73.591248,45.429085],[-73.591312,45.429103],[-73.591376,45.429112],[-73.591453,45.429139],[-73.591478,45.429193],[-73.591478,45.429247],[-73.59144,45.42931],[-73.591376,45.429382],[-73.591312,45.4294],[-73.591236,45.429364],[-73.591159,45.429382],[-73.591057,45.429392],[-73.590993,45.429374],[-73.590916,45.429311],[-73.590954,45.429248],[-73.591044,45.429248],[-73.591108,45.429239],[-73.591095,45.429167],[-73.591095,45.429113]]],[[[-73.590816,45.414436],[-73.590879,45.414427],[-73.590943,45.414391],[-73.591058,45.414346],[-73.591122,45.41431],[-73.591224,45.414256],[-73.591275,45.414211],[-73.591339,45.414175],[-73.591416,45.414112],[-73.591479,45.414067],[-73.591581,45.414004],[-73.591696,45.41395],[-73.591811,45.41386],[-73.591901,45.413814],[-73.591964,45.413769],[-73.592054,45.413733],[-73.592118,45.413688],[-73.592181,45.41367],[-73.592271,45.413634],[-73.59236,45.413616],[-73.59245,45.413616],[-73.592526,45.413625],[-73.59259,45.413598],[-73.592654,45.413571],[-73.592807,45.413526],[-73.592884,45.413499],[-73.592986,45.413463],[-73.593101,45.413444],[-73.593203,45.413435],[-73.593267,45.413426],[-73.593407,45.413426],[-73.59351,45.413426],[-73.593574,45.413435],[-73.593791,45.413471],[-73.593855,45.413489],[-73.593919,45.413507],[-73.594008,45.413543],[-73.594072,45.413552],[-73.594149,45.41357],[-73.594289,45.413614],[-73.594366,45.413632],[-73.59443,45.41365],[-73.594532,45.413686],[-73.594596,45.413722],[-73.594673,45.413758],[-73.594775,45.413812],[-73.594865,45.413848],[-73.594941,45.413884],[-73.595044,45.41392],[-73.595108,45.413947],[-73.595172,45.413974],[-73.595248,45.413983],[-73.595312,45.414001],[-73.595363,45.414037],[-73.595389,45.41409],[-73.595376,45.414136],[-73.595376,45.41419],[-73.595376,45.414252],[-73.595389,45.414297],[-73.595415,45.414343],[-73.595441,45.414396],[-73.595441,45.414459],[-73.595466,45.414513],[-73.595466,45.414576],[-73.595454,45.414621],[-73.595428,45.414666],[-73.595365,45.41472],[-73.595288,45.414765],[-73.595224,45.414811],[-73.59516,45.414847],[-73.594994,45.414973],[-73.594931,45.415009],[-73.594892,45.415054],[-73.594829,45.415108],[-73.594688,45.415171],[-73.594624,45.415189],[-73.594522,45.415207],[-73.594445,45.415216],[-73.594369,45.415225],[-73.594292,45.415234],[-73.594113,45.415234],[-73.594037,45.415234],[-73.593934,45.415226],[-73.59387,45.415217],[-73.593768,45.415208],[-73.593666,45.415199],[-73.593602,45.41519],[-73.593449,45.415172],[-73.593385,45.415154],[-73.593308,45.415145],[-73.593231,45.415127],[-73.593155,45.415127],[-73.593065,45.415118],[-73.592912,45.415064],[-73.592835,45.415037],[-73.592746,45.415002],[-73.592656,45.414984],[-73.59258,45.415002],[-73.592554,45.415047],[-73.592477,45.415056],[-73.592388,45.415011],[-73.592311,45.414957],[-73.592234,45.414903],[-73.592183,45.414867],[-73.592107,45.414849],[-73.591992,45.41484],[-73.591889,45.414831],[-73.591723,45.414822],[-73.591647,45.414822],[-73.591557,45.414814],[-73.591481,45.414805],[-73.591302,45.414796],[-73.591238,45.414778],[-73.591174,45.414769],[-73.591059,45.41476],[-73.590969,45.41476],[-73.59088,45.41476],[-73.590778,45.41476],[-73.590688,45.414769],[-73.590586,45.414769],[-73.590433,45.414752],[-73.590394,45.414698],[-73.590407,45.414644],[-73.590458,45.414607],[-73.590522,45.414562],[-73.590586,45.414526],[-73.590649,45.414499],[-73.590726,45.414454],[-73.590816,45.414436]]],[[[-73.590647,45.428717],[-73.590659,45.428663],[-73.590698,45.428618],[-73.590723,45.428582],[-73.5908,45.428555],[-73.590966,45.428573],[-73.591056,45.428591],[-73.591132,45.428609],[-73.591209,45.428627],[-73.591324,45.428662],[-73.591401,45.42868],[-73.591465,45.428689],[-73.591541,45.428707],[-73.591618,45.428734],[-73.591682,45.428743],[-73.591784,45.428752],[-73.591835,45.428788],[-73.591772,45.428833],[-73.591759,45.428887],[-73.591746,45.428941],[-73.591657,45.42895],[-73.591593,45.428941],[-73.591516,45.428941],[-73.591376,45.428941],[-73.591312,45.428932],[-73.591235,45.428914],[-73.591184,45.428852],[-73.591094,45.428798],[-73.591018,45.428789],[-73.590928,45.428762],[-73.590838,45.428744],[-73.590775,45.428735],[-73.590711,45.428726],[-73.590647,45.428717]]],[[[-73.590557,45.420645],[-73.590468,45.420654],[-73.590366,45.420655],[-73.590289,45.420637],[-73.590289,45.420565],[-73.590327,45.420502],[-73.590391,45.420483],[-73.59048,45.420483],[-73.590544,45.420501],[-73.590608,45.420528],[-73.590659,45.420564],[-73.590647,45.420609],[-73.590557,45.420645]]],[[[-73.590621,45.428546],[-73.590621,45.428582],[-73.590583,45.428627],[-73.590506,45.428582],[-73.590442,45.428537],[-73.590378,45.428501],[-73.590276,45.42842],[-73.590212,45.428358],[-73.590148,45.428294],[-73.590096,45.42824],[-73.59002,45.42816],[-73.590007,45.428115],[-73.590007,45.428052],[-73.590071,45.428016],[-73.590134,45.428025],[-73.590211,45.42806],[-73.59025,45.428096],[-73.590301,45.428132],[-73.590621,45.428483],[-73.590621,45.428546]]],[[[-73.590481,45.420951],[-73.590404,45.420978],[-73.590315,45.420978],[-73.590238,45.421006],[-73.590174,45.421024],[-73.590098,45.421033],[-73.590021,45.421033],[-73.589944,45.421015],[-73.589919,45.420952],[-73.589944,45.420907],[-73.589931,45.420853],[-73.589944,45.420808],[-73.589944,45.420754],[-73.589982,45.420709],[-73.590059,45.420682],[-73.590136,45.420691],[-73.590212,45.420691],[-73.590327,45.420709],[-73.590391,45.420717],[-73.590455,45.420744],[-73.590519,45.420771],[-73.590558,45.420825],[-73.590558,45.420897],[-73.590481,45.420951]]],[[[-73.590006,45.419503],[-73.589929,45.419467],[-73.589878,45.419431],[-73.589852,45.419368],[-73.589839,45.419296],[-73.589916,45.419278],[-73.58998,45.419287],[-73.590082,45.419296],[-73.590159,45.419341],[-73.590172,45.419386],[-73.590172,45.41944],[-73.590095,45.419485],[-73.590006,45.419503]]],[[[-73.58965,45.429015],[-73.589727,45.428934],[-73.589791,45.428889],[-73.589867,45.428862],[-73.589931,45.428871],[-73.58997,45.428925],[-73.58997,45.428997],[-73.589957,45.429069],[-73.589932,45.429141],[-73.589919,45.429186],[-73.589906,45.42924],[-73.589907,45.429312],[-73.589906,45.429366],[-73.589983,45.429356],[-73.59006,45.429266],[-73.590175,45.429248],[-73.59029,45.42923],[-73.590366,45.42923],[-73.590443,45.429257],[-73.590546,45.429338],[-73.590584,45.429401],[-73.590584,45.429518],[-73.590546,45.429563],[-73.590456,45.429572],[-73.590329,45.429581],[-73.590252,45.429581],[-73.58992,45.42959],[-73.589856,45.429609],[-73.589792,45.429636],[-73.589728,45.429681],[-73.589703,45.429726],[-73.589664,45.429843],[-73.589652,45.429888],[-73.589639,45.429933],[-73.589614,45.429987],[-73.589588,45.430032],[-73.589575,45.430104],[-73.589563,45.430149],[-73.589537,45.43023],[-73.589524,45.430275],[-73.589499,45.430338],[-73.589448,45.430392],[-73.589423,45.430446],[-73.589346,45.430491],[-73.589282,45.430518],[-73.58918,45.430518],[-73.588899,45.430347],[-73.588885,45.430203],[-73.588898,45.430095],[-73.588898,45.430023],[-73.588911,45.42996],[-73.588898,45.429924],[-73.588885,45.429888],[-73.588821,45.429852],[-73.588783,45.429798],[-73.58891,45.429789],[-73.588987,45.42978],[-73.589077,45.42978],[-73.589089,45.429762],[-73.589089,45.429726],[-73.589115,45.429681],[-73.589178,45.429636],[-73.589268,45.429573],[-73.589293,45.429528],[-73.589408,45.429456],[-73.589434,45.429411],[-73.589459,45.429366],[-73.589472,45.429321],[-73.589485,45.429276],[-73.589536,45.429204],[-73.589561,45.429159],[-73.589612,45.429105],[-73.589625,45.42906],[-73.58965,45.429015]]],[[[-73.58947,45.428385],[-73.589419,45.428376],[-73.589432,45.428349],[-73.58947,45.428322],[-73.58956,45.428322],[-73.589624,45.428304],[-73.5897,45.428286],[-73.589751,45.42825],[-73.589713,45.428223],[-73.589713,45.428187],[-73.589854,45.428205],[-73.589905,45.428286],[-73.589854,45.428322],[-73.589739,45.428349],[-73.589611,45.428376],[-73.58947,45.428385]]],[[[-73.589344,45.421195],[-73.589433,45.421141],[-73.589523,45.421123],[-73.589612,45.421132],[-73.589689,45.42115],[-73.589868,45.421195],[-73.589958,45.421213],[-73.590034,45.421213],[-73.590111,45.421213],[-73.590175,45.421249],[-73.590137,45.42133],[-73.590086,45.421366],[-73.590009,45.421393],[-73.589958,45.421429],[-73.589894,45.421447],[-73.58983,45.421438],[-73.589754,45.421438],[-73.589677,45.421393],[-73.5896,45.421384],[-73.589498,45.421357],[-73.589434,45.421321],[-73.589344,45.421276],[-73.589344,45.421195]]],[[[-73.589264,45.419234],[-73.589188,45.419216],[-73.589124,45.419171],[-73.58906,45.419144],[-73.589034,45.419054],[-73.589136,45.419036],[-73.589213,45.419036],[-73.58929,45.419045],[-73.589366,45.419063],[-73.589405,45.419117],[-73.589392,45.419179],[-73.589341,45.419225],[-73.589264,45.419234]]],[[[-73.589072,45.418649],[-73.589059,45.418703],[-73.588944,45.418694],[-73.588855,45.418685],[-73.588765,45.418667],[-73.588688,45.418631],[-73.588625,45.418595],[-73.588586,45.418532],[-73.58865,45.41846],[-73.588727,45.41846],[-73.588841,45.418496],[-73.588931,45.418523],[-73.589008,45.418559],[-73.589059,45.418604],[-73.589072,45.418649]]],[[[-73.588963,45.430941],[-73.588887,45.430932],[-73.588797,45.430905],[-73.588784,45.430833],[-73.588797,45.430779],[-73.58881,45.430734],[-73.588886,45.430698],[-73.588976,45.430707],[-73.589053,45.430761],[-73.589078,45.430815],[-73.589066,45.430896],[-73.58904,45.430941],[-73.588963,45.430941]]],[[[-73.58892,45.419702],[-73.588818,45.419693],[-73.588729,45.419675],[-73.58869,45.419621],[-73.58869,45.419558],[-73.588703,45.419504],[-73.588766,45.419477],[-73.588907,45.419477],[-73.588971,45.419513],[-73.589022,45.419576],[-73.589022,45.419657],[-73.58901,45.419702],[-73.58892,45.419702]]],[[[-73.588573,45.41828],[-73.588509,45.418289],[-73.588445,45.41828],[-73.588368,45.418271],[-73.588317,45.4182],[-73.58833,45.418128],[-73.588381,45.418092],[-73.588445,45.418074],[-73.588534,45.418073],[-73.588649,45.418082],[-73.5887,45.418118],[-73.588701,45.418172],[-73.588688,45.418217],[-73.588637,45.418262],[-73.588573,45.41828]]],[[[-73.588018,45.422897],[-73.587967,45.422933],[-73.58789,45.422969],[-73.587737,45.42296],[-73.587647,45.422942],[-73.587622,45.422897],[-73.587634,45.422825],[-73.587634,45.422744],[-73.587634,45.42269],[-73.587813,45.42269],[-73.58789,45.42269],[-73.587967,45.422708],[-73.588069,45.422744],[-73.588082,45.422789],[-73.588069,45.422843],[-73.588018,45.422897]]],[[[-73.587426,45.420387],[-73.587324,45.42036],[-73.587234,45.420333],[-73.587171,45.420306],[-73.587196,45.420216],[-73.587247,45.420144],[-73.587324,45.42009],[-73.587387,45.420072],[-73.587528,45.420063],[-73.587604,45.420063],[-73.587681,45.420072],[-73.587784,45.420081],[-73.587937,45.420099],[-73.588026,45.420107],[-73.588167,45.420134],[-73.588244,45.420134],[-73.588333,45.420098],[-73.58841,45.420062],[-73.588524,45.420053],[-73.588652,45.420062],[-73.588729,45.42008],[-73.588806,45.420089],[-73.58887,45.420098],[-73.588934,45.420134],[-73.58901,45.420152],[-73.589164,45.420134],[-73.589228,45.420125],[-73.589291,45.420152],[-73.589393,45.420151],[-73.589496,45.420151],[-73.58956,45.42016],[-73.589649,45.420169],[-73.589726,45.420214],[-73.589764,45.420277],[-73.58979,45.420322],[-73.589829,45.420367],[-73.589841,45.420412],[-73.589803,45.420466],[-73.589675,45.420493],[-73.589599,45.420493],[-73.589522,45.420493],[-73.589445,45.420511],[-73.589356,45.420547],[-73.589254,45.420593],[-73.589139,45.420646],[-73.589088,45.420692],[-73.589024,45.420728],[-73.588947,45.420746],[-73.588884,45.420737],[-73.58882,45.420728],[-73.588717,45.420728],[-73.588653,45.420719],[-73.588577,45.42071],[-73.588513,45.420692],[-73.588436,45.420674],[-73.588321,45.420647],[-73.588168,45.420575],[-73.588065,45.420521],[-73.587976,45.420494],[-73.587899,45.420467],[-73.58781,45.420459],[-73.587669,45.420441],[-73.587605,45.420432],[-73.587516,45.420405],[-73.587426,45.420387]]],[[[-73.587263,45.422358],[-73.587199,45.422349],[-73.587161,45.422295],[-73.587161,45.422241],[-73.587173,45.422178],[-73.58725,45.422142],[-73.587352,45.422151],[-73.587455,45.42216],[-73.587493,45.422214],[-73.58748,45.422259],[-73.587442,45.422312],[-73.587365,45.422358],[-73.587263,45.422358]]],[[[-73.587262,45.421647],[-73.587339,45.421683],[-73.58739,45.421728],[-73.587467,45.421782],[-73.587518,45.421818],[-73.587582,45.421863],[-73.587633,45.421899],[-73.587646,45.421944],[-73.587518,45.421971],[-73.587441,45.421962],[-73.587339,45.421926],[-73.587314,45.421872],[-73.587275,45.421827],[-73.587211,45.421818],[-73.587147,45.421773],[-73.587122,45.421728],[-73.587173,45.421629],[-73.587262,45.421647]]],[[[-73.586239,45.421063],[-73.586162,45.421009],[-73.586085,45.420937],[-73.586034,45.420874],[-73.58597,45.42082],[-73.585919,45.420784],[-73.585868,45.42073],[-73.585829,45.420676],[-73.585778,45.42064],[-73.58574,45.420595],[-73.585727,45.420541],[-73.585765,45.420469],[-73.585867,45.420487],[-73.585931,45.420514],[-73.585919,45.420559],[-73.585944,45.420613],[-73.586034,45.420622],[-73.58611,45.420631],[-73.586187,45.420631],[-73.586225,45.420586],[-73.586225,45.420532],[-73.586289,45.420505],[-73.586455,45.420532],[-73.586545,45.420577],[-73.586609,45.420631],[-73.586711,45.42063],[-73.586788,45.42063],[-73.58689,45.42063],[-73.586954,45.420639],[-73.587018,45.420666],[-73.587082,45.420702],[-73.587222,45.420738],[-73.587286,45.420774],[-73.58735,45.420828],[-73.587427,45.420891],[-73.587491,45.420918],[-73.587568,45.420945],[-73.587644,45.420945],[-73.587708,45.4209],[-73.587785,45.420891],[-73.587887,45.420899],[-73.587976,45.420917],[-73.588117,45.42098],[-73.588207,45.421016],[-73.588309,45.421034],[-73.588424,45.421052],[-73.588501,45.421061],[-73.588577,45.42107],[-73.588654,45.421106],[-73.588731,45.421151],[-73.588795,45.421169],[-73.588769,45.421214],[-73.588692,45.421223],[-73.588629,45.42125],[-73.588475,45.421268],[-73.588386,45.421268],[-73.588296,45.421268],[-73.588207,45.421268],[-73.588169,45.421313],[-73.588309,45.421349],[-73.588386,45.421349],[-73.588488,45.421367],[-73.588552,45.421385],[-73.588616,45.421412],[-73.58868,45.421421],[-73.588821,45.42143],[-73.588897,45.421439],[-73.588961,45.421483],[-73.588974,45.421528],[-73.588974,45.421582],[-73.588962,45.421628],[-73.588923,45.421682],[-73.588834,45.421754],[-73.588706,45.42179],[-73.588591,45.421808],[-73.588515,45.421844],[-73.588451,45.421853],[-73.588361,45.421835],[-73.588285,45.421826],[-73.588221,45.42179],[-73.588157,45.421754],[-73.588042,45.421709],[-73.587978,45.421673],[-73.587824,45.421628],[-73.587735,45.42161],[-73.587671,45.421602],[-73.587645,45.421547],[-73.587696,45.421512],[-73.587799,45.421493],[-73.587901,45.421466],[-73.587837,45.421431],[-73.587747,45.42143],[-73.587594,45.421449],[-73.58753,45.421458],[-73.587428,45.421467],[-73.587338,45.421467],[-73.587211,45.421467],[-73.587134,45.421449],[-73.58707,45.421422],[-73.586955,45.421377],[-73.586878,45.421359],[-73.586802,45.421359],[-73.586712,45.42135],[-73.586648,45.421368],[-73.586687,45.421413],[-73.586776,45.421422],[-73.586904,45.421476],[-73.586955,45.421512],[-73.586993,45.421566],[-73.587007,45.421656],[-73.586994,45.421701],[-73.586866,45.421701],[-73.586789,45.421692],[-73.586725,45.421674],[-73.586687,45.421629],[-73.586623,45.421566],[-73.586559,45.421521],[-73.586444,45.421467],[-73.58638,45.421431],[-73.586342,45.421369],[-73.58629,45.421306],[-73.586239,45.421243],[-73.586265,45.42118],[-73.58629,45.421135],[-73.586316,45.421081],[-73.586239,45.421063]]],[[[-73.582946,45.432646],[-73.583036,45.432574],[-73.583099,45.432565],[-73.583164,45.432574],[-73.583202,45.432628],[-73.583112,45.432673],[-73.583036,45.432673],[-73.582946,45.432646]]],[[[-73.58255,45.432782],[-73.582614,45.432736],[-73.582678,45.4327],[-73.582742,45.432682],[-73.582819,45.432691],[-73.58278,45.432736],[-73.582704,45.432763],[-73.58264,45.432791],[-73.58255,45.432782]]],[[[-73.582601,45.432565],[-73.582537,45.432629],[-73.582486,45.432674],[-73.582422,45.43271],[-73.58241,45.432755],[-73.582397,45.432827],[-73.58232,45.432872],[-73.582244,45.432872],[-73.582142,45.432872],[-73.582078,45.432854],[-73.582026,45.432827],[-73.58209,45.432809],[-73.582154,45.432773],[-73.582218,45.432755],[-73.582243,45.43271],[-73.582167,45.432674],[-73.582231,45.432629],[-73.582282,45.432593],[-73.582333,45.432557],[-73.582409,45.432557],[-73.582473,45.432548],[-73.582486,45.432503],[-73.58246,45.432458],[-73.58255,45.432439],[-73.582626,45.432422],[-73.582703,45.432395],[-73.58278,45.432376],[-73.582793,45.43243],[-73.582703,45.432475],[-73.582627,45.432521],[-73.582601,45.432565]]],[[[-73.582182,45.434528],[-73.582106,45.434528],[-73.582042,45.434474],[-73.582041,45.43442],[-73.582105,45.434366],[-73.582156,45.43432],[-73.582233,45.434312],[-73.582335,45.43432],[-73.582297,45.434375],[-73.582246,45.434419],[-73.582233,45.434483],[-73.582182,45.434528]]],[[[-73.577503,45.414626],[-73.577516,45.41468],[-73.577516,45.414734],[-73.577528,45.414788],[-73.577529,45.414842],[-73.577516,45.414914],[-73.577503,45.414959],[-73.577439,45.414977],[-73.577363,45.414968],[-73.577299,45.41495],[-73.577209,45.414923],[-73.577145,45.414905],[-73.577094,45.41486],[-73.577043,45.414824],[-73.576979,45.414779],[-73.576915,45.414716],[-73.576864,45.414671],[-73.576838,45.414617],[-73.576838,45.414554],[-73.576915,45.414554],[-73.576991,45.414563],[-73.577055,45.414554],[-73.577145,45.414554],[-73.577209,45.414563],[-73.577273,45.41459],[-73.577336,45.414599],[-73.577439,45.414599],[-73.577503,45.414626]]],[[[-73.573507,45.427002],[-73.573417,45.426984],[-73.573328,45.426966],[-73.573226,45.426957],[-73.573136,45.426948],[-73.572996,45.426921],[-73.572906,45.426894],[-73.572791,45.426867],[-73.572727,45.426849],[-73.57265,45.426831],[-73.572484,45.426795],[-73.572382,45.426786],[-73.572305,45.426769],[-73.572241,45.426751],[-73.572178,45.426723],[-73.572101,45.426706],[-73.571947,45.426661],[-73.571884,45.426643],[-73.571781,45.426598],[-73.571704,45.426562],[-73.571628,45.426526],[-73.571564,45.42649],[-73.571487,45.426454],[-73.571423,45.426418],[-73.571372,45.426382],[-73.571385,45.426319],[-73.571436,45.426283],[-73.5715,45.426274],[-73.571551,45.426274],[-73.571615,45.426274],[-73.571704,45.426274],[-73.571819,45.426274],[-73.571909,45.426283],[-73.571998,45.426292],[-73.5721,45.42631],[-73.572305,45.426327],[-73.572407,45.426336],[-73.572484,45.426345],[-73.572573,45.426363],[-73.572637,45.426372],[-73.572714,45.42639],[-73.572803,45.426408],[-73.57288,45.426408],[-73.572969,45.426408],[-73.573046,45.426408],[-73.57311,45.426417],[-73.573187,45.426408],[-73.573302,45.42639],[-73.573404,45.426381],[-73.57348,45.426372],[-73.573583,45.426372],[-73.573647,45.426381],[-73.573736,45.426381],[-73.573838,45.426363],[-73.573889,45.426335],[-73.574004,45.426308],[-73.574081,45.42629],[-73.574145,45.426281],[-73.574209,45.426272],[-73.5744,45.426236],[-73.574567,45.426209],[-73.57472,45.426164],[-73.574784,45.426137],[-73.57486,45.426092],[-73.575026,45.426038],[-73.57509,45.426029],[-73.575167,45.426011],[-73.575256,45.425975],[-73.575397,45.425975],[-73.575627,45.425965],[-73.575806,45.42592],[-73.575895,45.425902],[-73.575959,45.425893],[-73.576125,45.425848],[-73.576202,45.42583],[-73.576278,45.425812],[-73.576406,45.425794],[-73.576534,45.425776],[-73.576611,45.425749],[-73.576726,45.425695],[-73.576828,45.425668],[-73.576892,45.425659],[-73.577019,45.425659],[-73.57716,45.425659],[-73.577237,45.425658],[-73.577454,45.425658],[-73.577518,45.42564],[-73.577633,45.425595],[-73.577709,45.425577],[-73.577824,45.425523],[-73.577888,45.425514],[-73.577978,45.425487],[-73.578105,45.425478],[-73.578182,45.425451],[-73.578284,45.425406],[-73.578386,45.425388],[-73.578527,45.425361],[-73.578591,45.425342],[-73.578667,45.425342],[-73.578731,45.425333],[-73.578795,45.425342],[-73.578859,45.425333],[-73.578961,45.425333],[-73.579025,45.425306],[-73.579089,45.42527],[-73.579191,45.425252],[-73.579345,45.425216],[-73.579421,45.425207],[-73.579498,45.425198],[-73.57969,45.425171],[-73.579792,45.425162],[-73.579881,45.425108],[-73.579971,45.425072],[-73.580022,45.425036],[-73.580085,45.425009],[-73.580175,45.424972],[-73.580239,45.424936],[-73.580354,45.424936],[-73.580443,45.424927],[-73.580507,45.424945],[-73.58066,45.424972],[-73.58075,45.424963],[-73.580763,45.424918],[-73.58075,45.424873],[-73.580673,45.424873],[-73.580596,45.424846],[-73.580507,45.424819],[-73.580443,45.424801],[-73.580366,45.424774],[-73.580353,45.424729],[-73.580379,45.424702],[-73.580494,45.424684],[-73.580571,45.424684],[-73.58066,45.424684],[-73.580749,45.424693],[-73.580852,45.424702],[-73.580916,45.424711],[-73.580992,45.424729],[-73.581069,45.424738],[-73.581159,45.424738],[-73.58121,45.424702],[-73.581325,45.424711],[-73.581388,45.42472],[-73.581465,45.424729],[-73.581555,45.424729],[-73.581631,45.424738],[-73.581695,45.424746],[-73.581759,45.4248],[-73.581695,45.424827],[-73.581631,45.424873],[-73.581619,45.424918],[-73.581683,45.424926],[-73.581759,45.424926],[-73.581849,45.424926],[-73.581938,45.424926],[-73.582053,45.424935],[-73.582168,45.424935],[-73.582232,45.424944],[-73.582296,45.424953],[-73.58236,45.424962],[-73.582462,45.424998],[-73.582526,45.425016],[-73.582628,45.425025],[-73.582692,45.425007],[-73.582769,45.424989],[-73.58282,45.424953],[-73.582884,45.424899],[-73.582986,45.424889],[-73.583063,45.42489],[-73.583178,45.424898],[-73.583395,45.424934],[-73.583485,45.424943],[-73.583548,45.424952],[-73.583638,45.424952],[-73.58374,45.424961],[-73.58383,45.424961],[-73.583893,45.42497],[-73.584021,45.424979],[-73.584123,45.424988],[-73.584187,45.425006],[-73.584226,45.425051],[-73.584136,45.425096],[-73.584021,45.425123],[-73.583958,45.425159],[-73.58383,45.425204],[-73.583753,45.425249],[-73.583664,45.425276],[-73.583587,45.425303],[-73.583498,45.425321],[-73.583421,45.425357],[-73.583357,45.425384],[-73.583294,45.425411],[-73.583179,45.425447],[-73.583063,45.425456],[-73.582923,45.425474],[-73.582859,45.425492],[-73.582783,45.42552],[-73.582616,45.425583],[-73.582553,45.42561],[-73.582489,45.425619],[-73.582425,45.425637],[-73.582284,45.425709],[-73.582221,45.425736],[-73.58208,45.425808],[-73.582004,45.425835],[-73.58194,45.425862],[-73.581825,45.425907],[-73.58171,45.425952],[-73.581646,45.42597],[-73.581518,45.426024],[-73.581454,45.426051],[-73.581352,45.426096],[-73.581263,45.426142],[-73.581199,45.426169],[-73.581135,45.426187],[-73.581058,45.426205],[-73.580994,45.426214],[-73.580905,45.42625],[-73.580803,45.426277],[-73.580726,45.426304],[-73.58065,45.426322],[-73.580573,45.42634],[-73.580445,45.426376],[-73.580317,45.426412],[-73.580215,45.426439],[-73.580151,45.426457],[-73.580036,45.426511],[-73.579972,45.42652],[-73.579794,45.426574],[-73.579717,45.426592],[-73.57964,45.42662],[-73.579538,45.426638],[-73.579449,45.426656],[-73.579347,45.426692],[-73.579283,45.426719],[-73.579168,45.426755],[-73.579002,45.4268],[-73.578938,45.426818],[-73.578848,45.426854],[-73.578759,45.426899],[-73.57867,45.426917],[-73.578593,45.426953],[-73.578516,45.426971],[-73.57844,45.426998],[-73.578337,45.427025],[-73.578197,45.427062],[-73.578108,45.427089],[-73.578044,45.427116],[-73.57798,45.427143],[-73.577916,45.42717],[-73.577826,45.427197],[-73.577699,45.427233],[-73.577546,45.427269],[-73.577482,45.427287],[-73.577392,45.427314],[-73.577328,45.427323],[-73.577213,45.427332],[-73.577137,45.427341],[-73.576958,45.42735],[-73.576894,45.427359],[-73.57683,45.427377],[-73.576753,45.427387],[-73.57669,45.427395],[-73.576587,45.427413],[-73.576523,45.427423],[-73.576319,45.427414],[-73.576204,45.427414],[-73.576089,45.427414],[-73.576,45.427414],[-73.575935,45.427405],[-73.575872,45.427396],[-73.575782,45.427396],[-73.575705,45.427396],[-73.57559,45.427396],[-73.575463,45.427387],[-73.575348,45.427387],[-73.575284,45.427378],[-73.575194,45.427378],[-73.575092,45.42737],[-73.574977,45.427361],[-73.574913,45.427343],[-73.57476,45.427316],[-73.574696,45.427298],[-73.574632,45.427289],[-73.57453,45.427253],[-73.574363,45.427226],[-73.574299,45.427217],[-73.574223,45.427217],[-73.574159,45.427208],[-73.574069,45.427181],[-73.573903,45.427118],[-73.573826,45.427091],[-73.573763,45.427073],[-73.573699,45.427056],[-73.573622,45.427029],[-73.573507,45.427002]]],[[[-73.573333,45.43097],[-73.573307,45.430916],[-73.573307,45.430844],[-73.57332,45.430799],[-73.57341,45.430817],[-73.573461,45.430862],[-73.573474,45.430916],[-73.573474,45.43097],[-73.573397,45.430997],[-73.573333,45.43097]]],[[[-73.57109,45.425806],[-73.571103,45.425761],[-73.571218,45.425725],[-73.571256,45.425707],[-73.571205,45.425689],[-73.571141,45.425689],[-73.571039,45.425725],[-73.570962,45.425734],[-73.570873,45.425753],[-73.570796,45.425762],[-73.570643,45.425753],[-73.570553,45.425744],[-73.570451,45.425726],[-73.570413,45.425663],[-73.570451,45.425618],[-73.570464,45.425573],[-73.570464,45.425519],[-73.570476,45.425474],[-73.570476,45.425393],[-73.570451,45.425321],[-73.570399,45.425249],[-73.570387,45.425195],[-73.570399,45.42515],[-73.570412,45.425096],[-73.570437,45.425051],[-73.570514,45.425015],[-73.570578,45.424979],[-73.570642,45.424925],[-73.570655,45.424871],[-73.570654,45.424817],[-73.570603,45.424772],[-73.570565,45.424709],[-73.570539,45.424664],[-73.570539,45.424592],[-73.570552,45.424547],[-73.570552,45.424484],[-73.570564,45.424412],[-73.57059,45.424358],[-73.570654,45.424313],[-73.570692,45.424268],[-73.570718,45.424223],[-73.570781,45.424142],[-73.570832,45.424097],[-73.570883,45.424052],[-73.570973,45.423989],[-73.571037,45.423944],[-73.571088,45.423908],[-73.571139,45.423854],[-73.571151,45.423791],[-73.571215,45.423755],[-73.571279,45.423737],[-73.57133,45.423692],[-73.571394,45.423664],[-73.571458,45.423629],[-73.571535,45.423584],[-73.571611,45.423529],[-73.571675,45.423484],[-73.571752,45.423457],[-73.571841,45.42343],[-73.571918,45.423385],[-73.571982,45.423349],[-73.572045,45.423313],[-73.572122,45.423268],[-73.572186,45.423232],[-73.57225,45.423187],[-73.572301,45.423151],[-73.572377,45.423115],[-73.572428,45.423079],[-73.57248,45.423034],[-73.572531,45.422989],[-73.57262,45.422944],[-73.572658,45.422899],[-73.572722,45.422836],[-73.572799,45.4228],[-73.572862,45.422746],[-73.572888,45.422692],[-73.572913,45.422638],[-73.572965,45.422584],[-73.573003,45.422539],[-73.573054,45.422476],[-73.573105,45.42244],[-73.573169,45.422395],[-73.57322,45.422359],[-73.573271,45.422323],[-73.573258,45.422278],[-73.573296,45.422233],[-73.573373,45.422232],[-73.573462,45.422187],[-73.573539,45.42216],[-73.573539,45.422106],[-73.573616,45.422097],[-73.573654,45.422052],[-73.573667,45.421998],[-73.573667,45.421962],[-73.57373,45.421944],[-73.573845,45.421953],[-73.573948,45.421962],[-73.574063,45.421926],[-73.574139,45.42189],[-73.574229,45.421872],[-73.574292,45.421863],[-73.574433,45.421863],[-73.574535,45.421836],[-73.574612,45.421809],[-73.57474,45.421782],[-73.574804,45.421773],[-73.57488,45.421764],[-73.574982,45.421718],[-73.575059,45.4217],[-73.575123,45.421682],[-73.575187,45.421664],[-73.575263,45.421664],[-73.575327,45.421655],[-73.575417,45.421655],[-73.575481,45.421646],[-73.575544,45.421628],[-73.575621,45.421592],[-73.575736,45.421565],[-73.5758,45.421556],[-73.575889,45.421538],[-73.575991,45.421493],[-73.576068,45.421484],[-73.576132,45.421457],[-73.576209,45.421403],[-73.576323,45.421358],[-73.576387,45.421349],[-73.576477,45.421322],[-73.576553,45.421313],[-73.576617,45.421294],[-73.576681,45.421285],[-73.576745,45.421312],[-73.576835,45.421312],[-73.576911,45.421312],[-73.577001,45.421312],[-73.577077,45.421303],[-73.577154,45.421285],[-73.577231,45.421258],[-73.577307,45.421249],[-73.577384,45.421222],[-73.577448,45.421213],[-73.577512,45.421204],[-73.577601,45.421204],[-73.577678,45.421204],[-73.57778,45.421195],[-73.57787,45.421186],[-73.577972,45.421168],[-73.578087,45.421141],[-73.578189,45.421131],[-73.578253,45.421122],[-73.578393,45.421113],[-73.578457,45.421104],[-73.578547,45.421086],[-73.578636,45.421068],[-73.578725,45.421032],[-73.578789,45.421014],[-73.578853,45.420996],[-73.57893,45.420969],[-73.579032,45.420951],[-73.579134,45.420933],[-73.579236,45.420888],[-73.5793,45.42087],[-73.579364,45.420861],[-73.579505,45.420852],[-73.579581,45.420852],[-73.579645,45.420861],[-73.57976,45.420869],[-73.579875,45.420869],[-73.580016,45.420878],[-73.580118,45.420878],[-73.580233,45.420878],[-73.580348,45.420869],[-73.580412,45.42086],[-73.580514,45.420851],[-73.580616,45.420815],[-73.580706,45.420788],[-73.580782,45.42077],[-73.580872,45.420761],[-73.580948,45.420761],[-73.581051,45.420752],[-73.581127,45.420743],[-73.581204,45.420742],[-73.581306,45.420751],[-73.58137,45.42076],[-73.581459,45.420769],[-73.581536,45.420769],[-73.581638,45.420769],[-73.581702,45.420778],[-73.58183,45.420787],[-73.581894,45.420778],[-73.581958,45.420787],[-73.582047,45.420787],[-73.582162,45.420787],[-73.582252,45.420778],[-73.582354,45.42076],[-73.582431,45.420751],[-73.582494,45.420706],[-73.582533,45.42066],[-73.582622,45.420615],[-73.582686,45.420606],[-73.582763,45.420633],[-73.582827,45.420642],[-73.582903,45.420642],[-73.58298,45.420633],[-73.583044,45.420615],[-73.583108,45.420597],[-73.583223,45.420597],[-73.583312,45.420606],[-73.583401,45.420597],[-73.583478,45.420579],[-73.583568,45.420561],[-73.583644,45.420525],[-73.583746,45.420498],[-73.58381,45.42048],[-73.5839,45.42048],[-73.583976,45.420479],[-73.584066,45.420461],[-73.584245,45.42047],[-73.584308,45.420488],[-73.584411,45.420497],[-73.584513,45.420506],[-73.584641,45.420524],[-73.584718,45.42056],[-73.584794,45.420605],[-73.584871,45.42065],[-73.584961,45.420722],[-73.585063,45.420794],[-73.585101,45.420839],[-73.58514,45.420911],[-73.585191,45.420946],[-73.58528,45.421018],[-73.58537,45.421135],[-73.58546,45.421207],[-73.585549,45.421288],[-73.585613,45.421342],[-73.585664,45.421414],[-73.585716,45.421468],[-73.58578,45.42154],[-73.585831,45.421612],[-73.585895,45.421711],[-73.585972,45.421801],[-73.586023,45.421846],[-73.586125,45.421936],[-73.586164,45.421963],[-73.586215,45.421999],[-73.586266,45.422044],[-73.586304,45.422124],[-73.58633,45.422188],[-73.586356,45.422241],[-73.586407,45.422322],[-73.586445,45.422394],[-73.586458,45.422439],[-73.586471,45.422484],[-73.586484,45.422547],[-73.586561,45.422619],[-73.586561,45.422718],[-73.586561,45.422781],[-73.586548,45.422826],[-73.586535,45.422898],[-73.58651,45.422979],[-73.586497,45.423015],[-73.586446,45.423132],[-73.586396,45.423204],[-73.586357,45.423267],[-73.586344,45.42333],[-73.586268,45.423456],[-73.586204,45.423528],[-73.586115,45.423618],[-73.586064,45.423663],[-73.585974,45.423717],[-73.585796,45.423835],[-73.585681,45.423889],[-73.585617,45.423916],[-73.585553,45.423961],[-73.585502,45.423997],[-73.585438,45.424033],[-73.585362,45.424051],[-73.585298,45.424087],[-73.585234,45.42415],[-73.585119,45.424222],[-73.585043,45.424267],[-73.584953,45.424321],[-73.584877,45.424348],[-73.584813,45.424384],[-73.584723,45.42442],[-73.584621,45.424456],[-73.584544,45.424483],[-73.584404,45.424511],[-73.584302,45.424529],[-73.584212,45.424529],[-73.584136,45.424529],[-73.584085,45.424529],[-73.584008,45.424529],[-73.583944,45.424538],[-73.583829,45.424565],[-73.583752,45.424565],[-73.583688,45.424556],[-73.583599,45.424502],[-73.583497,45.424475],[-73.58342,45.424466],[-73.583343,45.424466],[-73.583267,45.424466],[-73.583152,45.424457],[-73.583088,45.424448],[-73.583024,45.424439],[-73.58296,45.424413],[-73.582896,45.42435],[-73.582883,45.424296],[-73.582832,45.42426],[-73.582755,45.424251],[-73.582576,45.42426],[-73.582448,45.424269],[-73.582359,45.424278],[-73.582295,45.424287],[-73.582167,45.424305],[-73.582091,45.424314],[-73.582001,45.424332],[-73.581925,45.424332],[-73.58181,45.424341],[-73.581746,45.424332],[-73.581592,45.424323],[-73.581528,45.424315],[-73.581452,45.424315],[-73.581337,45.424324],[-73.581247,45.424333],[-73.581158,45.424342],[-73.581005,45.424351],[-73.580941,45.42436],[-73.580838,45.424387],[-73.580762,45.424405],[-73.580672,45.424414],[-73.580557,45.424423],[-73.580442,45.424432],[-73.580353,45.424451],[-73.580251,45.424487],[-73.580174,45.424487],[-73.580072,45.424496],[-73.580034,45.424514],[-73.579931,45.424532],[-73.579842,45.42455],[-73.57974,45.424568],[-73.579548,45.424604],[-73.579459,45.424631],[-73.579395,45.424658],[-73.579293,45.424694],[-73.579229,45.424703],[-73.578871,45.424748],[-73.578782,45.424758],[-73.578718,45.424784],[-73.578654,45.424803],[-73.578513,45.424812],[-73.578424,45.424821],[-73.578335,45.424848],[-73.578245,45.424875],[-73.578079,45.424929],[-73.577977,45.424956],[-73.5779,45.424974],[-73.577811,45.425001],[-73.577747,45.42501],[-73.577632,45.425028],[-73.577504,45.425091],[-73.57744,45.425118],[-73.577338,45.425145],[-73.577185,45.4252],[-73.577057,45.42529],[-73.576955,45.425317],[-73.576853,45.425326],[-73.576789,45.425335],[-73.576725,45.425344],[-73.576661,45.425353],[-73.576482,45.42538],[-73.576393,45.42538],[-73.576329,45.425398],[-73.576265,45.425425],[-73.576188,45.425452],[-73.576086,45.425488],[-73.575933,45.425533],[-73.575844,45.425551],[-73.575678,45.425605],[-73.575588,45.425633],[-73.575473,45.425669],[-73.575358,45.425678],[-73.575282,45.425696],[-73.575141,45.42575],[-73.575077,45.425768],[-73.575013,45.425786],[-73.574911,45.425831],[-73.574822,45.425849],[-73.574745,45.425867],[-73.574668,45.425885],[-73.574528,45.425921],[-73.574464,45.42593],[-73.5744,45.425948],[-73.574221,45.426002],[-73.574132,45.426011],[-73.574055,45.42602],[-73.573889,45.426047],[-73.573825,45.426075],[-73.573723,45.426102],[-73.573621,45.42612],[-73.573557,45.426129],[-73.573493,45.426147],[-73.573416,45.426165],[-73.57334,45.426174],[-73.573199,45.426192],[-73.573135,45.426201],[-73.573033,45.426201],[-73.572956,45.426192],[-73.572867,45.426183],[-73.572726,45.426129],[-73.572611,45.426102],[-73.572573,45.426102],[-73.572534,45.426093],[-73.572458,45.426084],[-73.572304,45.426084],[-73.572228,45.426076],[-73.572113,45.426067],[-73.572049,45.42604],[-73.571972,45.42604],[-73.571819,45.426031],[-73.571755,45.426022],[-73.571627,45.425995],[-73.571563,45.425959],[-73.571499,45.425932],[-73.571423,45.425923],[-73.571295,45.425905],[-73.57118,45.425878],[-73.571116,45.425851],[-73.57109,45.425806]]],[[[-73.570226,45.429928],[-73.57029,45.429946],[-73.570316,45.430009],[-73.57029,45.430054],[-73.570265,45.430072],[-73.570303,45.43009],[-73.570393,45.430108],[-73.570495,45.430144],[-73.570559,45.43018],[-73.57061,45.430216],[-73.570674,45.430261],[-73.570712,45.430315],[-73.570725,45.430351],[-73.570674,45.430351],[-73.570597,45.430351],[-73.570521,45.430342],[-73.570444,45.430351],[-73.57038,45.430378],[-73.570304,45.430405],[-73.57024,45.430414],[-73.570163,45.430432],[-73.570086,45.430432],[-73.570022,45.430441],[-73.569984,45.430396],[-73.569958,45.430342],[-73.569907,45.430297],[-73.569869,45.430225],[-73.569881,45.430171],[-73.569881,45.430117],[-73.569894,45.430063],[-73.569932,45.430009],[-73.569958,45.429973],[-73.570009,45.429928],[-73.570073,45.42991],[-73.570162,45.429919],[-73.570226,45.429928]]]]}},{"type":"Feature","properties":{"sector_id":"4"},"geometry":{"type":"MultiPolygon","coordinates":[[[[-73.613443,45.457472],[-73.6135,45.457498],[-73.612558,45.457862],[-73.611229,45.458295],[-73.609594,45.458845],[-73.606424,45.459856],[-73.603805,45.460741],[-73.603268,45.46093],[-73.602029,45.461435],[-73.600202,45.462246],[-73.598604,45.462968],[-73.598042,45.463264],[-73.597824,45.463379],[-73.597544,45.463527],[-73.596726,45.463995],[-73.596739,45.464076],[-73.596701,45.464148],[-73.596433,45.464382],[-73.596356,45.464499],[-73.596216,45.464626],[-73.59605,45.46477],[-73.595773,45.464965],[-73.595731,45.464995],[-73.59559,45.465085],[-73.595407,45.465169],[-73.595354,45.465194],[-73.595296,45.46522],[-73.595208,45.465248],[-73.595181,45.465256],[-73.595139,45.465282],[-73.595092,45.46531],[-73.594223,45.465644],[-73.593635,45.465842],[-73.59352,45.465897],[-73.59343,45.465951],[-73.593379,45.465987],[-73.5932,45.46605],[-73.593073,45.466095],[-73.59297,45.46614],[-73.59274,45.466203],[-73.592599,45.466248],[-73.592497,45.466293],[-73.592408,45.46633],[-73.592306,45.46632],[-73.592203,45.466339],[-73.592063,45.466393],[-73.591909,45.466375],[-73.59173,45.466411],[-73.590912,45.466574],[-73.590835,45.466601],[-73.590656,45.466619],[-73.590528,45.466628],[-73.590196,45.4667],[-73.589864,45.466781],[-73.589557,45.466962],[-73.589352,45.467016],[-73.589097,45.467106],[-73.588867,45.467241],[-73.58865,45.46734],[-73.588394,45.46743],[-73.588139,45.467548],[-73.588011,45.467575],[-73.588011,45.467692],[-73.587985,45.467755],[-73.587985,45.4678],[-73.587845,45.467827],[-73.587704,45.467863],[-73.587576,45.467854],[-73.587474,45.467881],[-73.587384,45.46789],[-73.587333,45.467863],[-73.587314,45.467871],[-73.587189,45.467924],[-73.587078,45.467971],[-73.58672,45.467927],[-73.586566,45.467972],[-73.586157,45.468152],[-73.584982,45.468747],[-73.584905,45.468792],[-73.58479,45.468819],[-73.584675,45.468891],[-73.584381,45.469035],[-73.584381,45.469125],[-73.584381,45.469188],[-73.584394,45.469233],[-73.584407,45.469287],[-73.584368,45.469314],[-73.584075,45.469494],[-73.58387,45.469665],[-73.583794,45.469774],[-73.583589,45.469792],[-73.583397,45.469891],[-73.583231,45.469963],[-73.58304,45.470053],[-73.583001,45.470107],[-73.582848,45.470278],[-73.582874,45.470323],[-73.582644,45.470566],[-73.582516,45.470629],[-73.582439,45.470701],[-73.582363,45.470755],[-73.582299,45.470827],[-73.582171,45.471052],[-73.582095,45.471016],[-73.582107,45.470909],[-73.58203,45.470846],[-73.581903,45.470873],[-73.581826,45.470927],[-73.581749,45.470918],[-73.581021,45.471656],[-73.580894,45.472025],[-73.579604,45.473412],[-73.577548,45.475618],[-73.577548,45.475717],[-73.57751,45.475843],[-73.577459,45.475951],[-73.577357,45.476059],[-73.577305,45.476122],[-73.577267,45.476158],[-73.577152,45.476266],[-73.576999,45.476383],[-73.576897,45.476455],[-73.57682,45.476509],[-73.576641,45.476518],[-73.575734,45.477284],[-73.575631,45.477396],[-73.575593,45.477437],[-73.575568,45.477464],[-73.575561,45.477469],[-73.575363,45.477635],[-73.575044,45.477905],[-73.574776,45.47813],[-73.574542,45.478328],[-73.57452,45.478347],[-73.573792,45.478914],[-73.57383,45.479031],[-73.57383,45.479085],[-73.573869,45.479265],[-73.573613,45.479445],[-73.57355,45.47949],[-73.573409,45.479679],[-73.573217,45.479805],[-73.573013,45.47994],[-73.572923,45.479931],[-73.572783,45.479859],[-73.572731,45.479913],[-73.572744,45.480048],[-73.572821,45.480075],[-73.572949,45.48003],[-73.573,45.480048],[-73.572745,45.480318],[-73.572704,45.480354],[-73.572694,45.480363],[-73.572412,45.48057],[-73.571812,45.480967],[-73.571492,45.481174],[-73.571313,45.481291],[-73.571109,45.481417],[-73.570879,45.481471],[-73.570712,45.481534],[-73.570278,45.481858],[-73.569767,45.4823],[-73.56923,45.482669],[-73.568821,45.48302],[-73.567747,45.483849],[-73.567364,45.48411],[-73.566444,45.484722],[-73.566111,45.48492],[-73.566047,45.485064],[-73.566022,45.485092],[-73.565958,45.485128],[-73.565948,45.485134],[-73.565153,45.485605],[-73.564718,45.485866],[-73.56436,45.486064],[-73.564296,45.486019],[-73.564232,45.485929],[-73.563874,45.485588],[-73.563912,45.485561],[-73.564078,45.485471],[-73.564385,45.485254],[-73.564308,45.485183],[-73.563822,45.485462],[-73.563566,45.485255],[-73.5634,45.485345],[-73.564117,45.486029],[-73.564155,45.486136],[-73.563529,45.486506],[-73.562762,45.486911],[-73.562672,45.486902],[-73.561445,45.487605],[-73.561394,45.487677],[-73.559745,45.488658],[-73.559323,45.488911],[-73.557273,45.489902],[-73.557162,45.489955],[-73.555653,45.490784],[-73.555448,45.490883],[-73.555231,45.490883],[-73.554988,45.490865],[-73.554988,45.49082],[-73.554949,45.490695],[-73.555013,45.490334],[-73.554885,45.4902],[-73.555051,45.490199],[-73.555191,45.489327],[-73.554986,45.489318],[-73.554706,45.490848],[-73.553574,45.490878],[-73.553325,45.490884],[-73.553312,45.490947],[-73.553094,45.490929],[-73.552301,45.490876],[-73.55227,45.491182],[-73.552263,45.491254],[-73.552249,45.491379],[-73.551908,45.491099],[-73.551629,45.490933],[-73.551261,45.490742],[-73.550646,45.490459],[-73.549968,45.490239],[-73.549468,45.49012],[-73.549103,45.49006],[-73.548987,45.489999],[-73.548764,45.489947],[-73.54771,45.489729],[-73.547545,45.489709],[-73.54744,45.489723],[-73.547424,45.489734],[-73.545779,45.489431],[-73.544188,45.489124],[-73.544061,45.489099],[-73.543807,45.48905],[-73.54184,45.48867],[-73.540999,45.488508],[-73.540409,45.488352],[-73.539901,45.488138],[-73.539817,45.488167],[-73.539639,45.488069],[-73.539066,45.488262],[-73.539045,45.488226],[-73.539006,45.488136],[-73.539006,45.488101],[-73.538981,45.488056],[-73.538904,45.488047],[-73.538878,45.487993],[-73.53884,45.487939],[-73.538814,45.487876],[-73.53875,45.487795],[-73.538725,45.487732],[-73.538648,45.487651],[-73.538571,45.487606],[-73.53852,45.487579],[-73.538456,45.487534],[-73.538417,45.487471],[-73.538366,45.487435],[-73.538315,45.487381],[-73.538277,45.487336],[-73.538225,45.487309],[-73.538174,45.487264],[-73.538136,45.48721],[-73.538072,45.487129],[-73.538033,45.487075],[-73.537982,45.48703],[-73.537893,45.48694],[-73.537816,45.48685],[-73.537765,45.486769],[-73.537726,45.486688],[-73.537662,45.486616],[-73.537624,45.486553],[-73.537611,45.48649],[-73.537547,45.486427],[-73.537521,45.486355],[-73.537483,45.486292],[-73.537457,45.48622],[-73.537419,45.486148],[-73.537393,45.486076],[-73.537368,45.486013],[-73.537329,45.485905],[-73.537291,45.485824],[-73.537278,45.485779],[-73.537252,45.485699],[-73.537239,45.485654],[-73.537226,45.485572],[-73.537226,45.485428],[-73.537213,45.485384],[-73.537214,45.485329],[-73.537188,45.48524],[-73.537201,45.485204],[-73.537213,45.485159],[-73.537188,45.485042],[-73.537188,45.484988],[-73.537188,45.484898],[-73.537188,45.484772],[-73.537213,45.4847],[-73.537251,45.484583],[-73.537277,45.484538],[-73.537315,45.484421],[-73.537341,45.48434],[-73.537366,45.484259],[-73.537405,45.484142],[-73.53743,45.484061],[-73.537456,45.48398],[-73.537468,45.483935],[-73.537494,45.483899],[-73.537532,45.483854],[-73.537558,45.483728],[-73.537558,45.483665],[-73.537609,45.483575],[-73.537622,45.483512],[-73.537647,45.48344],[-73.537698,45.483323],[-73.537711,45.483278],[-73.537724,45.483233],[-73.537749,45.483143],[-73.537762,45.483098],[-73.537775,45.483053],[-73.5378,45.482972],[-73.537839,45.482882],[-73.537851,45.482837],[-73.537877,45.482756],[-73.537915,45.482675],[-73.537928,45.48263],[-73.537954,45.482585],[-73.537966,45.482531],[-73.537966,45.482459],[-73.537992,45.482396],[-73.53803,45.482351],[-73.53803,45.48227],[-73.538043,45.482225],[-73.538068,45.482126],[-73.538094,45.482018],[-73.538119,45.481928],[-73.538145,45.481883],[-73.538158,45.481784],[-73.538183,45.481703],[-73.538196,45.481658],[-73.538234,45.481568],[-73.538247,45.481514],[-73.53826,45.481469],[-73.538273,45.481424],[-73.538285,45.48137],[-73.538311,45.48128],[-73.538324,45.481235],[-73.538362,45.481109],[-73.538388,45.481091],[-73.5384,45.481046],[-73.538426,45.480956],[-73.538439,45.480875],[-73.538451,45.48083],[-73.538477,45.480785],[-73.53849,45.48074],[-73.538515,45.48065],[-73.538528,45.480605],[-73.538541,45.48056],[-73.538566,45.480479],[-73.538579,45.480416],[-73.538604,45.480344],[-73.538643,45.480281],[-73.538668,45.480191],[-73.538694,45.480119],[-73.538707,45.480038],[-73.538732,45.479966],[-73.538758,45.479903],[-73.538783,45.479822],[-73.538796,45.479777],[-73.538822,45.479732],[-73.538834,45.479687],[-73.538873,45.479606],[-73.538898,45.479552],[-73.538911,45.479507],[-73.538924,45.479453],[-73.538936,45.479381],[-73.538962,45.479309],[-73.539,45.479228],[-73.539026,45.479147],[-73.539077,45.479057],[-73.539115,45.478949],[-73.539128,45.478895],[-73.539153,45.478832],[-73.539192,45.478769],[-73.539256,45.478661],[-73.539294,45.478598],[-73.539358,45.478508],[-73.539384,45.478445],[-73.539409,45.478382],[-73.539447,45.478328],[-73.539486,45.478274],[-73.539524,45.478211],[-73.539575,45.478112],[-73.539639,45.478022],[-73.53969,45.477887],[-73.539728,45.477833],[-73.539754,45.477788],[-73.539792,45.477716],[-73.539805,45.477662],[-73.539843,45.477608],[-73.539894,45.477509],[-73.53992,45.477464],[-73.539958,45.477392],[-73.539984,45.477338],[-73.539984,45.477284],[-73.540009,45.477239],[-73.540086,45.477194],[-73.540137,45.477167],[-73.54024,45.477149],[-73.540316,45.47714],[-73.54037,45.477134],[-73.540482,45.477122],[-73.540508,45.477119],[-73.540559,45.477113],[-73.540662,45.477095],[-73.540713,45.477104],[-73.540802,45.477095],[-73.540905,45.477068],[-73.540994,45.477032],[-73.541071,45.477005],[-73.54116,45.476969],[-73.541237,45.476951],[-73.541301,45.476897],[-73.541339,45.47687],[-73.541352,45.476824],[-73.541442,45.47677],[-73.541505,45.476726],[-73.541608,45.47668],[-73.541646,45.476654],[-73.541723,45.476608],[-73.5418,45.476564],[-73.541864,45.476519],[-73.54194,45.476446],[-73.542004,45.47641],[-73.542068,45.476374],[-73.542145,45.476329],[-73.542221,45.476275],[-73.542311,45.476257],[-73.542452,45.476158],[-73.542503,45.476131],[-73.542554,45.476086],[-73.542656,45.476023],[-73.542746,45.475969],[-73.542848,45.475915],[-73.542899,45.47587],[-73.542963,45.475843],[-73.543065,45.475771],[-73.543206,45.475672],[-73.543244,45.475663],[-73.543347,45.475627],[-73.543462,45.475537],[-73.543525,45.475501],[-73.543551,45.475465],[-73.543653,45.475411],[-73.543768,45.475366],[-73.543922,45.475276],[-73.543947,45.475222],[-73.544062,45.475177],[-73.544318,45.474988],[-73.544369,45.474925],[-73.544459,45.474916],[-73.544523,45.474862],[-73.544612,45.474808],[-73.544676,45.474763],[-73.54474,45.474727],[-73.544842,45.474673],[-73.544881,45.474646],[-73.544932,45.47461],[-73.545034,45.474574],[-73.545085,45.474538],[-73.545149,45.474501],[-73.5452,45.474466],[-73.54529,45.474429],[-73.545354,45.474402],[-73.545481,45.474348],[-73.545545,45.474312],[-73.545661,45.474267],[-73.545776,45.474222],[-73.545839,45.474195],[-73.545955,45.474141],[-73.546057,45.474096],[-73.546121,45.47406],[-73.54621,45.474006],[-73.54644,45.473934],[-73.546594,45.473853],[-73.546645,45.473817],[-73.546773,45.473754],[-73.546926,45.473682],[-73.547003,45.473655],[-73.547067,45.473628],[-73.547169,45.473592],[-73.547284,45.473547],[-73.547348,45.47352],[-73.547412,45.473493],[-73.547489,45.473457],[-73.547591,45.473412],[-73.547834,45.473295],[-73.547949,45.473259],[-73.548013,45.473205],[-73.548141,45.47316],[-73.54823,45.473105],[-73.548294,45.473079],[-73.548384,45.473042],[-73.54846,45.473006],[-73.548512,45.472952],[-73.548601,45.472916],[-73.548691,45.47288],[-73.548742,45.472844],[-73.548831,45.47279],[-73.548921,45.472763],[-73.548959,45.472745],[-73.54901,45.4727],[-73.549163,45.472673],[-73.54924,45.472646],[-73.549368,45.472574],[-73.549496,45.47252],[-73.54956,45.472484],[-73.549649,45.472439],[-73.549739,45.472394],[-73.549854,45.472349],[-73.549982,45.472295],[-73.550058,45.472259],[-73.550186,45.472196],[-73.550288,45.472151],[-73.550391,45.472097],[-73.55048,45.472052],[-73.55057,45.472007],[-73.550659,45.471962],[-73.55071,45.471926],[-73.550774,45.471908],[-73.550966,45.471818],[-73.551043,45.471799],[-73.55112,45.471754],[-73.551209,45.471718],[-73.551324,45.471673],[-73.551388,45.471628],[-73.551478,45.47161],[-73.551541,45.471574],[-73.551593,45.471538],[-73.551733,45.471502],[-73.55181,45.471466],[-73.551912,45.471421],[-73.551963,45.471385],[-73.55204,45.471322],[-73.552091,45.471268],[-73.552096,45.471261],[-73.552129,45.471214],[-73.552181,45.471169],[-73.552222,45.471134],[-73.552244,45.471115],[-73.552283,45.47107],[-73.552372,45.471025],[-73.552487,45.47098],[-73.552615,45.470935],[-73.552679,45.47089],[-73.552756,45.470863],[-73.552845,45.470809],[-73.552935,45.470773],[-73.553024,45.470746],[-73.553126,45.47071],[-73.553216,45.470647],[-73.553293,45.470611],[-73.553369,45.470584],[-73.553484,45.47053],[-73.5536,45.470494],[-73.553727,45.470448],[-73.553804,45.47043],[-73.553894,45.470421],[-73.553983,45.470403],[-73.55406,45.470376],[-73.554162,45.470349],[-73.554239,45.470331],[-73.554315,45.470322],[-73.554392,45.470304],[-73.554469,45.470286],[-73.554559,45.470241],[-73.554661,45.470232],[-73.554801,45.470205],[-73.554968,45.470187],[-73.555057,45.470178],[-73.555159,45.47016],[-73.555223,45.470178],[-73.555313,45.47016],[-73.555428,45.470115],[-73.555505,45.470079],[-73.555607,45.470052],[-73.555722,45.470043],[-73.555799,45.470025],[-73.555863,45.469988],[-73.555939,45.469971],[-73.556003,45.469943],[-73.556118,45.469943],[-73.556195,45.469943],[-73.556272,45.469943],[-73.556387,45.469925],[-73.556502,45.469943],[-73.556579,45.469952],[-73.556643,45.469952],[-73.556745,45.469961],[-73.556835,45.469988],[-73.557001,45.470024],[-73.557103,45.470105],[-73.557167,45.470132],[-73.557295,45.470186],[-73.557372,45.470222],[-73.557577,45.47033],[-73.557641,45.470357],[-73.557782,45.470429],[-73.557845,45.470465],[-73.557922,45.470509],[-73.558063,45.470572],[-73.558152,45.470617],[-73.558229,45.470662],[-73.558332,45.470716],[-73.558408,45.470743],[-73.558498,45.470779],[-73.558562,45.470833],[-73.558613,45.470869],[-73.55869,45.470914],[-73.558767,45.470959],[-73.558882,45.471004],[-73.558997,45.471058],[-73.5591,45.471112],[-73.559138,45.471148],[-73.559228,45.471193],[-73.559291,45.471229],[-73.559394,45.471121],[-73.559343,45.471085],[-73.559253,45.471049],[-73.559214,45.471049],[-73.559074,45.470959],[-73.558933,45.470896],[-73.558831,45.470833],[-73.558754,45.470797],[-73.558677,45.470752],[-73.558575,45.470707],[-73.558511,45.470671],[-73.558447,45.470635],[-73.558344,45.47059],[-73.558255,45.470545],[-73.558165,45.470509],[-73.558076,45.470455],[-73.557973,45.470401],[-73.557909,45.470365],[-73.557832,45.470329],[-73.557769,45.470303],[-73.557628,45.470231],[-73.557538,45.470177],[-73.557474,45.470141],[-73.557397,45.470105],[-73.557359,45.470087],[-73.557257,45.470033],[-73.55718,45.469997],[-73.55709,45.469952],[-73.557039,45.469916],[-73.556962,45.469889],[-73.556886,45.469862],[-73.556745,45.469826],[-73.556668,45.469826],[-73.556579,45.469817],[-73.556502,45.469817],[-73.556425,45.469817],[-73.556284,45.469808],[-73.556272,45.469781],[-73.556361,45.469718],[-73.556425,45.469682],[-73.556489,45.469637],[-73.556502,45.469583],[-73.556476,45.469538],[-73.556527,45.469493],[-73.556578,45.469394],[-73.55668,45.469367],[-73.556821,45.469286],[-73.556898,45.46925],[-73.556943,45.469209],[-73.556987,45.469169],[-73.557064,45.469151],[-73.557192,45.46916],[-73.557256,45.469142],[-73.55732,45.469124],[-73.55755,45.469079],[-73.557614,45.46907],[-73.557678,45.469061],[-73.557793,45.469034],[-73.557895,45.469007],[-73.557997,45.468989],[-73.558048,45.468962],[-73.558138,45.468962],[-73.558227,45.468944],[-73.558279,45.468908],[-73.558355,45.468889],[-73.558419,45.468863],[-73.558483,45.468835],[-73.558534,45.468817],[-73.558649,45.468745],[-73.558752,45.468709],[-73.558816,45.468682],[-73.558918,45.468628],[-73.558982,45.468583],[-73.55902,45.468502],[-73.55911,45.468475],[-73.559199,45.468448],[-73.55925,45.468385],[-73.55925,45.468331],[-73.559263,45.468286],[-73.559352,45.468223],[-73.559403,45.468187],[-73.559454,45.468133],[-73.55948,45.468088],[-73.559518,45.468043],[-73.559505,45.46798],[-73.559531,45.467881],[-73.559543,45.467791],[-73.559544,45.467746],[-73.559569,45.467683],[-73.559582,45.467638],[-73.559595,45.467593],[-73.559607,45.46753],[-73.559607,45.46744],[-73.559556,45.467395],[-73.559543,45.467377],[-73.55953,45.467359],[-73.559518,45.467341],[-73.559505,45.467323],[-73.559505,45.467287],[-73.559517,45.467251],[-73.55953,45.467233],[-73.559543,45.467215],[-73.559556,45.467197],[-73.559568,45.467179],[-73.559568,45.467152],[-73.559556,45.467098],[-73.55953,45.466999],[-73.55953,45.466981],[-73.55953,45.466954],[-73.559517,45.466936],[-73.559517,45.466909],[-73.55953,45.466891],[-73.559542,45.466783],[-73.559555,45.466693],[-73.559581,45.466594],[-73.559594,45.466558],[-73.559593,45.46654],[-73.559593,45.466513],[-73.559593,45.466486],[-73.559606,45.466459],[-73.559632,45.46636],[-73.559644,45.466234],[-73.55967,45.466135],[-73.559682,45.466027],[-73.559682,45.465928],[-73.559695,45.46591],[-73.559708,45.465802],[-73.55972,45.465703],[-73.55972,45.465595],[-73.55972,45.465478],[-73.559733,45.465433],[-73.559733,45.465415],[-73.559746,45.465379],[-73.559746,45.465361],[-73.559746,45.465262],[-73.559745,45.465154],[-73.559745,45.465055],[-73.559745,45.464956],[-73.559745,45.464848],[-73.559745,45.464732],[-73.559758,45.464713],[-73.559758,45.464695],[-73.559758,45.464588],[-73.559758,45.464489],[-73.55977,45.46439],[-73.559796,45.464299],[-73.559796,45.464282],[-73.559796,45.464173],[-73.559808,45.464156],[-73.559821,45.46412],[-73.559834,45.464084],[-73.559846,45.463948],[-73.559859,45.463841],[-73.559859,45.463733],[-73.559872,45.463697],[-73.559884,45.46358],[-73.559897,45.463481],[-73.559923,45.463391],[-73.559935,45.463373],[-73.559948,45.463337],[-73.559974,45.463256],[-73.560037,45.463076],[-73.560037,45.463013],[-73.560037,45.46295],[-73.560037,45.462878],[-73.56005,45.462815],[-73.56005,45.462725],[-73.56005,45.462653],[-73.56005,45.46259],[-73.560062,45.462509],[-73.560062,45.462455],[-73.560062,45.462392],[-73.560062,45.462329],[-73.560062,45.46223],[-73.560049,45.462176],[-73.560011,45.462086],[-73.560036,45.46196],[-73.560062,45.461924],[-73.560074,45.461852],[-73.560074,45.461789],[-73.560074,45.461672],[-73.560087,45.4616],[-73.560087,45.461546],[-73.5601,45.461492],[-73.5601,45.461411],[-73.560099,45.461348],[-73.560112,45.461258],[-73.560112,45.461204],[-73.560125,45.461141],[-73.560163,45.461087],[-73.560163,45.461033],[-73.560176,45.460988],[-73.560176,45.460925],[-73.560176,45.460844],[-73.560176,45.460772],[-73.560163,45.460655],[-73.560163,45.460574],[-73.560188,45.460511],[-73.560201,45.460439],[-73.560201,45.460367],[-73.560201,45.460313],[-73.560201,45.460214],[-73.5602,45.46016],[-73.560213,45.460106],[-73.560213,45.460052],[-73.560213,45.459971],[-73.560226,45.459908],[-73.560251,45.459863],[-73.560264,45.459809],[-73.560264,45.459746],[-73.560277,45.459647],[-73.560277,45.459566],[-73.560289,45.459494],[-73.560289,45.459431],[-73.560302,45.459386],[-73.560315,45.459332],[-73.56034,45.459251],[-73.560366,45.459197],[-73.560353,45.459152],[-73.560378,45.459107],[-73.560429,45.459044],[-73.560429,45.45899],[-73.560442,45.458927],[-73.560468,45.458873],[-73.560506,45.458792],[-73.560519,45.458711],[-73.560535,45.458673],[-73.560536,45.45867],[-73.560539,45.458664],[-73.560557,45.458621],[-73.560557,45.458567],[-73.560659,45.458459],[-73.56071,45.458378],[-73.560748,45.458324],[-73.560774,45.458252],[-73.560799,45.458207],[-73.560838,45.458153],[-73.560889,45.458099],[-73.560927,45.458054],[-73.560965,45.458009],[-73.561029,45.457928],[-73.56108,45.457874],[-73.561119,45.457811],[-73.561144,45.457739],[-73.561221,45.45764],[-73.561272,45.457595],[-73.561348,45.457505],[-73.561387,45.457442],[-73.561425,45.457388],[-73.561425,45.457343],[-73.561476,45.457262],[-73.561578,45.457154],[-73.561604,45.4571],[-73.561616,45.457055],[-73.561655,45.45701],[-73.561693,45.456965],[-73.561719,45.45692],[-73.56177,45.456839],[-73.561833,45.456758],[-73.561872,45.456704],[-73.561961,45.456605],[-73.562025,45.456515],[-73.562114,45.456434],[-73.562165,45.456371],[-73.562242,45.456263],[-73.562268,45.456199],[-73.562331,45.456145],[-73.56237,45.456101],[-73.562459,45.455983],[-73.562485,45.455929],[-73.56251,45.455876],[-73.562536,45.45583],[-73.562548,45.455777],[-73.562612,45.455677],[-73.562651,45.455623],[-73.562714,45.455524],[-73.562765,45.455461],[-73.562842,45.455371],[-73.562893,45.455308],[-73.562919,45.455254],[-73.562944,45.455191],[-73.56297,45.455128],[-73.562995,45.455083],[-73.563033,45.455038],[-73.563085,45.454984],[-73.563136,45.454939],[-73.563161,45.454912],[-73.563187,45.454876],[-73.563225,45.454813],[-73.563263,45.45475],[-73.563314,45.454696],[-73.563353,45.454642],[-73.563378,45.454606],[-73.563404,45.45457],[-73.56348,45.45448],[-73.563493,45.454462],[-73.563531,45.454408],[-73.563595,45.454309],[-73.563659,45.454228],[-73.56371,45.454156],[-73.563723,45.454138],[-73.563761,45.454084],[-73.563799,45.454021],[-73.563851,45.453958],[-73.563863,45.453904],[-73.563889,45.453841],[-73.563953,45.453724],[-73.563991,45.45367],[-73.564004,45.453607],[-73.564067,45.453517],[-73.564106,45.453436],[-73.564208,45.453328],[-73.564259,45.453247],[-73.564297,45.453202],[-73.564323,45.453139],[-73.564323,45.453085],[-73.564399,45.452986],[-73.564412,45.452959],[-73.564437,45.452905],[-73.564476,45.452824],[-73.564565,45.452743],[-73.564604,45.452707],[-73.564667,45.452635],[-73.564731,45.452572],[-73.564769,45.452518],[-73.564859,45.452392],[-73.564897,45.452338],[-73.56491,45.452284],[-73.564961,45.452212],[-73.564999,45.452131],[-73.56505,45.452059],[-73.565101,45.451996],[-73.565114,45.451951],[-73.565152,45.451897],[-73.565203,45.451798],[-73.565242,45.451762],[-73.56528,45.451645],[-73.565331,45.451609],[-73.565369,45.451519],[-73.565407,45.451447],[-73.565433,45.451402],[-73.565484,45.451321],[-73.565548,45.451258],[-73.565624,45.451185],[-73.565688,45.451132],[-73.565727,45.451069],[-73.565765,45.451032],[-73.565829,45.45096],[-73.565867,45.450906],[-73.565931,45.450816],[-73.565969,45.450762],[-73.566046,45.450636],[-73.566084,45.450582],[-73.566135,45.450537],[-73.566212,45.450456],[-73.566327,45.45033],[-73.566339,45.450267],[-73.56639,45.450168],[-73.566442,45.450105],[-73.56648,45.450078],[-73.566505,45.450033],[-73.566518,45.449979],[-73.566595,45.449916],[-73.566671,45.449844],[-73.56671,45.449799],[-73.566735,45.449727],[-73.566773,45.449682],[-73.566812,45.449628],[-73.566888,45.449565],[-73.566952,45.449502],[-73.567003,45.449439],[-73.567093,45.449367],[-73.567169,45.44934],[-73.567208,45.449295],[-73.567284,45.449223],[-73.567335,45.449178],[-73.567437,45.449133],[-73.567489,45.449088],[-73.567565,45.449016],[-73.567591,45.44898],[-73.567642,45.448935],[-73.567693,45.44889],[-73.567757,45.448845],[-73.567884,45.448728],[-73.567936,45.448682],[-73.567974,45.448592],[-73.568076,45.448512],[-73.568153,45.448439],[-73.568255,45.448331],[-73.568318,45.448277],[-73.56837,45.448232],[-73.568446,45.448169],[-73.568485,45.448124],[-73.56851,45.44807],[-73.568536,45.448016],[-73.568548,45.447953],[-73.568548,45.447908],[-73.568689,45.447854],[-73.568753,45.447827],[-73.568791,45.447791],[-73.568868,45.447728],[-73.568932,45.447674],[-73.56897,45.44762],[-73.568995,45.447593],[-73.569021,45.447557],[-73.569034,45.447503],[-73.569021,45.447476],[-73.568944,45.44744],[-73.568867,45.447404],[-73.568816,45.447368],[-73.568803,45.447323],[-73.56888,45.447305],[-73.568944,45.447296],[-73.569008,45.447269],[-73.569072,45.447215],[-73.56911,45.447199],[-73.569136,45.447188],[-73.569212,45.44717],[-73.569276,45.447143],[-73.569353,45.447089],[-73.569404,45.447044],[-73.569455,45.446999],[-73.569506,45.446954],[-73.569595,45.446891],[-73.569698,45.446801],[-73.569774,45.446738],[-73.569838,45.446684],[-73.569927,45.446612],[-73.569978,45.446558],[-73.570042,45.446504],[-73.570093,45.44645],[-73.570132,45.446396],[-73.570195,45.446333],[-73.570247,45.446306],[-73.570349,45.44627],[-73.570425,45.446198],[-73.570515,45.446161],[-73.570579,45.446125],[-73.570668,45.446035],[-73.570719,45.445999],[-73.570732,45.445927],[-73.570783,45.445873],[-73.570847,45.44581],[-73.570911,45.445765],[-73.570936,45.44572],[-73.571,45.445648],[-73.571089,45.445576],[-73.571179,45.445513],[-73.571243,45.445459],[-73.571281,45.445414],[-73.571409,45.445297],[-73.571485,45.445252],[-73.571536,45.445225],[-73.571613,45.445135],[-73.57169,45.445063],[-73.571741,45.445018],[-73.571766,45.444919],[-73.571817,45.444883],[-73.571855,45.444829],[-73.57197,45.444748],[-73.572034,45.444703],[-73.572085,45.444658],[-73.572124,45.444604],[-73.572175,45.444568],[-73.572264,45.444469],[-73.572341,45.444415],[-73.572405,45.444352],[-73.572455,45.444315],[-73.572532,45.444261],[-73.572583,45.444225],[-73.57266,45.44418],[-73.572737,45.444135],[-73.572826,45.444081],[-73.572903,45.444036],[-73.572928,45.443991],[-73.572992,45.443928],[-73.573132,45.443838],[-73.573135,45.443835],[-73.573171,45.443793],[-73.573299,45.443748],[-73.573465,45.443649],[-73.573541,45.443622],[-73.573631,45.443577],[-73.573682,45.443496],[-73.573784,45.443424],[-73.573809,45.443397],[-73.573873,45.443343],[-73.57395,45.443289],[-73.573988,45.443253],[-73.574001,45.443199],[-73.574039,45.443154],[-73.574129,45.443118],[-73.57418,45.443055],[-73.574256,45.442992],[-73.574307,45.442946],[-73.574358,45.442911],[-73.574448,45.442838],[-73.57455,45.442775],[-73.574627,45.442721],[-73.57469,45.442658],[-73.574742,45.442622],[-73.574805,45.442577],[-73.574857,45.442523],[-73.574907,45.442469],[-73.574997,45.442397],[-73.575048,45.442352],[-73.575086,45.442271],[-73.575112,45.442226],[-73.575137,45.44219],[-73.575201,45.442136],[-73.575278,45.442055],[-73.575342,45.441992],[-73.57538,45.441956],[-73.575405,45.441893],[-73.575469,45.441857],[-73.575546,45.441812],[-73.575635,45.441749],[-73.575686,45.441659],[-73.57575,45.441605],[-73.575814,45.441551],[-73.575903,45.441488],[-73.575993,45.441452],[-73.576056,45.441398],[-73.57612,45.441335],[-73.57621,45.441254],[-73.576261,45.441208],[-73.576337,45.441163],[-73.576414,45.441136],[-73.576503,45.441091],[-73.576567,45.441073],[-73.576644,45.441055],[-73.576695,45.441019],[-73.576746,45.440983],[-73.57681,45.440902],[-73.576861,45.440857],[-73.576951,45.440776],[-73.577001,45.44074],[-73.577091,45.440686],[-73.57718,45.440641],[-73.577257,45.440578],[-73.577295,45.440542],[-73.577346,45.440497],[-73.57741,45.440425],[-73.577448,45.440371],[-73.577525,45.440317],[-73.577627,45.440245],[-73.577691,45.440191],[-73.577755,45.440137],[-73.577806,45.440101],[-73.577883,45.440047],[-73.577959,45.440002],[-73.577985,45.439965],[-73.578036,45.439911],[-73.578074,45.439876],[-73.578151,45.439812],[-73.57824,45.43974],[-73.578304,45.439659],[-73.578393,45.43956],[-73.578457,45.439506],[-73.578521,45.439434],[-73.578559,45.439371],[-73.578585,45.439326],[-73.578687,45.439299],[-73.578751,45.439272],[-73.578802,45.439218],[-73.578878,45.439173],[-73.578929,45.439119],[-73.578993,45.439074],[-73.579057,45.439038],[-73.579083,45.439002],[-73.579147,45.438939],[-73.579223,45.438912],[-73.579236,45.438813],[-73.579239,45.438808],[-73.579287,45.43875],[-73.579363,45.438696],[-73.579427,45.438669],[-73.579542,45.438624],[-73.579632,45.438579],[-73.579695,45.438534],[-73.579721,45.43848],[-73.579759,45.438444],[-73.579798,45.43838],[-73.579798,45.438282],[-73.579976,45.4382],[-73.580066,45.438146],[-73.580155,45.438065],[-73.58027,45.43802],[-73.580321,45.437966],[-73.580385,45.437921],[-73.580462,45.437849],[-73.5805,45.437786],[-73.580627,45.437705],[-73.58073,45.437597],[-73.580806,45.437525],[-73.580921,45.437417],[-73.580972,45.437381],[-73.581087,45.437318],[-73.581138,45.437282],[-73.581176,45.437237],[-73.581291,45.437165],[-73.581342,45.437111],[-73.581381,45.437075],[-73.581483,45.437003],[-73.581547,45.436967],[-73.581636,45.436913],[-73.5817,45.436858],[-73.581738,45.436813],[-73.581789,45.436759],[-73.581815,45.436714],[-73.58184,45.436687],[-73.581853,45.436642],[-73.581815,45.436588],[-73.581891,45.436561],[-73.581968,45.436552],[-73.582032,45.436525],[-73.582096,45.436489],[-73.582147,45.436435],[-73.582236,45.436354],[-73.582274,45.436309],[-73.582364,45.436237],[-73.58244,45.436183],[-73.582517,45.43612],[-73.582581,45.436066],[-73.58267,45.435985],[-73.582721,45.43594],[-73.582836,45.43585],[-73.582887,45.435796],[-73.58304,45.43567],[-73.583117,45.435616],[-73.58313,45.435589],[-73.583232,45.435499],[-73.583359,45.4354],[-73.583423,45.435345],[-73.583487,45.435282],[-73.583615,45.435165],[-73.583691,45.435102],[-73.583742,45.435066],[-73.583763,45.435044],[-73.583826,45.435053],[-73.585947,45.435347],[-73.587495,45.435593],[-73.590724,45.436107],[-73.597805,45.437232],[-73.598434,45.437312],[-73.598475,45.43732],[-73.597973,45.437917],[-73.595893,45.440411],[-73.595876,45.440433],[-73.595715,45.440636],[-73.595604,45.440754],[-73.595352,45.441022],[-73.594758,45.441654],[-73.593367,45.443292],[-73.593099,45.443608],[-73.593048,45.443671],[-73.592449,45.444319],[-73.591555,45.445265],[-73.590989,45.445874],[-73.590751,45.446129],[-73.590419,45.446462],[-73.590255,45.446659],[-73.590254,45.44666],[-73.590024,45.446922],[-73.589488,45.44748],[-73.589446,45.447525],[-73.589016,45.447984],[-73.588684,45.448308],[-73.58825,45.448741],[-73.587943,45.449035],[-73.587892,45.449083],[-73.587561,45.449425],[-73.587241,45.44974],[-73.586922,45.450037],[-73.58659,45.450317],[-73.586245,45.450605],[-73.585824,45.450911],[-73.585351,45.451226],[-73.584828,45.451587],[-73.58424,45.451983],[-73.583768,45.452343],[-73.583359,45.45265],[-73.583002,45.452974],[-73.582887,45.453082],[-73.582884,45.453085],[-73.582785,45.453181],[-73.58244,45.453532],[-73.582083,45.453937],[-73.581814,45.454244],[-73.581508,45.454667],[-73.581285,45.454974],[-73.581253,45.455018],[-73.581011,45.455414],[-73.580781,45.455792],[-73.580577,45.456242],[-73.580412,45.456602],[-73.580297,45.456908],[-73.580262,45.456999],[-73.580259,45.457007],[-73.580169,45.457277],[-73.580068,45.457646],[-73.579966,45.458051],[-73.579928,45.458483],[-73.579852,45.45896],[-73.579827,45.459419],[-73.579818,45.459784],[-73.579815,45.459887],[-73.579828,45.460247],[-73.57988,45.460616],[-73.579932,45.461012],[-73.579984,45.461372],[-73.580061,45.461902],[-73.580112,45.462181],[-73.580215,45.46237],[-73.580227,45.462487],[-73.580228,45.462496],[-73.580228,45.46255],[-73.580203,45.462622],[-73.580203,45.462694],[-73.580203,45.463036],[-73.580242,45.463374],[-73.580242,45.463378],[-73.580255,45.463567],[-73.580256,45.463909],[-73.580205,45.464341],[-73.580155,45.464773],[-73.580104,45.465151],[-73.580053,45.465466],[-73.579964,45.465898],[-73.579837,45.466267],[-73.579756,45.466532],[-73.579735,45.4666],[-73.579582,45.467014],[-73.579315,45.467653],[-73.579136,45.468022],[-73.578958,45.468373],[-73.578575,45.469057],[-73.578332,45.469426],[-73.578039,45.469868],[-73.578001,45.469985],[-73.577988,45.470083],[-73.57795,45.470174],[-73.577911,45.470147],[-73.577835,45.470183],[-73.577669,45.470318],[-73.57749,45.470552],[-73.577567,45.470597],[-73.577528,45.470642],[-73.577426,45.470615],[-73.577209,45.470885],[-73.577222,45.47093],[-73.577183,45.470984],[-73.577222,45.471011],[-73.577209,45.471038],[-73.577158,45.471038],[-73.57712,45.471038],[-73.576979,45.471164],[-73.576928,45.471191],[-73.57657,45.471506],[-73.576366,45.471722],[-73.576046,45.471948],[-73.575714,45.4722],[-73.575382,45.472461],[-73.575024,45.472722],[-73.574667,45.472974],[-73.575204,45.473262],[-73.575651,45.472893],[-73.576047,45.472595],[-73.576367,45.472325],[-73.576648,45.472019],[-73.576967,45.471677],[-73.577248,45.47138],[-73.577516,45.471101],[-73.577772,45.470822],[-73.578027,45.470552],[-73.578282,45.470272],[-73.578499,45.469984],[-73.578704,45.46975],[-73.578908,45.469444],[-73.579061,45.469174],[-73.579137,45.469084],[-73.579252,45.468913],[-73.579367,45.468616],[-73.579457,45.468535],[-73.579508,45.468445],[-73.579546,45.468364],[-73.579597,45.468211],[-73.579711,45.46795],[-73.579839,45.467626],[-73.579874,45.467531],[-73.579889,45.467492],[-73.580175,45.466779],[-73.580262,45.466561],[-73.58024,45.466559],[-73.580476,45.465933],[-73.580565,45.465511],[-73.58059,45.465169],[-73.580628,45.464674],[-73.580665,45.46435],[-73.580691,45.464026],[-73.580729,45.46381],[-73.580754,45.463567],[-73.58069,45.463486],[-73.58069,45.463401],[-73.58069,45.463396],[-73.580677,45.463306],[-73.580779,45.463171],[-73.580804,45.462685],[-73.580778,45.462613],[-73.580743,45.462507],[-73.58074,45.462496],[-73.580752,45.462397],[-73.580778,45.462271],[-73.580687,45.461911],[-73.580572,45.461416],[-73.580481,45.460921],[-73.580391,45.460391],[-73.580404,45.459977],[-73.580403,45.459799],[-73.580403,45.459437],[-73.580415,45.459131],[-73.580453,45.458717],[-73.580503,45.458213],[-73.580618,45.457745],[-73.58072,45.457403],[-73.580783,45.457088],[-73.580808,45.457016],[-73.580813,45.457005],[-73.58091,45.456791],[-73.581114,45.456314],[-73.581458,45.455648],[-73.581765,45.455143],[-73.5818,45.455099],[-73.582186,45.454603],[-73.582505,45.45418],[-73.582747,45.453901],[-73.583054,45.453541],[-73.583284,45.453334],[-73.583449,45.453244],[-73.583457,45.453234],[-73.583552,45.453126],[-73.583896,45.452829],[-73.58442,45.452433],[-73.584956,45.452055],[-73.585518,45.451694],[-73.58594,45.451406],[-73.586387,45.451073],[-73.58677,45.450766],[-73.587191,45.450415],[-73.587574,45.450091],[-73.588008,45.449677],[-73.588544,45.4491],[-73.588823,45.448831],[-73.588889,45.448767],[-73.588939,45.448719],[-73.589349,45.448326],[-73.58977,45.447903],[-73.590114,45.447542],[-73.590459,45.447173],[-73.590663,45.446975],[-73.59074,45.446903],[-73.590749,45.446897],[-73.590829,45.44684],[-73.590957,45.446678],[-73.591403,45.446201],[-73.591916,45.445698],[-73.591927,45.445687],[-73.592386,45.44521],[-73.592782,45.444805],[-73.59333,45.444246],[-73.593614,45.443935],[-73.593675,45.443868],[-73.593854,45.443688],[-73.594977,45.442436],[-73.595923,45.441316],[-73.596163,45.441032],[-73.596418,45.440754],[-73.596444,45.440725],[-73.596469,45.440695],[-73.598804,45.437943],[-73.599205,45.437473],[-73.599374,45.437512],[-73.599584,45.437545],[-73.600115,45.437428],[-73.600968,45.437392],[-73.603687,45.437944],[-73.60844,45.438909],[-73.611261,45.439353],[-73.611947,45.439489],[-73.611732,45.440431],[-73.611034,45.442081],[-73.610736,45.44256],[-73.610425,45.443059],[-73.610124,45.443529],[-73.609156,45.444419],[-73.607632,45.44582],[-73.606304,45.447015],[-73.606173,45.447133],[-73.605146,45.448204],[-73.604871,45.449086],[-73.604942,45.449408],[-73.605241,45.450331],[-73.605368,45.450687],[-73.605568,45.45127],[-73.605702,45.45158],[-73.605837,45.451772],[-73.605897,45.451805],[-73.606,45.451863],[-73.606829,45.454208],[-73.607015,45.454469],[-73.607264,45.45463],[-73.613244,45.457434],[-73.613443,45.457472]]],[[[-73.595734,45.46529],[-73.595996,45.465133],[-73.596076,45.465085],[-73.597366,45.464256],[-73.598171,45.463769],[-73.598388,45.463655],[-73.59927,45.463192],[-73.600573,45.462597],[-73.601991,45.461993],[-73.603,45.461533],[-73.604393,45.461019],[-73.606775,45.460237],[-73.606949,45.46018],[-73.610195,45.459115],[-73.611345,45.458754],[-73.611345,45.458691],[-73.61137,45.458646],[-73.611319,45.458664],[-73.611243,45.458682],[-73.611204,45.458682],[-73.611204,45.458664],[-73.611204,45.458637],[-73.611242,45.458601],[-73.611319,45.458538],[-73.611409,45.458493],[-73.611524,45.458475],[-73.611703,45.458447],[-73.611856,45.45842],[-73.611984,45.458357],[-73.61215,45.45833],[-73.612188,45.458294],[-73.612252,45.458276],[-73.612431,45.458231],[-73.612572,45.458204],[-73.612738,45.45815],[-73.612891,45.458113],[-73.613044,45.458095],[-73.613159,45.45805],[-73.613274,45.458005],[-73.613338,45.45796],[-73.61344,45.45787],[-73.613568,45.457825],[-73.613683,45.457789],[-73.613811,45.457788],[-73.613965,45.457806],[-73.615076,45.457328],[-73.615127,45.457238],[-73.615191,45.457166],[-73.615306,45.457076],[-73.61551,45.457013],[-73.615625,45.456977],[-73.615715,45.456968],[-73.615791,45.457004],[-73.615817,45.456995],[-73.617707,45.456165],[-73.619074,45.455561],[-73.620147,45.455101],[-73.621041,45.454668],[-73.621705,45.454289],[-73.622395,45.453856],[-73.62325,45.453252],[-73.623384,45.453159],[-73.624361,45.452477],[-73.625096,45.451955],[-73.626212,45.451162],[-73.626761,45.450756],[-73.627335,45.450225],[-73.62787,45.449648],[-73.628521,45.448963],[-73.629238,45.448345],[-73.629398,45.448415],[-73.631144,45.449134],[-73.632131,45.44954],[-73.6325,45.4497],[-73.632576,45.449729],[-73.633368,45.450034],[-73.633444,45.450063],[-73.634996,45.450661],[-73.635084,45.450695],[-73.634634,45.45131],[-73.634463,45.451241],[-73.634404,45.451229],[-73.634301,45.451207],[-73.634188,45.451213],[-73.633982,45.451238],[-73.631713,45.452418],[-73.631211,45.452706],[-73.630824,45.453016],[-73.628999,45.454696],[-73.628498,45.455144],[-73.628113,45.455481],[-73.62116,45.46031],[-73.618792,45.461458],[-73.61628,45.462389],[-73.613808,45.463352],[-73.613783,45.463362],[-73.612496,45.463898],[-73.609921,45.465053],[-73.607477,45.466249],[-73.603922,45.468168],[-73.602715,45.468938],[-73.602574,45.469051],[-73.602445,45.469156],[-73.602366,45.46922],[-73.601767,45.469704],[-73.601571,45.469864],[-73.601431,45.469977],[-73.601156,45.470199],[-73.599817,45.471421],[-73.599397,45.471724],[-73.598955,45.471946],[-73.598699,45.472074],[-73.596671,45.473164],[-73.596605,45.473199],[-73.596522,45.473175],[-73.596493,45.473177],[-73.596433,45.473312],[-73.596429,45.473322],[-73.595924,45.474483],[-73.595813,45.474739],[-73.595765,45.474849],[-73.595544,45.475011],[-73.594754,45.475589],[-73.593829,45.47736],[-73.592382,45.478411],[-73.590795,45.47959],[-73.588631,45.481078],[-73.588512,45.48116],[-73.588406,45.481232],[-73.588285,45.481316],[-73.587938,45.481555],[-73.587855,45.481611],[-73.587755,45.48168],[-73.587765,45.481679],[-73.587725,45.481701],[-73.586439,45.482516],[-73.586118,45.482719],[-73.585572,45.48248],[-73.58528,45.482334],[-73.585124,45.482232],[-73.584581,45.482765],[-73.584273,45.483066],[-73.583985,45.483266],[-73.5833,45.483741],[-73.583089,45.483888],[-73.582393,45.484371],[-73.581699,45.484853],[-73.581467,45.485014],[-73.58072,45.485533],[-73.580644,45.485585],[-73.580593,45.485633],[-73.580972,45.486128],[-73.581025,45.486198],[-73.581111,45.486311],[-73.580359,45.486786],[-73.579969,45.48704],[-73.579954,45.487049],[-73.579201,45.48756],[-73.578863,45.487797],[-73.57828,45.488218],[-73.577609,45.488722],[-73.577175,45.489063],[-73.577067,45.489147],[-73.575461,45.490408],[-73.575361,45.490485],[-73.575117,45.490676],[-73.574763,45.490951],[-73.574148,45.49146],[-73.574123,45.491479],[-73.573131,45.492246],[-73.57289,45.492429],[-73.572678,45.492583],[-73.572563,45.492662],[-73.572407,45.492591],[-73.572284,45.492534],[-73.571747,45.492272],[-73.569968,45.491424],[-73.56776,45.490382],[-73.567191,45.490098],[-73.566493,45.490897],[-73.566082,45.491391],[-73.565383,45.492205],[-73.564762,45.492947],[-73.564197,45.49366],[-73.563751,45.494299],[-73.562987,45.495417],[-73.562701,45.495919],[-73.562646,45.496027],[-73.562481,45.496317],[-73.562367,45.49648],[-73.562273,45.496658],[-73.562038,45.497108],[-73.561538,45.498006],[-73.561479,45.498125],[-73.561458,45.498168],[-73.561417,45.498249],[-73.561384,45.498316],[-73.561361,45.498363],[-73.559756,45.497576],[-73.559453,45.497446],[-73.558875,45.497224],[-73.558096,45.496924],[-73.557887,45.496843],[-73.557378,45.496671],[-73.556846,45.496489],[-73.556055,45.496179],[-73.555697,45.496002],[-73.555522,45.495887],[-73.555126,45.495631],[-73.554776,45.495311],[-73.554495,45.494961],[-73.554449,45.494868],[-73.554272,45.494511],[-73.553989,45.493953],[-73.55366,45.493165],[-73.553579,45.492972],[-73.55351,45.492832],[-73.553698,45.492719],[-73.553791,45.492663],[-73.554337,45.492333],[-73.554388,45.492359],[-73.554273,45.492998],[-73.554644,45.492989],[-73.554835,45.492008],[-73.555334,45.491729],[-73.555385,45.491756],[-73.555182,45.492944],[-73.555553,45.492944],[-73.555845,45.491432],[-73.556076,45.491261],[-73.556152,45.491162],[-73.556216,45.491189],[-73.556766,45.490864],[-73.557101,45.490692],[-73.557436,45.490521],[-73.557521,45.490477],[-73.559426,45.489504],[-73.559439,45.489486],[-73.559451,45.489468],[-73.559464,45.48945],[-73.55949,45.489441],[-73.559515,45.489432],[-73.559541,45.489405],[-73.559566,45.489387],[-73.559592,45.489378],[-73.559618,45.489369],[-73.559643,45.48936],[-73.559669,45.489333],[-73.559707,45.489315],[-73.559733,45.489315],[-73.559771,45.489306],[-73.559797,45.489297],[-73.559835,45.489279],[-73.55986,45.48927],[-73.560027,45.489225],[-73.560103,45.489189],[-73.560385,45.489009],[-73.560461,45.488928],[-73.560577,45.488865],[-73.560717,45.488775],[-73.560896,45.488721],[-73.561805,45.48815],[-73.562072,45.487982],[-73.562187,45.487874],[-73.562303,45.487811],[-73.562443,45.487766],[-73.563172,45.487325],[-73.563172,45.487307],[-73.563159,45.487289],[-73.563172,45.487271],[-73.563197,45.487262],[-73.563223,45.487253],[-73.563261,45.487253],[-73.5633,45.487235],[-73.563325,45.487208],[-73.563351,45.487199],[-73.563479,45.487172],[-73.563607,45.487145],[-73.563632,45.487135],[-73.563671,45.487135],[-73.563696,45.487136],[-73.56376,45.487126],[-73.564502,45.486919],[-73.565691,45.486783],[-73.56573,45.486783],[-73.565781,45.486774],[-73.56587,45.486747],[-73.565998,45.48672],[-73.566075,45.486711],[-73.566216,45.486702],[-73.56628,45.486684],[-73.566318,45.486666],[-73.566344,45.486648],[-73.566369,45.486612],[-73.566344,45.486558],[-73.566216,45.486513],[-73.566024,45.486558],[-73.565922,45.486612],[-73.565806,45.486657],[-73.56573,45.486667],[-73.565512,45.486694],[-73.565333,45.486712],[-73.56518,45.486739],[-73.565141,45.486739],[-73.56486,45.486757],[-73.564796,45.486766],[-73.564706,45.486775],[-73.564655,45.486784],[-73.564527,45.486775],[-73.564476,45.486775],[-73.564182,45.486811],[-73.564118,45.48682],[-73.56408,45.486829],[-73.564054,45.486838],[-73.564028,45.486865],[-73.564016,45.486883],[-73.56399,45.486892],[-73.563964,45.486892],[-73.563939,45.486902],[-73.563913,45.486902],[-73.563862,45.486892],[-73.563849,45.486875],[-73.563849,45.486847],[-73.563862,45.486829],[-73.565051,45.486163],[-73.565128,45.486109],[-73.566288,45.485417],[-73.566291,45.485415],[-73.56638,45.485361],[-73.566867,45.485208],[-73.567915,45.484523],[-73.568375,45.484199],[-73.568464,45.484163],[-73.568464,45.484082],[-73.568822,45.483785],[-73.568975,45.483731],[-73.569014,45.483659],[-73.569167,45.483506],[-73.569389,45.483343],[-73.569461,45.48329],[-73.569678,45.483173],[-73.570637,45.482398],[-73.571723,45.481525],[-73.571812,45.481462],[-73.571876,45.481399],[-73.572375,45.480975],[-73.572554,45.480813],[-73.572924,45.480525],[-73.572966,45.480518],[-73.572975,45.480516],[-73.573358,45.480174],[-73.573755,45.47985],[-73.574304,45.479399],[-73.574815,45.478985],[-73.575026,45.478814],[-73.575071,45.478778],[-73.575186,45.478652],[-73.575428,45.478472],[-73.575888,45.478076],[-73.576079,45.477924],[-73.576093,45.477913],[-73.576156,45.477861],[-73.576169,45.477851],[-73.57654,45.477544],[-73.576655,45.477454],[-73.577319,45.476878],[-73.577843,45.476347],[-73.577907,45.476284],[-73.577926,45.476265],[-73.577945,45.476248],[-73.578111,45.476058],[-73.578494,45.475635],[-73.57889,45.47523],[-73.57935,45.474735],[-73.579874,45.474168],[-73.581144,45.472777],[-73.581585,45.472295],[-73.58179,45.47233],[-73.582441,45.47161],[-73.582683,45.471331],[-73.582964,45.471088],[-73.583271,45.470809],[-73.583539,45.470593],[-73.583859,45.470376],[-73.584191,45.470133],[-73.584549,45.469908],[-73.58483,45.469719],[-73.5852,45.469494],[-73.585558,45.469295],[-73.586031,45.469052],[-73.586555,45.468791],[-73.587015,45.468565],[-73.587449,45.468358],[-73.587508,45.468332],[-73.58763,45.468277],[-73.587871,45.468169],[-73.588484,45.467925],[-73.589353,45.467583],[-73.589839,45.467393],[-73.590184,45.467258],[-73.590299,45.467213],[-73.590376,45.467159],[-73.590478,45.467114],[-73.590708,45.46706],[-73.591718,45.466816],[-73.591808,45.466789],[-73.592038,45.466771],[-73.592217,45.466761],[-73.592383,45.466725],[-73.5926,45.46668],[-73.592817,45.466608],[-73.593035,45.466554],[-73.593252,45.466464],[-73.593508,45.466382],[-73.594811,45.465832],[-73.595297,45.465553],[-73.59548,45.465443],[-73.595562,45.465393],[-73.595671,45.465328],[-73.595734,45.46529]]],[[[-73.591283,45.466753],[-73.590631,45.466889],[-73.590465,45.466943],[-73.59035,45.466925],[-73.590324,45.466889],[-73.590401,45.466835],[-73.590721,45.466754],[-73.5909,45.466718],[-73.591603,45.466546],[-73.591756,45.466519],[-73.59182,45.466528],[-73.591845,45.466573],[-73.591846,45.4666],[-73.591794,45.466636],[-73.591641,45.466663],[-73.591283,45.466753]]],[[[-73.5807,45.435059],[-73.580636,45.435033],[-73.580572,45.435006],[-73.580508,45.434988],[-73.58047,45.434952],[-73.58056,45.434889],[-73.580636,45.434889],[-73.580687,45.434853],[-73.580738,45.434816],[-73.580802,45.434781],[-73.580866,45.434789],[-73.58079,45.434843],[-73.580738,45.434906],[-73.580726,45.434961],[-73.580726,45.435014],[-73.5807,45.435059]]],[[[-73.566351,45.48514],[-73.566368,45.485163],[-73.566329,45.485208],[-73.566154,45.485311],[-73.565,45.485992],[-73.564974,45.48601],[-73.564905,45.486016],[-73.564872,45.486019],[-73.564846,45.485974],[-73.564884,45.485929],[-73.565268,45.485695],[-73.566043,45.485223],[-73.566214,45.485119],[-73.566342,45.485127],[-73.566351,45.48514]]],[[[-73.559107,45.4413],[-73.559017,45.4413],[-73.559017,45.441237],[-73.55903,45.441192],[-73.559094,45.441156],[-73.559158,45.441138],[-73.559196,45.441183],[-73.559222,45.441228],[-73.559234,45.441273],[-73.559183,45.441309],[-73.559107,45.4413]]],[[[-73.555947,45.491027],[-73.555896,45.491018],[-73.555896,45.490973],[-73.555909,45.490946],[-73.556433,45.49064],[-73.5572,45.490234],[-73.557252,45.490306],[-73.556817,45.490586],[-73.556063,45.490991],[-73.555999,45.491018],[-73.555947,45.491027]]],[[[-73.555883,45.439016],[-73.555679,45.439034],[-73.555564,45.439034],[-73.555512,45.43898],[-73.555525,45.438926],[-73.555589,45.438908],[-73.555653,45.43889],[-73.555653,45.438818],[-73.555717,45.438782],[-73.555781,45.438746],[-73.55587,45.438746],[-73.555947,45.4388],[-73.555921,45.438863],[-73.555909,45.438908],[-73.555896,45.438953],[-73.555883,45.439016]]],[[[-73.535321,45.48659],[-73.535436,45.486572],[-73.535487,45.486635],[-73.535487,45.486689],[-73.535359,45.486707],[-73.535334,45.486662],[-73.535321,45.48659]]],[[[-73.52968,45.487356],[-73.529808,45.487338],[-73.529846,45.487392],[-73.529833,45.487446],[-73.529718,45.487464],[-73.529693,45.487428],[-73.52968,45.487356]]]]}},{"type":"Feature","properties":{"sector_id":"5"},"geometry":{"type":"Polygon","coordinates":[[[-73.673893,45.497078],[-73.673909,45.497016],[-73.67392,45.496972],[-73.673963,45.49694],[-73.674071,45.496865],[-73.674382,45.496647],[-73.674847,45.496337],[-73.675425,45.495963],[-73.67645,45.495174],[-73.676885,45.494831],[-73.677407,45.494404],[-73.677517,45.494325],[-73.677897,45.494039],[-73.678116,45.493871],[-73.678794,45.493356],[-73.679111,45.493107],[-73.679529,45.492798],[-73.680079,45.492325],[-73.680496,45.491993],[-73.681494,45.49126],[-73.681838,45.491089],[-73.681915,45.491048],[-73.681991,45.49101],[-73.682202,45.490907],[-73.682289,45.49087],[-73.682405,45.49082],[-73.682563,45.490753],[-73.682938,45.49062],[-73.683074,45.490574],[-73.68348,45.490436],[-73.684454,45.490108],[-73.684707,45.490023],[-73.68489,45.489961],[-73.684892,45.489961],[-73.685223,45.48985],[-73.685492,45.48976],[-73.685493,45.48976],[-73.685591,45.489727],[-73.685831,45.489644],[-73.686045,45.489565],[-73.686197,45.489507],[-73.686042,45.489445],[-73.683449,45.487997],[-73.678959,45.484997],[-73.678271,45.484536],[-73.677783,45.484259],[-73.67739,45.483947],[-73.677285,45.483863],[-73.67747,45.483175],[-73.677838,45.481925],[-73.677897,45.481724],[-73.677937,45.481603],[-73.677981,45.481474],[-73.678072,45.481202],[-73.678351,45.480178],[-73.678453,45.479809],[-73.678932,45.478047],[-73.678963,45.477934],[-73.678963,45.477932],[-73.679493,45.475914],[-73.680106,45.473583],[-73.681209,45.46955],[-73.681327,45.469122],[-73.681571,45.468246],[-73.681592,45.468147],[-73.681788,45.467631],[-73.681824,45.467518],[-73.68205,45.466968],[-73.682299,45.466391],[-73.682423,45.466137],[-73.682677,45.465639],[-73.682943,45.465157],[-73.683147,45.464819],[-73.683252,45.464881],[-73.683315,45.46492],[-73.683389,45.464967],[-73.683515,45.465047],[-73.683571,45.465082],[-73.683585,45.465091],[-73.68368,45.465151],[-73.683871,45.465272],[-73.683887,45.465282],[-73.684688,45.465775],[-73.684818,45.465856],[-73.684892,45.465901],[-73.686097,45.466644],[-73.686504,45.466905],[-73.686855,45.467082],[-73.686871,45.467091],[-73.686954,45.467132],[-73.687003,45.467157],[-73.687078,45.467195],[-73.687083,45.467198],[-73.687162,45.467248],[-73.687232,45.467292],[-73.687295,45.467331],[-73.687388,45.46739],[-73.687443,45.467424],[-73.687521,45.467473],[-73.687689,45.467579],[-73.688007,45.467779],[-73.688055,45.467809],[-73.68812,45.46785],[-73.688169,45.467881],[-73.688232,45.467921],[-73.688297,45.467961],[-73.688375,45.468011],[-73.688428,45.468044],[-73.688495,45.468086],[-73.688549,45.46812],[-73.688589,45.468145],[-73.688651,45.468184],[-73.688725,45.468231],[-73.688778,45.468264],[-73.688827,45.468295],[-73.6889,45.468341],[-73.688969,45.468384],[-73.689042,45.46843],[-73.6891,45.468467],[-73.689147,45.468496],[-73.689179,45.468517],[-73.689244,45.468557],[-73.689268,45.46857],[-73.689327,45.468602],[-73.689403,45.468643],[-73.68947,45.46868],[-73.689541,45.468719],[-73.6896,45.468751],[-73.689604,45.468753],[-73.689693,45.468801],[-73.689735,45.468824],[-73.689792,45.468855],[-73.689835,45.468878],[-73.689883,45.468904],[-73.689918,45.468923],[-73.689925,45.468927],[-73.689953,45.468945],[-73.690019,45.468987],[-73.690322,45.469181],[-73.690505,45.469298],[-73.690542,45.469321],[-73.690559,45.469332],[-73.690572,45.469341],[-73.69064,45.469384],[-73.690682,45.469411],[-73.690722,45.469436],[-73.690751,45.469453],[-73.690847,45.469508],[-73.690916,45.469547],[-73.691028,45.469612],[-73.691089,45.469647],[-73.691193,45.469706],[-73.691276,45.469754],[-73.691306,45.469772],[-73.691418,45.469841],[-73.691507,45.469889],[-73.691572,45.469923],[-73.691623,45.46995],[-73.691679,45.46998],[-73.691971,45.470135],[-73.69204,45.470172],[-73.692257,45.470303],[-73.692312,45.470336],[-73.692344,45.470356],[-73.69236,45.470276],[-73.6924,45.470074],[-73.692436,45.469897],[-73.692469,45.469732],[-73.692515,45.469507],[-73.692569,45.469238],[-73.692864,45.467773],[-73.692914,45.467523],[-73.692955,45.467322],[-73.693006,45.467067],[-73.693308,45.465568],[-73.693552,45.464361],[-73.693653,45.463857],[-73.693675,45.463747],[-73.693968,45.46395],[-73.695552,45.465044],[-73.696186,45.465483],[-73.696578,45.465754],[-73.696703,45.465841],[-73.699254,45.467604],[-73.702097,45.46955],[-73.703745,45.470613],[-73.704138,45.470812],[-73.704763,45.471086],[-73.70508,45.471241],[-73.705856,45.471612],[-73.708163,45.473081],[-73.708268,45.473148],[-73.708361,45.473207],[-73.708472,45.473277],[-73.710859,45.474797],[-73.712744,45.475971],[-73.713021,45.476145],[-73.720303,45.480599],[-73.720809,45.480803],[-73.72166,45.481168],[-73.722262,45.481431],[-73.722774,45.481661],[-73.723453,45.481983],[-73.723331,45.482085],[-73.723362,45.482101],[-73.723373,45.482106],[-73.723421,45.482128],[-73.723541,45.482024],[-73.724046,45.481922],[-73.725268,45.480893],[-73.731604,45.475842],[-73.740802,45.468417],[-73.750202,45.461208],[-73.757965,45.466078],[-73.76215,45.46859],[-73.762226,45.46867],[-73.766658,45.473305],[-73.768249,45.475054],[-73.766201,45.476932],[-73.771733,45.480388],[-73.772238,45.480703],[-73.772923,45.481239],[-73.77372,45.482011],[-73.773857,45.482136],[-73.77372,45.482187],[-73.773581,45.482225],[-73.773459,45.48225],[-73.773319,45.482277],[-73.773204,45.482294],[-73.77301,45.482316],[-73.772842,45.482342],[-73.772571,45.48241],[-73.772461,45.482454],[-73.772303,45.482519],[-73.771933,45.482699],[-73.770873,45.483215],[-73.768118,45.484543],[-73.767975,45.484612],[-73.767808,45.484907],[-73.767193,45.485987],[-73.767163,45.48604],[-73.767112,45.486059],[-73.76701,45.486098],[-73.766439,45.486219],[-73.766413,45.486317],[-73.765966,45.48645],[-73.76599,45.486666],[-73.765951,45.486762],[-73.765727,45.486811],[-73.765767,45.486952],[-73.765618,45.487026],[-73.765541,45.487117],[-73.765615,45.48719],[-73.765652,45.487276],[-73.765845,45.487304],[-73.766016,45.487316],[-73.766234,45.487296],[-73.76646,45.487257],[-73.766577,45.487293],[-73.766423,45.487532],[-73.766464,45.487663],[-73.766769,45.488707],[-73.766578,45.488831],[-73.766345,45.48895],[-73.7664,45.489132],[-73.766404,45.489141],[-73.766507,45.489401],[-73.766156,45.489593],[-73.766148,45.489601],[-73.766138,45.489611],[-73.765967,45.489791],[-73.765958,45.489801],[-73.765779,45.489989],[-73.76577,45.489999],[-73.764967,45.490848],[-73.764861,45.490961],[-73.764926,45.491042],[-73.765305,45.49153],[-73.766598,45.493003],[-73.767924,45.494512],[-73.770324,45.495862],[-73.773404,45.497594],[-73.77291,45.497732],[-73.770815,45.499162],[-73.771755,45.499837],[-73.77202,45.500028],[-73.770378,45.501115],[-73.77155,45.501948],[-73.772306,45.502368],[-73.772642,45.502577],[-73.77188,45.502991],[-73.771671,45.503104],[-73.77062,45.503223],[-73.76833,45.503507],[-73.768232,45.503429],[-73.76652,45.502083],[-73.765391,45.503001],[-73.764388,45.502387],[-73.763824,45.502762],[-73.760603,45.50089],[-73.759039,45.502092],[-73.758031,45.501359],[-73.756177,45.502685],[-73.755937,45.50271],[-73.755747,45.502751],[-73.755703,45.50291],[-73.754996,45.503239],[-73.75384,45.503208],[-73.752202,45.504083],[-73.753484,45.504942],[-73.753536,45.504974],[-73.755586,45.506342],[-73.755683,45.506406],[-73.754267,45.506928],[-73.754094,45.506992],[-73.753897,45.507064],[-73.753235,45.507304],[-73.752351,45.507625],[-73.749962,45.508494],[-73.748889,45.508874],[-73.74888,45.508877],[-73.748487,45.509019],[-73.746397,45.509773],[-73.743574,45.510791],[-73.743063,45.510975],[-73.736186,45.513455],[-73.733869,45.514283],[-73.728921,45.516052],[-73.729076,45.516146],[-73.729208,45.516226],[-73.729326,45.516305],[-73.73594,45.520771],[-73.733748,45.522251],[-73.733645,45.522324],[-73.732769,45.522975],[-73.732103,45.523432],[-73.731768,45.523689],[-73.728002,45.52129],[-73.727545,45.521712],[-73.725867,45.523259],[-73.725251,45.523754],[-73.722779,45.525838],[-73.722103,45.52641],[-73.721495,45.526721],[-73.718375,45.524855],[-73.718004,45.525133],[-73.717086,45.525463],[-73.716387,45.525034],[-73.71457,45.52386],[-73.713032,45.525216],[-73.712163,45.524869],[-73.711995,45.525017],[-73.711238,45.524541],[-73.709125,45.523218],[-73.709116,45.523221],[-73.709014,45.523256],[-73.709004,45.52326],[-73.708156,45.523564],[-73.707377,45.523843],[-73.707194,45.523909],[-73.707186,45.523912],[-73.707069,45.523954],[-73.707061,45.523957],[-73.706918,45.524008],[-73.706292,45.524234],[-73.701391,45.525998],[-73.701233,45.526055],[-73.700649,45.526263],[-73.700328,45.526378],[-73.699379,45.526725],[-73.699293,45.526757],[-73.698642,45.526989],[-73.69855,45.527022],[-73.698471,45.52705],[-73.698463,45.527053],[-73.698345,45.527095],[-73.698337,45.527098],[-73.696794,45.527655],[-73.695932,45.527954],[-73.695276,45.528166],[-73.694983,45.528243],[-73.694566,45.52835],[-73.694115,45.528455],[-73.693625,45.528552],[-73.693174,45.528635],[-73.692819,45.52869],[-73.692765,45.528699],[-73.692703,45.528708],[-73.692281,45.528769],[-73.691828,45.52882],[-73.691298,45.528869],[-73.690847,45.528899],[-73.690376,45.528917],[-73.690108,45.528928],[-73.689905,45.528936],[-73.689511,45.528937],[-73.689424,45.528937],[-73.688481,45.528902],[-73.688124,45.528883],[-73.688011,45.528876],[-73.687541,45.528833],[-73.687306,45.528807],[-73.687068,45.528781],[-73.687056,45.528779],[-73.686981,45.528771],[-73.686893,45.528758],[-73.686873,45.528756],[-73.685552,45.530169],[-73.68547,45.530261],[-73.685334,45.530482],[-73.685143,45.530516],[-73.68495,45.530554],[-73.684776,45.530591],[-73.684539,45.530645],[-73.683566,45.530871],[-73.683054,45.530988],[-73.682854,45.531033],[-73.682641,45.531082],[-73.682262,45.531171],[-73.681744,45.531292],[-73.679702,45.531765],[-73.679549,45.531801],[-73.678157,45.532122],[-73.677451,45.532285],[-73.677199,45.532341],[-73.676976,45.532389],[-73.676787,45.532429],[-73.676584,45.532473],[-73.676373,45.532511],[-73.676198,45.53254],[-73.675903,45.532582],[-73.675623,45.532616],[-73.675375,45.532643],[-73.675171,45.532664],[-73.674911,45.532685],[-73.67439,45.532715],[-73.674126,45.532761],[-73.673967,45.53279],[-73.673794,45.532805],[-73.673552,45.53281],[-73.67335,45.532807],[-73.673093,45.532798],[-73.672786,45.532785],[-73.672536,45.532769],[-73.672326,45.532757],[-73.67215,45.532742],[-73.671847,45.532714],[-73.671555,45.532683],[-73.671361,45.532657],[-73.671345,45.532655],[-73.671124,45.532624],[-73.670876,45.532586],[-73.670645,45.53255],[-73.670415,45.53251],[-73.670186,45.532463],[-73.669974,45.532413],[-73.669345,45.532271],[-73.667324,45.531686],[-73.667269,45.53167],[-73.667139,45.531633],[-73.667212,45.531503],[-73.667321,45.531309],[-73.665225,45.530689],[-73.665196,45.53068],[-73.664548,45.530488],[-73.664203,45.530391],[-73.663884,45.530297],[-73.663549,45.530198],[-73.662992,45.530038],[-73.662289,45.529831],[-73.661929,45.529729],[-73.661528,45.529612],[-73.661192,45.529514],[-73.660151,45.52921],[-73.65849,45.52874],[-73.657944,45.52858],[-73.656963,45.528296],[-73.656059,45.52803],[-73.655251,45.527796],[-73.65466,45.527623],[-73.654141,45.527477],[-73.653876,45.527395],[-73.653633,45.527803],[-73.653449,45.527779],[-73.653445,45.527779],[-73.653261,45.52775],[-73.653131,45.527722],[-73.652984,45.527684],[-73.652864,45.527652],[-73.65275,45.527612],[-73.652659,45.527577],[-73.652589,45.527546],[-73.652538,45.527522],[-73.65248,45.527493],[-73.652405,45.527453],[-73.652339,45.527413],[-73.65227,45.527369],[-73.652211,45.527329],[-73.652163,45.527292],[-73.652106,45.527247],[-73.652046,45.527195],[-73.652005,45.527157],[-73.651996,45.527148],[-73.651953,45.527104],[-73.651899,45.527043],[-73.651861,45.527003],[-73.651824,45.527004],[-73.65165,45.527019],[-73.651532,45.527036],[-73.651448,45.527053],[-73.651343,45.527074],[-73.651251,45.527102],[-73.651144,45.527137],[-73.651016,45.527186],[-73.650902,45.527238],[-73.650893,45.527243],[-73.650995,45.526992],[-73.651563,45.525575],[-73.651666,45.525339],[-73.65167,45.52533],[-73.651772,45.525137],[-73.651808,45.525068],[-73.651865,45.524963],[-73.651918,45.524871],[-73.651977,45.524771],[-73.652042,45.52466],[-73.652132,45.52451],[-73.652244,45.524323],[-73.652419,45.524023],[-73.652699,45.523539],[-73.652787,45.523391],[-73.652877,45.52324],[-73.653302,45.522525],[-73.653789,45.521746],[-73.654884,45.520036],[-73.655125,45.519659],[-73.655366,45.519283],[-73.655567,45.518981],[-73.656188,45.518046],[-73.656324,45.517842],[-73.656984,45.516859],[-73.657007,45.516824],[-73.657321,45.516372],[-73.657405,45.516246],[-73.658044,45.515294],[-73.658473,45.514641],[-73.658545,45.514519],[-73.658604,45.514423],[-73.65864,45.51436],[-73.658706,45.514233],[-73.658762,45.514144],[-73.659012,45.513751],[-73.660192,45.51188],[-73.660544,45.511332],[-73.660961,45.510672],[-73.661271,45.51019],[-73.661614,45.509658],[-73.661669,45.509572],[-73.661709,45.509509],[-73.662012,45.509035],[-73.662098,45.508902],[-73.662298,45.50859],[-73.662378,45.508466],[-73.662436,45.508376],[-73.662662,45.50801],[-73.662777,45.507821],[-73.662893,45.507631],[-73.663071,45.507338],[-73.663447,45.506688],[-73.663765,45.506147],[-73.664366,45.505189],[-73.664376,45.505173],[-73.664445,45.505062],[-73.664533,45.504919],[-73.664548,45.504895],[-73.664597,45.504807],[-73.664636,45.504733],[-73.664656,45.504692],[-73.664745,45.504493],[-73.664805,45.504406],[-73.664845,45.504321],[-73.664907,45.504157],[-73.664916,45.504123],[-73.664944,45.50401],[-73.664975,45.503896],[-73.665015,45.503751],[-73.665052,45.503644],[-73.66506,45.503621],[-73.665083,45.503562],[-73.665084,45.50356],[-73.665127,45.503453],[-73.665165,45.503374],[-73.665245,45.503236],[-73.665366,45.50306],[-73.665444,45.50297],[-73.66552,45.50289],[-73.665543,45.502866],[-73.665658,45.502758],[-73.665785,45.502657],[-73.665872,45.502589],[-73.665889,45.502577],[-73.666207,45.502566],[-73.666426,45.502549],[-73.666651,45.502516],[-73.666781,45.502487],[-73.66697,45.502432],[-73.667086,45.502393],[-73.667215,45.502341],[-73.667425,45.502245],[-73.667598,45.502148],[-73.667775,45.502027],[-73.667786,45.502019],[-73.667847,45.501974],[-73.667953,45.501898],[-73.66817,45.501723],[-73.668337,45.501594],[-73.668581,45.501392],[-73.668769,45.501249],[-73.668796,45.501229],[-73.668997,45.501072],[-73.669197,45.500881],[-73.669439,45.500692],[-73.670029,45.500219],[-73.670735,45.499642],[-73.672397,45.498334],[-73.672506,45.498248],[-73.673072,45.497801],[-73.673109,45.497772],[-73.673866,45.497181],[-73.673893,45.497078]]]}},{"type":"Feature","properties":{"sector_id":"6"},"geometry":{"type":"MultiPolygon","coordinates":[[[[-73.761289,45.510412],[-73.761186,45.51044],[-73.76111,45.510467],[-73.761046,45.510494],[-73.760905,45.510548],[-73.760816,45.510593],[-73.760726,45.51063],[-73.76065,45.510666],[-73.760548,45.510729],[-73.760484,45.510765],[-73.760369,45.510846],[-73.760292,45.510883],[-73.760229,45.510919],[-73.760075,45.511009],[-73.759986,45.511054],[-73.759858,45.511118],[-73.759756,45.511163],[-73.759654,45.511208],[-73.759565,45.511253],[-73.759501,45.511298],[-73.759437,45.511352],[-73.759361,45.511407],[-73.759284,45.511497],[-73.759233,45.51156],[-73.75917,45.511605],[-73.759093,45.511641],[-73.759029,45.511668],[-73.758927,45.511714],[-73.75885,45.51175],[-73.758786,45.511786],[-73.75871,45.511813],[-73.758646,45.511867],[-73.758595,45.511912],[-73.758531,45.511948],[-73.758429,45.512012],[-73.758378,45.512057],[-73.758263,45.512138],[-73.758225,45.512156],[-73.758084,45.512201],[-73.758033,45.512238],[-73.75797,45.512283],[-73.757855,45.512337],[-73.757791,45.512373],[-73.757663,45.512427],[-73.757586,45.512437],[-73.757471,45.512482],[-73.757408,45.512545],[-73.757369,45.512572],[-73.757267,45.512608],[-73.757216,45.512617],[-73.757139,45.512626],[-73.757024,45.512627],[-73.756934,45.512636],[-73.756858,45.512636],[-73.756781,45.512636],[-73.75664,45.512645],[-73.756282,45.512673],[-73.756205,45.512664],[-73.756128,45.512665],[-73.755988,45.512656],[-73.755898,45.512647],[-73.755808,45.512638],[-73.755706,45.51263],[-73.755501,45.512603],[-73.755437,45.512594],[-73.75536,45.512567],[-73.755309,45.512531],[-73.755296,45.512459],[-73.755295,45.512406],[-73.755282,45.512361],[-73.755231,45.512307],[-73.755179,45.51228],[-73.755141,45.512262],[-73.755051,45.512226],[-73.754974,45.512181],[-73.754923,45.512145],[-73.754884,45.512092],[-73.754897,45.512038],[-73.75496,45.511956],[-73.75505,45.511902],[-73.755152,45.51183],[-73.755267,45.511785],[-73.755343,45.511749],[-73.755407,45.511722],[-73.755484,45.511712],[-73.755586,45.511694],[-73.755714,45.511694],[-73.755791,45.511694],[-73.755881,45.511684],[-73.75597,45.511675],[-73.75606,45.511648],[-73.756162,45.51163],[-73.756277,45.511594],[-73.756366,45.511584],[-73.756418,45.511584],[-73.756507,45.511593],[-73.756635,45.511611],[-73.756789,45.511628],[-73.75684,45.511592],[-73.756865,45.511466],[-73.75689,45.511403],[-73.75698,45.511277],[-73.75712,45.511115],[-73.757196,45.511052],[-73.757273,45.511006],[-73.757337,45.510988],[-73.757413,45.51097],[-73.757528,45.510952],[-73.757631,45.510916],[-73.757848,45.510789],[-73.757911,45.510753],[-73.758052,45.51069],[-73.758218,45.510662],[-73.758256,45.510644],[-73.758269,45.510563],[-73.758256,45.510482],[-73.75823,45.510455],[-73.758153,45.51041],[-73.758063,45.510384],[-73.757961,45.510321],[-73.757896,45.510276],[-73.757883,45.510231],[-73.757896,45.510168],[-73.757934,45.510132],[-73.758036,45.510087],[-73.758151,45.510068],[-73.758228,45.510041],[-73.758266,45.510014],[-73.758355,45.509906],[-73.758419,45.509816],[-73.758444,45.509789],[-73.75847,45.509744],[-73.758585,45.509663],[-73.758662,45.509662],[-73.758738,45.509662],[-73.758879,45.509644],[-73.758969,45.509626],[-73.759045,45.509608],[-73.759122,45.50959],[-73.759199,45.509571],[-73.759326,45.509544],[-73.75939,45.509526],[-73.759505,45.509481],[-73.759607,45.509435],[-73.759697,45.509372],[-73.759754,45.509332],[-73.761598,45.510358],[-73.761557,45.510367],[-73.761468,45.510385],[-73.761391,45.510403],[-73.761289,45.510412]]],[[[-73.758453,45.508763],[-73.758312,45.508763],[-73.758222,45.508737],[-73.758222,45.508683],[-73.758222,45.508647],[-73.758221,45.508584],[-73.758208,45.508503],[-73.758195,45.50844],[-73.758131,45.508358],[-73.758427,45.508594],[-73.758726,45.50876],[-73.758709,45.508763],[-73.758593,45.508772],[-73.758453,45.508763]]],[[[-73.757593,45.508252],[-73.757567,45.508306],[-73.757529,45.508351],[-73.757491,45.508405],[-73.757427,45.508415],[-73.75735,45.508397],[-73.757286,45.50837],[-73.757235,45.508334],[-73.757222,45.508289],[-73.757222,45.508235],[-73.757221,45.508181],[-73.757234,45.508127],[-73.757285,45.508082],[-73.757349,45.508064],[-73.757413,45.508055],[-73.757477,45.50809],[-73.757541,45.508117],[-73.757567,45.508162],[-73.757605,45.508207],[-73.757593,45.508252]]],[[[-73.754349,45.512624],[-73.754246,45.512552],[-73.754284,45.512426],[-73.754425,45.512362],[-73.754604,45.51238],[-73.754822,45.512425],[-73.755014,45.512514],[-73.754963,45.512622],[-73.754759,45.512731],[-73.754631,45.512686],[-73.754349,45.512624]]],[[[-73.751862,45.517533],[-73.7519,45.51747],[-73.751939,45.517425],[-73.752003,45.517389],[-73.752054,45.517353],[-73.752092,45.517245],[-73.752104,45.517119],[-73.752116,45.517074],[-73.752129,45.516975],[-73.752141,45.51693],[-73.752167,45.516822],[-73.752192,45.516768],[-73.752217,45.516714],[-73.752242,45.51666],[-73.752268,45.516552],[-73.752293,45.516507],[-73.752306,45.516461],[-73.752318,45.516417],[-73.75233,45.516318],[-73.752343,45.516263],[-73.752356,45.51621],[-73.752368,45.516065],[-73.75238,45.516002],[-73.752431,45.515885],[-73.752469,45.515822],[-73.752495,45.515768],[-73.752533,45.515705],[-73.752609,45.515588],[-73.752634,45.515525],[-73.75266,45.515462],[-73.752672,45.515399],[-73.75271,45.5153],[-73.752748,45.515219],[-73.752773,45.515147],[-73.752799,45.515093],[-73.752837,45.515021],[-73.752862,45.514975],[-73.752938,45.514885],[-73.75299,45.514849],[-73.753053,45.514822],[-73.753104,45.514777],[-73.753181,45.514768],[-73.753245,45.514759],[-73.753335,45.514687],[-73.753398,45.514623],[-73.753462,45.514569],[-73.7535,45.514515],[-73.753538,45.514425],[-73.753576,45.514362],[-73.753627,45.514326],[-73.753806,45.514191],[-73.753882,45.514154],[-73.753997,45.514118],[-73.754061,45.5141],[-73.754125,45.514091],[-73.754189,45.514082],[-73.754279,45.514082],[-73.754356,45.514081],[-73.754522,45.51409],[-73.754612,45.514099],[-73.754688,45.514108],[-73.754753,45.514116],[-73.754906,45.514161],[-73.755009,45.514179],[-73.755111,45.514188],[-73.755201,45.514196],[-73.755444,45.514196],[-73.755521,45.514196],[-73.755598,45.514196],[-73.7557,45.514195],[-73.755764,45.514204],[-73.755854,45.514222],[-73.755969,45.51424],[-73.756123,45.514275],[-73.756212,45.514284],[-73.756302,45.514311],[-73.756366,45.51432],[-73.756482,45.514356],[-73.756571,45.514409],[-73.756687,45.514481],[-73.756815,45.51458],[-73.756854,45.514625],[-73.756867,45.51467],[-73.756867,45.51476],[-73.756868,45.51485],[-73.756868,45.514904],[-73.756868,45.515003],[-73.756882,45.515093],[-73.756882,45.515146],[-73.756895,45.515246],[-73.756908,45.515326],[-73.756921,45.51538],[-73.756947,45.515452],[-73.756986,45.515533],[-73.757012,45.515614],[-73.757025,45.515659],[-73.757,45.515776],[-73.756975,45.515866],[-73.756975,45.515947],[-73.756988,45.516028],[-73.756963,45.516109],[-73.756899,45.516163],[-73.756785,45.516245],[-73.756669,45.516299],[-73.756554,45.516335],[-73.756427,45.516362],[-73.756324,45.516389],[-73.756158,45.516408],[-73.756081,45.516444],[-73.75603,45.516498],[-73.75598,45.516579],[-73.75584,45.516751],[-73.75575,45.516832],[-73.755687,45.516886],[-73.755648,45.516931],[-73.755598,45.516985],[-73.755534,45.517039],[-73.755483,45.517093],[-73.755393,45.517156],[-73.755317,45.517211],[-73.75524,45.517238],[-73.755151,45.517283],[-73.754998,45.517346],[-73.754921,45.517382],[-73.754819,45.517401],[-73.754742,45.517419],[-73.754678,45.517437],[-73.754576,45.517473],[-73.754461,45.5175],[-73.754371,45.517528],[-73.754295,45.517546],[-73.75418,45.517609],[-73.754116,45.517645],[-73.754001,45.517682],[-73.753911,45.5177],[-73.753834,45.517718],[-73.753681,45.517772],[-73.753592,45.517799],[-73.753425,45.517845],[-73.75331,45.517872],[-73.753144,45.517899],[-73.753067,45.517918],[-73.753003,45.517927],[-73.752888,45.517927],[-73.752811,45.517927],[-73.752722,45.517927],[-73.752555,45.517928],[-73.752479,45.517919],[-73.75235,45.517865],[-73.752197,45.517839],[-73.752069,45.517812],[-73.751979,45.517749],[-73.751889,45.517668],[-73.751862,45.517533]]],[[[-73.748487,45.509019],[-73.74888,45.508877],[-73.748889,45.508874],[-73.749962,45.508494],[-73.752351,45.507625],[-73.753235,45.507304],[-73.753897,45.507064],[-73.754094,45.506992],[-73.754267,45.506928],[-73.755683,45.506406],[-73.757446,45.507812],[-73.757425,45.507812],[-73.757373,45.507794],[-73.757309,45.507767],[-73.757245,45.507794],[-73.757156,45.507857],[-73.757118,45.507911],[-73.757105,45.507965],[-73.757041,45.508002],[-73.756978,45.50811],[-73.756914,45.508119],[-73.756837,45.508119],[-73.756684,45.508155],[-73.75662,45.5082],[-73.756582,45.508245],[-73.756556,45.508299],[-73.756467,45.508336],[-73.756403,45.508345],[-73.756339,45.508354],[-73.756275,45.50839],[-73.756276,45.508426],[-73.756301,45.508498],[-73.756404,45.508552],[-73.756494,45.508597],[-73.756584,45.508632],[-73.756635,45.508686],[-73.756738,45.508758],[-73.756827,45.508776],[-73.756968,45.50874],[-73.75698,45.508685],[-73.75698,45.508622],[-73.757018,45.50855],[-73.757056,45.508505],[-73.757146,45.508487],[-73.757223,45.508487],[-73.757312,45.508496],[-73.757376,45.508514],[-73.757389,45.508558],[-73.757402,45.508621],[-73.757403,45.508676],[-73.757429,45.508756],[-73.757518,45.508765],[-73.757531,45.50872],[-73.757556,45.508648],[-73.757607,45.508603],[-73.757658,45.508558],[-73.757748,45.508576],[-73.757812,45.50863],[-73.757851,45.508701],[-73.757864,45.508755],[-73.757928,45.508719],[-73.757992,45.508692],[-73.758017,45.508737],[-73.758047,45.508758],[-73.758069,45.508773],[-73.758082,45.508827],[-73.758044,45.508881],[-73.757993,45.508935],[-73.757955,45.50898],[-73.758006,45.509043],[-73.758134,45.50907],[-73.758224,45.509069],[-73.758326,45.509069],[-73.758403,45.509069],[-73.758492,45.509051],[-73.758569,45.509024],[-73.758646,45.508979],[-73.758697,45.508943],[-73.758824,45.508897],[-73.758914,45.508879],[-73.758931,45.508874],[-73.759423,45.509148],[-73.759414,45.509193],[-73.759376,45.509238],[-73.759287,45.509301],[-73.759198,45.509382],[-73.75907,45.509446],[-73.758942,45.509428],[-73.758788,45.509419],[-73.758712,45.509446],[-73.75861,45.50951],[-73.75852,45.509564],[-73.758418,45.509627],[-73.758214,45.509771],[-73.758138,45.509835],[-73.758086,45.509853],[-73.758036,45.509898],[-73.757959,45.509934],[-73.757755,45.510061],[-73.757653,45.510151],[-73.757615,45.510223],[-73.757602,45.510295],[-73.757616,45.510421],[-73.757578,45.51052],[-73.757527,45.510592],[-73.757463,45.510655],[-73.757348,45.510754],[-73.757246,45.510826],[-73.75717,45.510836],[-73.757131,45.510827],[-73.756977,45.510818],[-73.756914,45.510836],[-73.756799,45.510891],[-73.756735,45.510918],[-73.756607,45.510963],[-73.756402,45.511026],[-73.756338,45.511026],[-73.756236,45.511063],[-73.756172,45.511108],[-73.756109,45.511171],[-73.756083,45.511216],[-73.755969,45.511297],[-73.755879,45.511351],[-73.75579,45.511406],[-73.755726,45.511442],[-73.755649,45.511442],[-73.75556,45.511442],[-73.755496,45.511478],[-73.755419,45.511541],[-73.755368,45.51156],[-73.755292,45.511596],[-73.755189,45.511605],[-73.755112,45.511641],[-73.755049,45.511668],[-73.754895,45.511723],[-73.754806,45.511768],[-73.754704,45.511804],[-73.754627,45.511822],[-73.754525,45.511849],[-73.754295,45.511922],[-73.754231,45.511949],[-73.754141,45.511958],[-73.754039,45.511976],[-73.753911,45.512004],[-73.753732,45.512076],[-73.753605,45.51213],[-73.753541,45.512158],[-73.753486,45.512173],[-73.753413,45.512194],[-73.753336,45.512203],[-73.753259,45.512203],[-73.753157,45.512185],[-73.753003,45.512186],[-73.752862,45.512204],[-73.752888,45.512258],[-73.752914,45.512303],[-73.75294,45.512357],[-73.75294,45.512429],[-73.752941,45.51251],[-73.752928,45.5126],[-73.75289,45.512663],[-73.752852,45.512708],[-73.752788,45.512726],[-73.752724,45.512735],[-73.752686,45.512735],[-73.752634,45.512699],[-73.75257,45.512691],[-73.752455,45.512646],[-73.751969,45.5128],[-73.751905,45.512827],[-73.751957,45.512917],[-73.751855,45.513034],[-73.751791,45.513061],[-73.751663,45.513116],[-73.751446,45.513116],[-73.751369,45.513116],[-73.751241,45.513116],[-73.751241,45.51317],[-73.751229,45.513215],[-73.751152,45.513252],[-73.751101,45.513297],[-73.750948,45.513414],[-73.75091,45.513477],[-73.750898,45.513594],[-73.750885,45.513657],[-73.75086,45.513711],[-73.750847,45.513774],[-73.750822,45.513837],[-73.750758,45.513936],[-73.750695,45.51399],[-73.750631,45.514045],[-73.750593,45.514108],[-73.75058,45.514198],[-73.750581,45.51436],[-73.750582,45.514432],[-73.750582,45.514513],[-73.750582,45.514576],[-73.750583,45.514702],[-73.75057,45.514774],[-73.750558,45.514864],[-73.750546,45.515008],[-73.750533,45.515062],[-73.75052,45.515107],[-73.750508,45.515152],[-73.750495,45.515197],[-73.75047,45.51526],[-73.750407,45.515467],[-73.750407,45.515521],[-73.750408,45.515602],[-73.750395,45.515665],[-73.750382,45.515719],[-73.75037,45.515764],[-73.750319,45.515809],[-73.750293,45.515854],[-73.750281,45.515917],[-73.750217,45.51598],[-73.750102,45.516043],[-73.75,45.516098],[-73.749923,45.516152],[-73.749847,45.516206],[-73.749809,45.516251],[-73.749758,45.516314],[-73.74972,45.516359],[-73.749643,45.516458],[-73.749554,45.51654],[-73.749465,45.516621],[-73.749388,45.516693],[-73.749325,45.516747],[-73.749286,45.516792],[-73.749235,45.516837],[-73.749184,45.516873],[-73.749121,45.516909],[-73.749082,45.516954],[-73.748993,45.517018],[-73.748916,45.517081],[-73.748853,45.517126],[-73.748751,45.517198],[-73.7487,45.517243],[-73.748649,45.517279],[-73.748572,45.517343],[-73.748508,45.517388],[-73.748483,45.517415],[-73.748432,45.517433],[-73.748381,45.517496],[-73.748266,45.51755],[-73.748202,45.517577],[-73.7481,45.517605],[-73.748036,45.517614],[-73.747959,45.517623],[-73.747895,45.517614],[-73.747818,45.517614],[-73.747754,45.517596],[-73.747664,45.517578],[-73.7476,45.51757],[-73.747523,45.517552],[-73.747459,45.517534],[-73.747382,45.517489],[-73.747292,45.517444],[-73.747228,45.517409],[-73.747164,45.517355],[-73.7471,45.51731],[-73.747049,45.517265],[-73.747023,45.51722],[-73.746984,45.517139],[-73.746894,45.517058],[-73.746779,45.517023],[-73.746715,45.517077],[-73.746715,45.51714],[-73.746715,45.517203],[-73.746678,45.51732],[-73.746652,45.517392],[-73.746563,45.517473],[-73.746499,45.517527],[-73.746397,45.517626],[-73.746346,45.517662],[-73.746295,45.517698],[-73.746142,45.517789],[-73.746053,45.517843],[-73.745989,45.517888],[-73.745925,45.517942],[-73.745823,45.518032],[-73.745772,45.518077],[-73.745708,45.518132],[-73.745645,45.518186],[-73.745517,45.518294],[-73.745402,45.518366],[-73.745338,45.51842],[-73.745262,45.518484],[-73.745211,45.51852],[-73.74516,45.518556],[-73.745109,45.518601],[-73.745045,45.518673],[-73.744994,45.518736],[-73.744956,45.518781],[-73.744879,45.518808],[-73.744802,45.518817],[-73.744738,45.518791],[-73.744559,45.518818],[-73.744508,45.518854],[-73.744419,45.518935],[-73.744317,45.519025],[-73.744266,45.51907],[-73.744202,45.519107],[-73.744191,45.519114],[-73.744087,45.519179],[-73.743998,45.519233],[-73.743921,45.519278],[-73.743781,45.51935],[-73.743679,45.519405],[-73.743576,45.519459],[-73.743525,45.519495],[-73.743474,45.51954],[-73.743411,45.519594],[-73.743321,45.519675],[-73.743232,45.519811],[-73.743181,45.519883],[-73.743143,45.519946],[-73.74308,45.520018],[-73.743016,45.520108],[-73.74294,45.520207],[-73.742901,45.520252],[-73.742863,45.520315],[-73.742825,45.52036],[-73.742787,45.520414],[-73.742749,45.52046],[-73.742736,45.520486],[-73.742596,45.520676],[-73.742572,45.520937],[-73.742573,45.52118],[-73.742624,45.521216],[-73.742612,45.521315],[-73.742548,45.521324],[-73.742522,45.521378],[-73.742497,45.521423],[-73.742459,45.521468],[-73.742408,45.521513],[-73.742344,45.521576],[-73.742293,45.521621],[-73.742268,45.521666],[-73.742242,45.52172],[-73.742217,45.521783],[-73.742191,45.521837],[-73.742179,45.521928],[-73.742115,45.522036],[-73.741849,45.522513],[-73.7418,45.523089],[-73.741647,45.523269],[-73.741404,45.523288],[-73.740957,45.523433],[-73.740803,45.523406],[-73.740394,45.523551],[-73.740377,45.523569],[-73.740113,45.523848],[-73.740014,45.524515],[-73.739889,45.525118],[-73.739851,45.525253],[-73.739787,45.525298],[-73.739366,45.525632],[-73.739212,45.525632],[-73.738995,45.52574],[-73.739072,45.525794],[-73.73865,45.52602],[-73.738266,45.526003],[-73.737574,45.525644],[-73.737215,45.525654],[-73.737037,45.525844],[-73.736692,45.526042],[-73.736296,45.526295],[-73.736245,45.526277],[-73.735339,45.526936],[-73.735121,45.526972],[-73.734993,45.527054],[-73.734904,45.527108],[-73.734586,45.527603],[-73.73451,45.527729],[-73.734357,45.527955],[-73.734268,45.528081],[-73.733924,45.528567],[-73.733823,45.528721],[-73.733287,45.529217],[-73.732891,45.529487],[-73.732559,45.529722],[-73.732572,45.529614],[-73.732571,45.529542],[-73.732609,45.529488],[-73.732481,45.529425],[-73.732404,45.529398],[-73.732263,45.529381],[-73.732161,45.52939],[-73.732007,45.52939],[-73.731918,45.529381],[-73.731828,45.529391],[-73.731764,45.5294],[-73.731662,45.529409],[-73.731508,45.529409],[-73.731239,45.529428],[-73.731175,45.529455],[-73.731099,45.529527],[-73.730843,45.529636],[-73.730703,45.529681],[-73.730575,45.529717],[-73.73046,45.529771],[-73.73037,45.529834],[-73.730307,45.529862],[-73.730115,45.529934],[-73.730051,45.529961],[-73.729885,45.530015],[-73.729731,45.53007],[-73.729604,45.530133],[-73.72945,45.530232],[-73.729361,45.530278],[-73.729144,45.530368],[-73.729054,45.530404],[-73.72899,45.530431],[-73.728939,45.530467],[-73.728875,45.530503],[-73.728722,45.530594],[-73.728633,45.530639],[-73.728556,45.530675],[-73.728518,45.53072],[-73.728454,45.530774],[-73.728365,45.530828],[-73.728339,45.530882],[-73.72834,45.530963],[-73.728391,45.531026],[-73.728442,45.531071],[-73.728506,45.531107],[-73.728558,45.531143],[-73.728596,45.531188],[-73.728597,45.531251],[-73.728584,45.531296],[-73.728559,45.53135],[-73.728521,45.531413],[-73.728482,45.531458],[-73.728393,45.531521],[-73.728342,45.531548],[-73.728163,45.531711],[-73.728061,45.531684],[-73.727665,45.532036],[-73.727678,45.532098],[-73.727614,45.532081],[-73.727525,45.532054],[-73.727396,45.532],[-73.727277,45.532029],[-73.726987,45.532101],[-73.726769,45.532154],[-73.726719,45.532217],[-73.726693,45.532289],[-73.726681,45.532316],[-73.726668,45.532343],[-73.72663,45.532416],[-73.726604,45.532461],[-73.726566,45.532506],[-73.726528,45.532569],[-73.726515,45.532614],[-73.72649,45.532659],[-73.726452,45.532704],[-73.726413,45.532767],[-73.726375,45.532821],[-73.726363,45.532884],[-73.726337,45.532929],[-73.726325,45.532992],[-73.726312,45.533064],[-73.726312,45.533127],[-73.726338,45.53319],[-73.726301,45.533343],[-73.726288,45.533397],[-73.726212,45.533532],[-73.726135,45.533613],[-73.725944,45.533695],[-73.725841,45.533695],[-73.725752,45.533776],[-73.725701,45.533884],[-73.725676,45.533956],[-73.725625,45.534055],[-73.725574,45.534091],[-73.72551,45.534136],[-73.725446,45.534154],[-73.725382,45.534182],[-73.725305,45.534218],[-73.725242,45.534245],[-73.725152,45.534299],[-73.725075,45.534344],[-73.724973,45.534407],[-73.724922,45.534443],[-73.724858,45.53448],[-73.724807,45.534516],[-73.724616,45.534705],[-73.724552,45.534759],[-73.724476,45.534903],[-73.724156,45.535084],[-73.723897,45.535276],[-73.723888,45.535282],[-73.723288,45.535698],[-73.723033,45.535842],[-73.72302,45.535887],[-73.722228,45.536266],[-73.721614,45.536538],[-73.721422,45.536601],[-73.721205,45.536682],[-73.720719,45.536737],[-73.720182,45.536945],[-73.720181,45.536864],[-73.72013,45.536864],[-73.719887,45.536874],[-73.719695,45.536874],[-73.719529,45.536893],[-73.719452,45.536911],[-73.719375,45.536947],[-73.719222,45.537001],[-73.719081,45.537028],[-73.718902,45.537047],[-73.718735,45.537056],[-73.718428,45.537075],[-73.718275,45.537102],[-73.718147,45.53712],[-73.717839,45.537166],[-73.717724,45.537175],[-73.717647,45.537184],[-73.717558,45.537193],[-73.717289,45.537203],[-73.717212,45.537203],[-73.717148,45.537212],[-73.717007,45.537212],[-73.716918,45.537212],[-73.716841,45.537213],[-73.716777,45.537204],[-73.716687,45.537168],[-73.716623,45.53715],[-73.716533,45.537096],[-73.716482,45.53706],[-73.716456,45.537006],[-73.716443,45.536953],[-73.716443,45.53689],[-73.716455,45.536845],[-73.716494,45.536772],[-73.716506,45.536718],[-73.716506,45.536646],[-73.716505,45.536556],[-73.716505,45.53643],[-73.716505,45.53634],[-73.716415,45.536242],[-73.716363,45.536188],[-73.716312,45.536143],[-73.716209,45.536053],[-73.716196,45.535999],[-73.716221,45.535909],[-73.716221,45.535873],[-73.716247,45.535828],[-73.716336,45.535765],[-73.716413,45.535729],[-73.716528,45.535701],[-73.716668,45.535638],[-73.716745,45.535602],[-73.716911,45.535512],[-73.716949,45.535449],[-73.716949,45.535395],[-73.716923,45.535269],[-73.716897,45.535242],[-73.716846,45.535224],[-73.716705,45.535179],[-73.716603,45.53517],[-73.716538,45.535126],[-73.71641,45.535063],[-73.71632,45.535045],[-73.716154,45.534973],[-73.715923,45.53501],[-73.716013,45.535109],[-73.716142,45.535225],[-73.716155,45.535351],[-73.716155,45.535414],[-73.716156,45.535477],[-73.716143,45.535594],[-73.716131,45.535657],[-73.716118,45.535729],[-73.71608,45.535828],[-73.716068,45.535864],[-73.716042,45.535909],[-73.715991,45.535955],[-73.715914,45.536009],[-73.715736,45.536126],[-73.715762,45.536216],[-73.7158,45.536315],[-73.715813,45.53636],[-73.715826,45.536405],[-73.715827,45.536495],[-73.715827,45.536549],[-73.71584,45.536603],[-73.71584,45.536648],[-73.71584,45.536738],[-73.715841,45.536801],[-73.715841,45.536855],[-73.715841,45.536909],[-73.715828,45.536954],[-73.715777,45.537008],[-73.715688,45.537098],[-73.715573,45.53717],[-73.71533,45.537251],[-73.715202,45.537279],[-73.715049,45.537324],[-73.714998,45.537342],[-73.71487,45.537387],[-73.714767,45.537424],[-73.714678,45.537451],[-73.714588,45.537469],[-73.714512,45.537496],[-73.714409,45.537505],[-73.714294,45.537523],[-73.714179,45.537533],[-73.714089,45.53756],[-73.713821,45.537632],[-73.713757,45.53765],[-73.713604,45.537786],[-73.713565,45.537768],[-73.713387,45.538011],[-73.713144,45.538084],[-73.71285,45.538201],[-73.712709,45.538201],[-73.712683,45.538246],[-73.712594,45.538238],[-73.712249,45.538409],[-73.712121,45.538517],[-73.712019,45.53858],[-73.711917,45.538644],[-73.711814,45.538716],[-73.711623,45.538824],[-73.711559,45.538869],[-73.711495,45.538923],[-73.711418,45.538977],[-73.711265,45.539068],[-73.711201,45.539113],[-73.711099,45.539185],[-73.711048,45.539239],[-73.710984,45.539329],[-73.710984,45.539365],[-73.710921,45.53941],[-73.710914,45.539415],[-73.71087,45.539446],[-73.710819,45.539491],[-73.710764,45.539522],[-73.710755,45.539528],[-73.710729,45.539591],[-73.710729,45.539654],[-73.710653,45.539708],[-73.710551,45.539807],[-73.710398,45.53996],[-73.710321,45.540068],[-73.710322,45.540122],[-73.710245,45.540176],[-73.710143,45.54024],[-73.710066,45.540294],[-73.710002,45.540348],[-73.709926,45.540411],[-73.709875,45.540456],[-73.709849,45.540501],[-73.709798,45.540546],[-73.70976,45.540591],[-73.709709,45.540636],[-73.709645,45.54069],[-73.709594,45.540735],[-73.70953,45.540772],[-73.709479,45.540808],[-73.709415,45.540844],[-73.709364,45.54088],[-73.709326,45.540925],[-73.709287,45.54097],[-73.709262,45.541015],[-73.709224,45.541078],[-73.709198,45.541132],[-73.709173,45.541177],[-73.709135,45.541222],[-73.709084,45.541276],[-73.709058,45.54133],[-73.709033,45.541375],[-73.709007,45.541421],[-73.708982,45.541465],[-73.708944,45.54152],[-73.708905,45.541565],[-73.708854,45.54161],[-73.708803,45.541646],[-73.708752,45.541682],[-73.708688,45.541718],[-73.708637,45.541754],[-73.708586,45.54179],[-73.70851,45.541808],[-73.708305,45.54198],[-73.707947,45.542214],[-73.707806,45.542142],[-73.707768,45.542161],[-73.70773,45.542179],[-73.707755,45.542197],[-73.707858,45.542295],[-73.707756,45.542395],[-73.70768,45.542521],[-73.70754,45.542791],[-73.707489,45.542827],[-73.707438,45.542899],[-73.7074,45.542962],[-73.707374,45.543007],[-73.707362,45.543079],[-73.707349,45.543133],[-73.707324,45.543187],[-73.707285,45.543277],[-73.707247,45.54334],[-73.707197,45.54343],[-73.707146,45.543502],[-73.707094,45.543566],[-73.707043,45.54362],[-73.706992,45.543656],[-73.706916,45.54371],[-73.706813,45.543746],[-73.706749,45.543755],[-73.70666,45.543773],[-73.706557,45.543782],[-73.706391,45.543792],[-73.706301,45.54381],[-73.706212,45.543828],[-73.706135,45.543864],[-73.705956,45.543946],[-73.705918,45.543964],[-73.705854,45.543991],[-73.705777,45.544009],[-73.705649,45.544126],[-73.70556,45.544144],[-73.705047,45.543992],[-73.704359,45.544217],[-73.70419,45.544273],[-73.704088,45.544336],[-73.704011,45.544372],[-73.703947,45.544408],[-73.703909,45.544453],[-73.703871,45.544516],[-73.703807,45.544588],[-73.703718,45.544651],[-73.703616,45.544715],[-73.7035,45.544769],[-73.703257,45.544805],[-73.703142,45.544805],[-73.703027,45.544797],[-73.702911,45.544761],[-73.702834,45.544716],[-73.702757,45.54468],[-73.702642,45.544671],[-73.702489,45.544735],[-73.702386,45.544816],[-73.702374,45.544861],[-73.702451,45.544924],[-73.702528,45.544969],[-73.702579,45.545004],[-73.70263,45.54504],[-73.702656,45.545085],[-73.702682,45.545139],[-73.702682,45.54522],[-73.702644,45.545292],[-73.70258,45.545346],[-73.702517,45.545454],[-73.702504,45.545508],[-73.702466,45.545572],[-73.702402,45.545644],[-73.702326,45.545698],[-73.702275,45.545734],[-73.702185,45.545815],[-73.70207,45.545887],[-73.701994,45.545941],[-73.701891,45.545959],[-73.701712,45.545969],[-73.701648,45.545969],[-73.701597,45.545969],[-73.701456,45.545969],[-73.701366,45.54596],[-73.701238,45.545988],[-73.701162,45.546051],[-73.70111,45.546096],[-73.701085,45.546141],[-73.701124,45.546195],[-73.701098,45.546267],[-73.701009,45.546348],[-73.700932,45.546402],[-73.700817,45.546492],[-73.700677,45.546565],[-73.700587,45.54661],[-73.700498,45.546628],[-73.700421,45.54661],[-73.700293,45.546565],[-73.700203,45.546529],[-73.700075,45.546485],[-73.699972,45.546476],[-73.699895,45.546476],[-73.699793,45.546467],[-73.699626,45.546494],[-73.699524,45.546539],[-73.699469,45.546566],[-73.699371,45.546612],[-73.699307,45.54663],[-73.699268,45.546639],[-73.699192,45.546666],[-73.699128,45.546675],[-73.699064,45.546684],[-73.699,45.546702],[-73.698846,45.546739],[-73.698757,45.546766],[-73.698616,45.546802],[-73.698462,45.546847],[-73.698424,45.546856],[-73.698321,45.546883],[-73.698194,45.546911],[-73.698129,45.54692],[-73.698014,45.54692],[-73.697899,45.54692],[-73.69772,45.546903],[-73.697655,45.546903],[-73.697412,45.546903],[-73.697284,45.54693],[-73.697169,45.546967],[-73.697105,45.546976],[-73.697041,45.546994],[-73.696964,45.547012],[-73.696824,45.547039],[-73.69676,45.547048],[-73.696683,45.547066],[-73.696606,45.547076],[-73.696452,45.547103],[-73.696376,45.547112],[-73.696312,45.54713],[-73.696248,45.547139],[-73.696094,45.547166],[-73.69594,45.547194],[-73.695889,45.547203],[-73.695838,45.547221],[-73.695685,45.547266],[-73.69557,45.547293],[-73.695429,45.54732],[-73.695365,45.547339],[-73.695301,45.547348],[-73.695224,45.547357],[-73.695096,45.547384],[-73.695019,45.547393],[-73.694904,45.54742],[-73.694763,45.54743],[-73.694673,45.54743],[-73.694558,45.547421],[-73.694379,45.547394],[-73.694174,45.547377],[-73.694033,45.547377],[-73.693854,45.547377],[-73.693738,45.547377],[-73.693636,45.547386],[-73.693457,45.547387],[-73.693393,45.547396],[-73.693329,45.547387],[-73.693252,45.547387],[-73.693162,45.547369],[-73.693098,45.547342],[-73.693021,45.547289],[-73.69297,45.547262],[-73.692905,45.547235],[-73.692841,45.547217],[-73.69279,45.547217],[-73.692739,45.547199],[-73.692649,45.547181],[-73.692611,45.547181],[-73.692521,45.547181],[-73.692444,45.547181],[-73.692367,45.547191],[-73.692291,45.5472],[-73.692227,45.547218],[-73.692163,45.547236],[-73.692086,45.547263],[-73.692022,45.547281],[-73.691907,45.547299],[-73.691804,45.5473],[-73.69174,45.547291],[-73.691625,45.547282],[-73.691535,45.547282],[-73.691446,45.547282],[-73.691356,45.547291],[-73.691228,45.547319],[-73.691139,45.547337],[-73.690998,45.547364],[-73.690908,45.547382],[-73.690819,45.547391],[-73.690742,45.5474],[-73.690665,45.547409],[-73.690601,45.547428],[-73.690524,45.547446],[-73.690447,45.547455],[-73.690371,45.547473],[-73.690307,45.547482],[-73.690243,45.547509],[-73.690089,45.547536],[-73.689936,45.547564],[-73.689871,45.547573],[-73.689795,45.547582],[-73.689679,45.547609],[-73.68959,45.547618],[-73.689513,45.547636],[-73.689436,45.547646],[-73.689391,45.547655],[-73.689347,45.547664],[-73.68927,45.547682],[-73.689206,45.547691],[-73.689142,45.5477],[-73.689027,45.5477],[-73.68895,45.547682],[-73.688886,45.547673],[-73.688809,45.547664],[-73.688745,45.547656],[-73.688655,45.547665],[-73.688591,45.547701],[-73.68854,45.547737],[-73.688489,45.547791],[-73.688438,45.547854],[-73.688374,45.547935],[-73.688336,45.54798],[-73.688298,45.548034],[-73.68826,45.548088],[-73.688208,45.548133],[-73.688157,45.54817],[-73.688106,45.548224],[-73.688068,45.548269],[-73.68803,45.548314],[-73.687979,45.548359],[-73.687915,45.548422],[-73.687762,45.548575],[-73.68766,45.548638],[-73.687596,45.548692],[-73.687544,45.548729],[-73.687455,45.548792],[-73.687404,45.548828],[-73.687315,45.548882],[-73.687251,45.548909],[-73.687135,45.548963],[-73.687059,45.54899],[-73.686944,45.549026],[-73.686867,45.549053],[-73.686752,45.549099],[-73.686675,45.549135],[-73.686598,45.549162],[-73.686521,45.54918],[-73.686445,45.549198],[-73.686355,45.549216],[-73.686291,45.549243],[-73.686214,45.54927],[-73.686125,45.549289],[-73.686048,45.549307],[-73.685971,45.549316],[-73.685907,45.549325],[-73.685741,45.549343],[-73.685626,45.549343],[-73.685561,45.549335],[-73.685497,45.549317],[-73.685408,45.549308],[-73.685344,45.549299],[-73.685241,45.54929],[-73.685177,45.549281],[-73.685062,45.549263],[-73.684998,45.549245],[-73.684921,45.549237],[-73.684818,45.549219],[-73.684754,45.549201],[-73.68469,45.549183],[-73.684626,45.549138],[-73.684562,45.549084],[-73.68451,45.549039],[-73.684472,45.548994],[-73.68442,45.54895],[-73.684356,45.548922],[-73.684292,45.548932],[-73.684215,45.548923],[-73.684151,45.548887],[-73.6841,45.548851],[-73.684036,45.548833],[-73.683972,45.548806],[-73.683895,45.548788],[-73.683805,45.548788],[-73.683741,45.548798],[-73.683664,45.548816],[-73.6836,45.548825],[-73.683536,45.548843],[-73.683472,45.548852],[-73.683396,45.54887],[-73.683331,45.548888],[-73.683278,45.548895],[-73.683255,45.548897],[-73.683139,45.548906],[-73.683063,45.548907],[-73.682935,45.548925],[-73.682845,45.548934],[-73.682755,45.548952],[-73.682691,45.548961],[-73.682627,45.54897],[-73.682525,45.548989],[-73.682448,45.549007],[-73.682371,45.549016],[-73.682243,45.549025],[-73.682167,45.549034],[-73.682103,45.549043],[-73.681949,45.54907],[-73.681885,45.549088],[-73.681808,45.549107],[-73.681731,45.549125],[-73.681616,45.549152],[-73.681552,45.54917],[-73.681488,45.549188],[-73.681373,45.549215],[-73.681309,45.549224],[-73.681194,45.549243],[-73.68113,45.549252],[-73.681028,45.54927],[-73.680951,45.549288],[-73.680836,45.549297],[-73.680759,45.549315],[-73.680682,45.549324],[-73.680618,45.549343],[-73.68049,45.54937],[-73.6804,45.549379],[-73.680336,45.549397],[-73.680272,45.549406],[-73.680208,45.549415],[-73.680144,45.549424],[-73.680067,45.549424],[-73.679991,45.549424],[-73.679927,45.549416],[-73.679863,45.549389],[-73.679798,45.54929],[-73.679811,45.549245],[-73.679823,45.5492],[-73.679874,45.549146],[-73.679951,45.54911],[-73.680002,45.549065],[-73.680028,45.549019],[-73.680002,45.548966],[-73.679963,45.54893],[-73.679951,45.548903],[-73.679899,45.548867],[-73.679835,45.54884],[-73.679771,45.548831],[-73.679643,45.548822],[-73.679566,45.548795],[-73.679515,45.548759],[-73.679476,45.548714],[-73.679438,45.548643],[-73.679386,45.548688],[-73.679322,45.548706],[-73.679258,45.548679],[-73.67922,45.548724],[-73.679246,45.548769],[-73.679233,45.548823],[-73.679195,45.548868],[-73.679189,45.548872],[-73.679144,45.548904],[-73.679105,45.548949],[-73.679118,45.548994],[-73.679144,45.549057],[-73.679183,45.549084],[-73.679234,45.54912],[-73.679273,45.549174],[-73.679311,45.549228],[-73.679324,45.549281],[-73.679337,45.549353],[-73.679325,45.549453],[-73.679312,45.549497],[-73.6793,45.549569],[-73.679287,45.549632],[-73.679274,45.549696],[-73.679262,45.549759],[-73.679249,45.549821],[-73.679236,45.549867],[-73.679211,45.54993],[-73.679198,45.549966],[-73.679147,45.550047],[-73.679122,45.550092],[-73.679096,45.550146],[-73.679045,45.5502],[-73.678994,45.550236],[-73.678943,45.550272],[-73.678879,45.550308],[-73.678815,45.550344],[-73.678764,45.550389],[-73.678713,45.550434],[-73.678649,45.550488],[-73.678598,45.550533],[-73.678534,45.550588],[-73.678483,45.550651],[-73.678419,45.550714],[-73.678356,45.550768],[-73.678305,45.550813],[-73.678202,45.550876],[-73.678138,45.55093],[-73.678049,45.551002],[-73.678011,45.551047],[-73.67796,45.55111],[-73.677921,45.551155],[-73.677883,45.5512],[-73.677832,45.551246],[-73.677794,45.551291],[-73.677653,45.551426],[-73.677602,45.551471],[-73.677551,45.551516],[-73.6775,45.55157],[-73.677436,45.551642],[-73.677385,45.551696],[-73.677309,45.551759],[-73.677258,45.551804],[-73.677181,45.551867],[-73.677117,45.551922],[-73.677066,45.551976],[-73.67704,45.552021],[-73.677002,45.552066],[-73.676964,45.552129],[-73.676951,45.552156],[-73.676948,45.55216],[-73.676913,45.552219],[-73.676862,45.552282],[-73.676798,45.552363],[-73.676773,45.552408],[-73.676747,45.552453],[-73.676696,45.552516],[-73.676658,45.55257],[-73.676607,45.552633],[-73.676581,45.552678],[-73.67653,45.552741],[-73.676492,45.552786],[-73.676441,45.552822],[-73.676364,45.552895],[-73.676326,45.552949],[-73.676249,45.553003],[-73.676198,45.553048],[-73.676134,45.553102],[-73.67607,45.553156],[-73.676007,45.553219],[-73.675968,45.553264],[-73.675905,45.553336],[-73.675853,45.553399],[-73.675802,45.553444],[-73.675751,45.553489],[-73.675687,45.553543],[-73.675649,45.553598],[-73.675598,45.553634],[-73.67556,45.553679],[-73.675509,45.553724],[-73.675445,45.553769],[-73.675394,45.553814],[-73.675355,45.553859],[-73.675304,45.553922],[-73.675266,45.553976],[-73.675228,45.554021],[-73.675177,45.554075],[-73.675113,45.554129],[-73.675062,45.554174],[-73.675011,45.554219],[-73.67496,45.554255],[-73.674921,45.5543],[-73.674857,45.554327],[-73.674832,45.554382],[-73.674781,45.554445],[-73.674743,45.55449],[-73.67473,45.554553],[-73.674692,45.554652],[-73.674666,45.554715],[-73.674641,45.55476],[-73.674603,45.554814],[-73.674552,45.554859],[-73.674475,45.554886],[-73.674449,45.554931],[-73.674411,45.554985],[-73.674373,45.55503],[-73.674347,45.555075],[-73.674271,45.555183],[-73.674245,45.555228],[-73.674207,45.555282],[-73.674182,45.555336],[-73.674156,45.55539],[-73.674131,45.555444],[-73.674093,45.555507],[-73.674067,45.555562],[-73.674029,45.555607],[-73.673991,45.555652],[-73.673978,45.555706],[-73.673952,45.555751],[-73.67394,45.555805],[-73.673927,45.55585],[-73.673914,45.555904],[-73.673902,45.555949],[-73.673902,45.556003],[-73.673902,45.556057],[-73.673889,45.556111],[-73.67389,45.556183],[-73.67389,45.556255],[-73.67389,45.556327],[-73.67389,45.55639],[-73.673891,45.556462],[-73.673904,45.556543],[-73.673891,45.556606],[-73.673878,45.55666],[-73.673878,45.556723],[-73.673879,45.556795],[-73.673879,45.556831],[-73.673879,45.556849],[-73.673866,45.556948],[-73.673854,45.557002],[-73.673828,45.557056],[-73.673816,45.557101],[-73.67379,45.557164],[-73.673777,45.557209],[-73.673765,45.557254],[-73.673752,45.557299],[-73.67374,45.557389],[-73.673714,45.557434],[-73.673689,45.557488],[-73.673676,45.557533],[-73.673651,45.557605],[-73.673625,45.55765],[-73.673587,45.557713],[-73.673574,45.557758],[-73.673536,45.55783],[-73.673511,45.557884],[-73.673473,45.557974],[-73.673434,45.558037],[-73.673409,45.558091],[-73.673383,45.558136],[-73.673371,45.55819],[-73.673345,45.558262],[-73.673333,45.558307],[-73.673307,45.558352],[-73.673282,45.558415],[-73.673256,45.558469],[-73.673205,45.558541],[-73.673167,45.558604],[-73.673154,45.558649],[-73.673116,45.558712],[-73.673078,45.558766],[-73.67304,45.558829],[-73.672976,45.55891],[-73.672925,45.558974],[-73.672861,45.559037],[-73.672823,45.559082],[-73.672772,45.559145],[-73.672721,45.559217],[-73.672682,45.559262],[-73.672618,45.559325],[-73.67258,45.55937],[-73.672529,45.559433],[-73.672465,45.559505],[-73.672427,45.55955],[-73.672376,45.559622],[-73.672325,45.559676],[-73.672287,45.55973],[-73.672257,45.559762],[-73.672236,45.559784],[-73.672172,45.559866],[-73.672121,45.559911],[-73.67207,45.559992],[-73.672006,45.560073],[-73.671955,45.560118],[-73.671916,45.560163],[-73.671865,45.560199],[-73.671801,45.560244],[-73.67175,45.56028],[-73.671699,45.560316],[-73.671635,45.56037],[-73.671469,45.560514],[-73.671418,45.56056],[-73.671367,45.560596],[-73.67129,45.560632],[-73.671214,45.560668],[-73.67115,45.560704],[-73.671099,45.560749],[-73.671047,45.560785],[-73.670971,45.560857],[-73.670907,45.560911],[-73.670856,45.560947],[-73.670817,45.560992],[-73.670766,45.561029],[-73.67069,45.561083],[-73.670638,45.561119],[-73.670498,45.561191],[-73.670281,45.561371],[-73.670076,45.561551],[-73.669744,45.561786],[-73.66945,45.562002],[-73.669105,45.562192],[-73.668836,45.562372],[-73.668465,45.562598],[-73.668095,45.562859],[-73.667737,45.56313],[-73.667558,45.563265],[-73.667417,45.563373],[-73.667366,45.563409],[-73.667302,45.563427],[-73.667238,45.563445],[-73.667187,45.563481],[-73.667136,45.563526],[-73.667072,45.563563],[-73.666995,45.563607],[-73.666931,45.563644],[-73.666854,45.563671],[-73.66679,45.563698],[-73.666726,45.563707],[-73.66665,45.563725],[-73.666547,45.563725],[-73.666483,45.563716],[-73.666393,45.563707],[-73.666303,45.563699],[-73.666188,45.563708],[-73.666111,45.563726],[-73.665919,45.563753],[-73.66583,45.563762],[-73.665766,45.563762],[-73.665702,45.563762],[-73.665625,45.563745],[-73.665292,45.563871],[-73.66519,45.563916],[-73.664998,45.563997],[-73.664704,45.564151],[-73.664448,45.564286],[-73.664345,45.56434],[-73.664233,45.564433],[-73.664192,45.564466],[-73.664013,45.564665],[-73.663886,45.5648],[-73.663694,45.565061],[-73.663503,45.565331],[-73.663439,45.565448],[-73.663376,45.565781],[-73.663199,45.56643],[-73.663212,45.566484],[-73.663431,45.567041],[-73.663534,45.567374],[-73.66356,45.567563],[-73.663561,45.567567],[-73.663587,45.56795],[-73.663549,45.567986],[-73.662948,45.568364],[-73.662846,45.568563],[-73.662821,45.568608],[-73.662782,45.568662],[-73.662744,45.568725],[-73.662718,45.56877],[-73.662693,45.568833],[-73.662668,45.568887],[-73.662642,45.568932],[-73.662629,45.568986],[-73.662604,45.569049],[-73.662591,45.569103],[-73.662579,45.569157],[-73.662566,45.569211],[-73.662553,45.569256],[-73.662554,45.569319],[-73.662554,45.569373],[-73.662554,45.569427],[-73.662567,45.569481],[-73.662478,45.569877],[-73.662466,45.569913],[-73.662466,45.570156],[-73.662506,45.570462],[-73.662544,45.570543],[-73.663045,45.571037],[-73.663432,45.571424],[-73.66442,45.572412],[-73.664459,45.572448],[-73.664677,45.572672],[-73.664896,45.572906],[-73.66496,45.572933],[-73.664998,45.572924],[-73.66505,45.57296],[-73.665088,45.573005],[-73.66514,45.573049],[-73.665191,45.573085],[-73.665242,45.573121],[-73.665281,45.573166],[-73.665332,45.57322],[-73.665384,45.573256],[-73.665435,45.573292],[-73.665512,45.573328],[-73.665563,45.573364],[-73.66564,45.573409],[-73.665705,45.573454],[-73.665769,45.573508],[-73.665795,45.573562],[-73.665833,45.573615],[-73.665859,45.573678],[-73.665872,45.573723],[-73.665898,45.573777],[-73.665936,45.573867],[-73.665962,45.573939],[-73.665975,45.573984],[-73.665975,45.574038],[-73.665975,45.574092],[-73.665911,45.574119],[-73.665873,45.574164],[-73.665861,45.574209],[-73.665835,45.574254],[-73.665822,45.574299],[-73.665784,45.574371],[-73.665746,45.574416],[-73.665695,45.574461],[-73.665656,45.574507],[-73.665605,45.57457],[-73.66558,45.574615],[-73.665541,45.57466],[-73.665478,45.574696],[-73.665452,45.574741],[-73.665432,45.574767],[-73.665335,45.574898],[-73.665324,45.574912],[-73.665273,45.574957],[-73.665209,45.575011],[-73.665171,45.575056],[-73.665133,45.575101],[-73.665107,45.575155],[-73.665095,45.5752],[-73.665043,45.575245],[-73.664979,45.575263],[-73.664954,45.575335],[-73.664941,45.57538],[-73.664916,45.575425],[-73.664865,45.575461],[-73.664826,45.575507],[-73.664788,45.575561],[-73.66475,45.575615],[-73.664699,45.575669],[-73.664648,45.575714],[-73.664609,45.575768],[-73.664558,45.57584],[-73.664533,45.575885],[-73.664494,45.575939],[-73.664444,45.576002],[-73.664418,45.576047],[-73.664393,45.576092],[-73.664342,45.576182],[-73.664303,45.576254],[-73.664278,45.576299],[-73.66424,45.576362],[-73.664214,45.576416],[-73.664176,45.576461],[-73.664138,45.576515],[-73.664099,45.576578],[-73.664061,45.576632],[-73.664023,45.576677],[-73.663997,45.576722],[-73.663959,45.576768],[-73.663908,45.576804],[-73.663856,45.57684],[-73.663805,45.576876],[-73.663742,45.576921],[-73.66369,45.576975],[-73.663652,45.57702],[-73.663614,45.577065],[-73.663588,45.57711],[-73.66355,45.577155],[-73.663486,45.577182],[-73.663422,45.577164],[-73.663345,45.5772],[-73.663294,45.577236],[-73.663256,45.577281],[-73.663204,45.577318],[-73.663153,45.577354],[-73.663064,45.577408],[-73.662987,45.577453],[-73.662923,45.577489],[-73.662859,45.577516],[-73.662808,45.577561],[-73.662757,45.577597],[-73.662693,45.577642],[-73.662642,45.577678],[-73.662578,45.577714],[-73.662514,45.577759],[-73.66245,45.577804],[-73.66236,45.577859],[-73.662322,45.577895],[-73.662271,45.577958],[-73.66222,45.578003],[-73.662181,45.578048],[-73.662156,45.578093],[-73.662105,45.578138],[-73.662092,45.578183],[-73.662105,45.578228],[-73.662169,45.578291],[-73.66217,45.578354],[-73.662157,45.578408],[-73.662119,45.578453],[-73.662093,45.578507],[-73.662068,45.578552],[-73.662004,45.578597],[-73.661978,45.578642],[-73.661914,45.578651],[-73.661888,45.578606],[-73.661824,45.578642],[-73.661761,45.578696],[-73.661697,45.57875],[-73.661658,45.578814],[-73.661607,45.578868],[-73.661543,45.578922],[-73.661492,45.578967],[-73.661441,45.579057],[-73.661429,45.579111],[-73.661429,45.579183],[-73.661454,45.579237],[-73.661442,45.579282],[-73.661416,45.579327],[-73.661391,45.579381],[-73.661365,45.579426],[-73.66134,45.579489],[-73.661314,45.579543],[-73.661289,45.579588],[-73.661276,45.579633],[-73.661251,45.579678],[-73.661212,45.579741],[-73.661187,45.579786],[-73.661174,45.579831],[-73.661162,45.579876],[-73.661149,45.579921],[-73.661085,45.579957],[-73.661021,45.579993],[-73.66097,45.580065],[-73.660932,45.58011],[-73.660893,45.580164],[-73.660842,45.580209],[-73.660791,45.580254],[-73.660714,45.5803],[-73.660676,45.580344],[-73.660638,45.580399],[-73.660612,45.580444],[-73.6606,45.580489],[-73.660561,45.580534],[-73.660536,45.580588],[-73.660485,45.580624],[-73.660421,45.58066],[-73.660363,45.580676],[-73.660357,45.580678],[-73.66028,45.580696],[-73.660203,45.580723],[-73.660113,45.580741],[-73.660049,45.580759],[-73.659973,45.580778],[-73.659896,45.580795],[-73.659832,45.580832],[-73.659768,45.580859],[-73.659704,45.580886],[-73.659652,45.580922],[-73.659601,45.580958],[-73.659563,45.581003],[-73.659499,45.58103],[-73.659435,45.581048],[-73.659371,45.581057],[-73.659307,45.581084],[-73.659281,45.581039],[-73.659345,45.581012],[-73.659409,45.580994],[-73.659473,45.580967],[-73.659499,45.580904],[-73.659255,45.58094],[-73.659025,45.580995],[-73.65882,45.581103],[-73.658526,45.581292],[-73.658155,45.581536],[-73.65772,45.581824],[-73.657528,45.581987],[-73.657337,45.58214],[-73.657272,45.58214],[-73.657221,45.582095],[-73.657144,45.582095],[-73.65708,45.58214],[-73.657042,45.582185],[-73.657004,45.58223],[-73.656991,45.582275],[-73.656991,45.582338],[-73.656978,45.582383],[-73.656966,45.582428],[-73.656953,45.582473],[-73.656876,45.582509],[-73.656812,45.582474],[-73.65685,45.582419],[-73.656889,45.582365],[-73.656901,45.582302],[-73.656901,45.582249],[-73.656914,45.582203],[-73.656927,45.582149],[-73.656952,45.582104],[-73.656914,45.582059],[-73.656849,45.582051],[-73.656888,45.581988],[-73.656913,45.581934],[-73.656964,45.581897],[-73.657028,45.581906],[-73.657093,45.581915],[-73.657157,45.581924],[-73.657169,45.581879],[-73.657169,45.581825],[-73.657246,45.58178],[-73.657284,45.581735],[-73.657322,45.581681],[-73.657386,45.5816],[-73.657425,45.581555],[-73.657463,45.58151],[-73.657488,45.581465],[-73.657501,45.581402],[-73.657539,45.58133],[-73.657591,45.581285],[-73.657667,45.581249],[-73.657731,45.581221],[-73.657847,45.581176],[-73.657936,45.581149],[-73.658,45.58114],[-73.658064,45.581131],[-73.658141,45.581113],[-73.658218,45.581104],[-73.658295,45.581086],[-73.658359,45.581077],[-73.658461,45.58105],[-73.658538,45.581013],[-73.658602,45.580977],[-73.658679,45.580923],[-73.658756,45.580878],[-73.658832,45.580842],[-73.658909,45.580815],[-73.658986,45.58077],[-73.659062,45.580734],[-73.659127,45.580707],[-73.659242,45.580662],[-73.659319,45.580634],[-73.659383,45.580607],[-73.659459,45.580562],[-73.659523,45.580517],[-73.6596,45.580481],[-73.659677,45.580445],[-73.659728,45.5804],[-73.659805,45.580346],[-73.65982,45.580327],[-73.659843,45.580301],[-73.659894,45.580247],[-73.659945,45.580175],[-73.659971,45.580121],[-73.659983,45.580076],[-73.660009,45.580031],[-73.660034,45.579986],[-73.660073,45.57994],[-73.660124,45.579877],[-73.660175,45.579832],[-73.6602,45.579778],[-73.660239,45.579724],[-73.660302,45.579643],[-73.660341,45.579589],[-73.660379,45.579544],[-73.660443,45.579463],[-73.660507,45.579391],[-73.660558,45.579328],[-73.660609,45.579274],[-73.660634,45.579229],[-73.660673,45.579157],[-73.660685,45.579112],[-73.660672,45.579067],[-73.660659,45.579022],[-73.660634,45.578977],[-73.660608,45.578905],[-73.660608,45.578851],[-73.66062,45.578797],[-73.660646,45.578752],[-73.660684,45.578707],[-73.660722,45.578653],[-73.660761,45.578608],[-73.660812,45.578554],[-73.660876,45.578518],[-73.660991,45.578445],[-73.661029,45.5784],[-73.66108,45.578346],[-73.661144,45.578265],[-73.661182,45.57822],[-73.661234,45.578157],[-73.661297,45.578076],[-73.661336,45.578013],[-73.661374,45.577959],[-73.661387,45.577905],[-73.661386,45.577851],[-73.661386,45.577788],[-73.661399,45.577716],[-73.661424,45.577671],[-73.661463,45.577617],[-73.661488,45.577572],[-73.661526,45.577509],[-73.661565,45.577446],[-73.661577,45.577401],[-73.661603,45.577365],[-73.661616,45.577329],[-73.661654,45.577284],[-73.661641,45.57723],[-73.66159,45.577194],[-73.661513,45.577167],[-73.661461,45.577113],[-73.661435,45.577068],[-73.661435,45.576996],[-73.661448,45.576951],[-73.661461,45.576906],[-73.661486,45.576861],[-73.661499,45.576816],[-73.66155,45.576726],[-73.661575,45.576672],[-73.661614,45.5766],[-73.661626,45.576555],[-73.661652,45.576492],[-73.661664,45.576447],[-73.66169,45.576366],[-73.661702,45.576321],[-73.661715,45.576267],[-73.661728,45.576222],[-73.661728,45.576141],[-73.661714,45.576069],[-73.661727,45.576006],[-73.66174,45.575952],[-73.661765,45.57588],[-73.661778,45.575835],[-73.661791,45.57579],[-73.661778,45.575745],[-73.661765,45.575682],[-73.661764,45.57561],[-73.661777,45.575547],[-73.661828,45.575502],[-73.661879,45.575358],[-73.661789,45.57534],[-73.661726,45.575484],[-73.661572,45.575448],[-73.661712,45.575133],[-73.661604,45.575112],[-73.661202,45.575034],[-73.661161,45.575026],[-73.661161,45.575071],[-73.661174,45.575125],[-73.661212,45.57517],[-73.661238,45.575224],[-73.661251,45.575287],[-73.661238,45.575332],[-73.661226,45.575386],[-73.661213,45.57544],[-73.661187,45.575494],[-73.661175,45.575539],[-73.661136,45.575584],[-73.661111,45.575638],[-73.661098,45.575683],[-73.661073,45.575728],[-73.661022,45.575791],[-73.660971,45.575836],[-73.66092,45.57589],[-73.660881,45.575944],[-73.660869,45.575989],[-73.660843,45.576052],[-73.660792,45.576106],[-73.660728,45.576151],[-73.660664,45.576187],[-73.6606,45.576196],[-73.6606,45.576295],[-73.660626,45.576322],[-73.660678,45.576394],[-73.660703,45.576457],[-73.660691,45.576511],[-73.660678,45.576556],[-73.660678,45.576619],[-73.660678,45.576673],[-73.660678,45.576727],[-73.660692,45.576772],[-73.660704,45.576817],[-73.660717,45.576871],[-73.66073,45.576916],[-73.660743,45.576961],[-73.660756,45.577006],[-73.660782,45.577123],[-73.660782,45.577204],[-73.660782,45.577258],[-73.66077,45.577393],[-73.660757,45.577447],[-73.660732,45.57751],[-73.660694,45.577555],[-73.660643,45.5776],[-73.660591,45.577636],[-73.660515,45.577681],[-73.660438,45.577717],[-73.660374,45.577753],[-73.660297,45.577799],[-73.660208,45.577844],[-73.660131,45.577862],[-73.660067,45.57788],[-73.660041,45.577925],[-73.660054,45.57797],[-73.660118,45.578015],[-73.660157,45.57806],[-73.660183,45.578105],[-73.660183,45.578159],[-73.66017,45.578213],[-73.660158,45.578267],[-73.660107,45.578312],[-73.660042,45.578357],[-73.660017,45.578402],[-73.659991,45.578447],[-73.659966,45.578501],[-73.659928,45.578573],[-73.659902,45.578627],[-73.659864,45.578672],[-73.659835,45.57872],[-73.659826,45.578735],[-73.659775,45.578789],[-73.659736,45.578834],[-73.659685,45.57887],[-73.659608,45.578897],[-73.659532,45.578933],[-73.659468,45.578951],[-73.659404,45.57897],[-73.65934,45.579006],[-73.659288,45.579042],[-73.659237,45.579078],[-73.659186,45.579123],[-73.659122,45.579141],[-73.659058,45.579159],[-73.65902,45.579204],[-73.659071,45.579249],[-73.659097,45.579294],[-73.659097,45.579357],[-73.659072,45.579402],[-73.65902,45.579447],[-73.658969,45.579492],[-73.658905,45.579519],[-73.658841,45.579546],[-73.65879,45.579582],[-73.658739,45.579618],[-73.658697,45.579648],[-73.658688,45.579654],[-73.65865,45.579699],[-73.658624,45.579753],[-73.658586,45.579798],[-73.658548,45.579844],[-73.658483,45.579853],[-73.658458,45.579808],[-73.658458,45.579754],[-73.658432,45.579709],[-73.65838,45.579655],[-73.658316,45.579628],[-73.658316,45.579682],[-73.658252,45.579646],[-73.658227,45.579691],[-73.658265,45.579736],[-73.658317,45.579772],[-73.658342,45.579817],[-73.658343,45.579871],[-73.658317,45.579925],[-73.658266,45.579988],[-73.658228,45.580033],[-73.658189,45.580078],[-73.658151,45.580132],[-73.658074,45.580195],[-73.65801,45.58024],[-73.657921,45.580285],[-73.657844,45.58034],[-73.65778,45.580385],[-73.657729,45.580421],[-73.657678,45.580457],[-73.657601,45.580502],[-73.65755,45.580556],[-73.657499,45.580601],[-73.657435,45.580646],[-73.657384,45.580691],[-73.65732,45.580745],[-73.657269,45.58079],[-73.657218,45.580826],[-73.657154,45.580889],[-73.657103,45.580934],[-73.657039,45.58097],[-73.656949,45.581016],[-73.656872,45.581043],[-73.656795,45.581061],[-73.656731,45.581088],[-73.656667,45.581115],[-73.656591,45.581124],[-73.656526,45.581142],[-73.656463,45.581169],[-73.656398,45.581196],[-73.656322,45.581223],[-73.656258,45.581233],[-73.656194,45.58125],[-73.656104,45.581305],[-73.656053,45.581341],[-73.656002,45.581377],[-73.655938,45.581422],[-73.655887,45.581458],[-73.655823,45.581494],[-73.655771,45.58153],[-73.655707,45.581566],[-73.655644,45.581593],[-73.655579,45.581602],[-73.655515,45.581575],[-73.655503,45.581629],[-73.655503,45.581683],[-73.655503,45.581737],[-73.655465,45.581782],[-73.655413,45.581837],[-73.65535,45.581855],[-73.655286,45.581873],[-73.655222,45.581918],[-73.655196,45.581972],[-73.655183,45.582017],[-73.655158,45.582062],[-73.655132,45.582116],[-73.655107,45.58217],[-73.655056,45.582233],[-73.65503,45.582278],[-73.655005,45.582323],[-73.654967,45.582368],[-73.654928,45.582413],[-73.654928,45.582467],[-73.654916,45.582512],[-73.65489,45.582584],[-73.654877,45.582638],[-73.654839,45.582692],[-73.654827,45.582746],[-73.654814,45.582791],[-73.654788,45.582845],[-73.654776,45.58289],[-73.654763,45.582935],[-73.654738,45.58298],[-73.654734,45.582987],[-73.654712,45.583025],[-73.654687,45.583088],[-73.654661,45.583142],[-73.654636,45.583187],[-73.654597,45.583241],[-73.654546,45.583277],[-73.654508,45.583323],[-73.654495,45.583377],[-73.65447,45.583431],[-73.654444,45.583484],[-73.654393,45.58353],[-73.654329,45.583584],[-73.654329,45.583584],[-73.654212,45.58336],[-73.652557,45.582689],[-73.651342,45.582125],[-73.651137,45.582095],[-73.650936,45.582011],[-73.650257,45.581673],[-73.649777,45.581472],[-73.649203,45.581332],[-73.648268,45.580951],[-73.647289,45.580482],[-73.645423,45.579713],[-73.644342,45.579254],[-73.644059,45.579073],[-73.641397,45.57806],[-73.64052,45.577661],[-73.64042,45.577741],[-73.640219,45.577608],[-73.639946,45.577468],[-73.639592,45.577316],[-73.639048,45.577083],[-73.638478,45.576856],[-73.637756,45.576555],[-73.636944,45.576222],[-73.636437,45.576014],[-73.636212,45.575919],[-73.636276,45.575844],[-73.636282,45.575838],[-73.636371,45.575733],[-73.636706,45.575333],[-73.637129,45.574826],[-73.637654,45.574198],[-73.638299,45.573427],[-73.639433,45.57207],[-73.639937,45.571467],[-73.640369,45.57095],[-73.640454,45.570851],[-73.64046,45.570844],[-73.640532,45.57076],[-73.641471,45.569639],[-73.642304,45.568646],[-73.642607,45.568284],[-73.642962,45.567861],[-73.643047,45.567761],[-73.643052,45.567755],[-73.643116,45.56768],[-73.643533,45.567178],[-73.644471,45.56605],[-73.644789,45.565645],[-73.645082,45.565221],[-73.645274,45.564915],[-73.64533,45.564826],[-73.645334,45.564819],[-73.645332,45.564818],[-73.64484,45.564608],[-73.644436,45.56444],[-73.642551,45.563633],[-73.64238,45.563556],[-73.640607,45.562788],[-73.639723,45.562405],[-73.637932,45.561629],[-73.636278,45.560911],[-73.633571,45.559738],[-73.631278,45.558742],[-73.628594,45.557575],[-73.627716,45.557193],[-73.62619,45.556528],[-73.62453,45.555804],[-73.623752,45.555477],[-73.622911,45.555127],[-73.622765,45.555089],[-73.622604,45.555074],[-73.621969,45.555053],[-73.621772,45.555049],[-73.621515,45.555012],[-73.621364,45.554973],[-73.621232,45.554929],[-73.62109,45.554858],[-73.621072,45.554842],[-73.621002,45.554778],[-73.620984,45.554753],[-73.621631,45.554484],[-73.621757,45.554429],[-73.622119,45.554272],[-73.622386,45.554154],[-73.622496,45.554101],[-73.622659,45.554023],[-73.62295,45.55388],[-73.623206,45.553746],[-73.623477,45.553602],[-73.623759,45.553451],[-73.625471,45.552512],[-73.626126,45.552155],[-73.626565,45.551915],[-73.626893,45.551735],[-73.627432,45.551437],[-73.627533,45.551381],[-73.62804,45.551119],[-73.628387,45.550962],[-73.62853,45.550898],[-73.62896,45.550723],[-73.629171,45.550645],[-73.629356,45.550581],[-73.629482,45.550541],[-73.629546,45.550521],[-73.629646,45.550489],[-73.6298,45.55044],[-73.630093,45.55036],[-73.630415,45.550287],[-73.630769,45.550214],[-73.631135,45.550147],[-73.631657,45.550064],[-73.632043,45.550011],[-73.632352,45.549954],[-73.632622,45.549897],[-73.632848,45.549852],[-73.633052,45.549797],[-73.633464,45.549684],[-73.633664,45.549623],[-73.633868,45.54955],[-73.634227,45.549415],[-73.634444,45.549324],[-73.634694,45.549212],[-73.634953,45.549081],[-73.635029,45.549043],[-73.635116,45.548995],[-73.635223,45.548936],[-73.63546,45.548789],[-73.635774,45.548574],[-73.635873,45.548493],[-73.636156,45.548264],[-73.636292,45.548134],[-73.63651,45.547917],[-73.636745,45.547658],[-73.636914,45.547462],[-73.63706,45.547293],[-73.637415,45.546881],[-73.637667,45.54659],[-73.637838,45.546391],[-73.638268,45.545891],[-73.638648,45.54545],[-73.638766,45.545313],[-73.6393,45.544692],[-73.639617,45.544323],[-73.63973,45.544192],[-73.639914,45.543979],[-73.640218,45.543606],[-73.640233,45.543584],[-73.640387,45.543367],[-73.640619,45.543035],[-73.640675,45.542949],[-73.640723,45.542875],[-73.641047,45.542374],[-73.641114,45.54227],[-73.641153,45.542209],[-73.641738,45.54129],[-73.641838,45.541132],[-73.641854,45.541108],[-73.641928,45.540994],[-73.642442,45.540202],[-73.642789,45.539666],[-73.643562,45.538448],[-73.643716,45.538204],[-73.643793,45.538084],[-73.644426,45.537104],[-73.645618,45.535249],[-73.645724,45.535085],[-73.64573,45.535076],[-73.645813,45.534947],[-73.646018,45.534628],[-73.646257,45.534258],[-73.646443,45.53397],[-73.646554,45.533794],[-73.646559,45.533786],[-73.646687,45.5336],[-73.646917,45.533273],[-73.647008,45.533141],[-73.64728,45.532758],[-73.647547,45.53236],[-73.647931,45.531786],[-73.648116,45.531512],[-73.648169,45.531426],[-73.648213,45.531355],[-73.648214,45.531355],[-73.648254,45.53129],[-73.648321,45.531183],[-73.64845,45.53097],[-73.648562,45.5308],[-73.648692,45.530602],[-73.64884,45.530377],[-73.648916,45.530276],[-73.649019,45.53014],[-73.649064,45.53008],[-73.649147,45.529983],[-73.649272,45.529839],[-73.649536,45.52953],[-73.649664,45.529395],[-73.649909,45.529136],[-73.649959,45.529082],[-73.650007,45.529025],[-73.650058,45.52896],[-73.650124,45.528875],[-73.65016,45.528822],[-73.650221,45.528733],[-73.650252,45.528683],[-73.650288,45.528625],[-73.650328,45.528558],[-73.650371,45.528479],[-73.650406,45.528405],[-73.650439,45.528333],[-73.650549,45.528082],[-73.650657,45.527823],[-73.650663,45.527805],[-73.650759,45.527572],[-73.650893,45.527243],[-73.650902,45.527238],[-73.651016,45.527186],[-73.651144,45.527137],[-73.651251,45.527102],[-73.651343,45.527074],[-73.651448,45.527053],[-73.651532,45.527036],[-73.65165,45.527019],[-73.651824,45.527004],[-73.651861,45.527003],[-73.651899,45.527043],[-73.651953,45.527104],[-73.651996,45.527148],[-73.652005,45.527157],[-73.652046,45.527195],[-73.652106,45.527247],[-73.652163,45.527292],[-73.652211,45.527329],[-73.65227,45.527369],[-73.652339,45.527413],[-73.652405,45.527453],[-73.65248,45.527493],[-73.652538,45.527522],[-73.652589,45.527546],[-73.652659,45.527577],[-73.65275,45.527612],[-73.652864,45.527652],[-73.652984,45.527684],[-73.653131,45.527722],[-73.653261,45.52775],[-73.653445,45.527779],[-73.653449,45.527779],[-73.653633,45.527803],[-73.653876,45.527395],[-73.654141,45.527477],[-73.65466,45.527623],[-73.655251,45.527796],[-73.656059,45.52803],[-73.656963,45.528296],[-73.657944,45.52858],[-73.65849,45.52874],[-73.660151,45.52921],[-73.661192,45.529514],[-73.661528,45.529612],[-73.661929,45.529729],[-73.662289,45.529831],[-73.662992,45.530038],[-73.663549,45.530198],[-73.663884,45.530297],[-73.664203,45.530391],[-73.664548,45.530488],[-73.665196,45.53068],[-73.665225,45.530689],[-73.667321,45.531309],[-73.667212,45.531503],[-73.667139,45.531633],[-73.667269,45.53167],[-73.667324,45.531686],[-73.669345,45.532271],[-73.669974,45.532413],[-73.670186,45.532463],[-73.670415,45.53251],[-73.670645,45.53255],[-73.670876,45.532586],[-73.671124,45.532624],[-73.671345,45.532655],[-73.671361,45.532657],[-73.671555,45.532683],[-73.671847,45.532714],[-73.67215,45.532742],[-73.672326,45.532757],[-73.672536,45.532769],[-73.672786,45.532785],[-73.673093,45.532798],[-73.67335,45.532807],[-73.673552,45.53281],[-73.673794,45.532805],[-73.673967,45.53279],[-73.674126,45.532761],[-73.67439,45.532715],[-73.674911,45.532685],[-73.675171,45.532664],[-73.675375,45.532643],[-73.675623,45.532616],[-73.675903,45.532582],[-73.676198,45.53254],[-73.676373,45.532511],[-73.676584,45.532473],[-73.676787,45.532429],[-73.676976,45.532389],[-73.677199,45.532341],[-73.677451,45.532285],[-73.678157,45.532122],[-73.679549,45.531801],[-73.679702,45.531765],[-73.681744,45.531292],[-73.682262,45.531171],[-73.682641,45.531082],[-73.682854,45.531033],[-73.683054,45.530988],[-73.683566,45.530871],[-73.684539,45.530645],[-73.684776,45.530591],[-73.68495,45.530554],[-73.685143,45.530516],[-73.685334,45.530482],[-73.68547,45.530261],[-73.685552,45.530169],[-73.686873,45.528756],[-73.686893,45.528758],[-73.686981,45.528771],[-73.687056,45.528779],[-73.687068,45.528781],[-73.687306,45.528807],[-73.687541,45.528833],[-73.688011,45.528876],[-73.688124,45.528883],[-73.688481,45.528902],[-73.689424,45.528937],[-73.689511,45.528937],[-73.689905,45.528936],[-73.690108,45.528928],[-73.690376,45.528917],[-73.690847,45.528899],[-73.691298,45.528869],[-73.691828,45.52882],[-73.692281,45.528769],[-73.692703,45.528708],[-73.692765,45.528699],[-73.692819,45.52869],[-73.693174,45.528635],[-73.693625,45.528552],[-73.694115,45.528455],[-73.694566,45.52835],[-73.694983,45.528243],[-73.695276,45.528166],[-73.695932,45.527954],[-73.696794,45.527655],[-73.698337,45.527098],[-73.698345,45.527095],[-73.698463,45.527053],[-73.698471,45.52705],[-73.69855,45.527022],[-73.698642,45.526989],[-73.699293,45.526757],[-73.699379,45.526725],[-73.700328,45.526378],[-73.700649,45.526263],[-73.701233,45.526055],[-73.701391,45.525998],[-73.706292,45.524234],[-73.706918,45.524008],[-73.707061,45.523957],[-73.707069,45.523954],[-73.707186,45.523912],[-73.707194,45.523909],[-73.707377,45.523843],[-73.708156,45.523564],[-73.709004,45.52326],[-73.709014,45.523256],[-73.709116,45.523221],[-73.709125,45.523218],[-73.711238,45.524541],[-73.711995,45.525017],[-73.712163,45.524869],[-73.713032,45.525216],[-73.71457,45.52386],[-73.716387,45.525034],[-73.717086,45.525463],[-73.718004,45.525133],[-73.718375,45.524855],[-73.721495,45.526721],[-73.722103,45.52641],[-73.722779,45.525838],[-73.725251,45.523754],[-73.725867,45.523259],[-73.727545,45.521712],[-73.728002,45.52129],[-73.731768,45.523689],[-73.732103,45.523432],[-73.732769,45.522975],[-73.733645,45.522324],[-73.733748,45.522251],[-73.73594,45.520771],[-73.729326,45.516305],[-73.729208,45.516226],[-73.729076,45.516146],[-73.728921,45.516052],[-73.733869,45.514283],[-73.736186,45.513455],[-73.743063,45.510975],[-73.743574,45.510791],[-73.746397,45.509773],[-73.748487,45.509019]]],[[[-73.715014,45.538314],[-73.714976,45.538368],[-73.714925,45.538413],[-73.714848,45.538458],[-73.714759,45.538476],[-73.714605,45.538477],[-73.714515,45.538477],[-73.714413,45.538477],[-73.714349,45.53845],[-73.714336,45.538396],[-73.714361,45.538315],[-73.71445,45.538252],[-73.714591,45.538171],[-73.714642,45.538135],[-73.714706,45.538062],[-73.71477,45.538026],[-73.71491,45.538008],[-73.715,45.538026],[-73.715052,45.538107],[-73.715065,45.53817],[-73.71504,45.538269],[-73.715014,45.538314]]],[[[-73.699257,45.547125],[-73.699296,45.54717],[-73.699309,45.547215],[-73.699322,45.547269],[-73.699335,45.547323],[-73.699322,45.547377],[-73.699297,45.547422],[-73.699271,45.547467],[-73.699246,45.54753],[-73.699195,45.547593],[-73.699118,45.547674],[-73.699041,45.547719],[-73.698952,45.547746],[-73.698862,45.547764],[-73.698773,45.547783],[-73.698619,45.547792],[-73.698491,45.547792],[-73.698414,45.547792],[-73.698337,45.547792],[-73.698171,45.547793],[-73.698094,45.547793],[-73.698017,45.547802],[-73.69794,45.547811],[-73.697787,45.547838],[-73.697723,45.547856],[-73.697608,45.547902],[-73.697518,45.547947],[-73.697416,45.547983],[-73.69725,45.548055],[-73.697096,45.5481],[-73.696956,45.548119],[-73.696904,45.548128],[-73.696853,45.548128],[-73.696751,45.548128],[-73.696661,45.548137],[-73.696584,45.548137],[-73.696456,45.548129],[-73.696379,45.54812],[-73.696315,45.548129],[-73.696251,45.548147],[-73.696162,45.548147],[-73.696059,45.548021],[-73.696046,45.547967],[-73.695981,45.547904],[-73.695917,45.547833],[-73.695904,45.547779],[-73.695981,45.547734],[-73.696096,45.547706],[-73.696186,45.547688],[-73.696352,45.547661],[-73.696582,45.547597],[-73.697695,45.547344],[-73.6979,45.547298],[-73.697964,45.54728],[-73.698067,45.547262],[-73.698195,45.547226],[-73.698297,45.547171],[-73.698361,45.547117],[-73.698412,45.547054],[-73.698476,45.547027],[-73.698552,45.547],[-73.698629,45.546982],[-73.698706,45.546973],[-73.698783,45.546964],[-73.698898,45.546954],[-73.698988,45.546954],[-73.699103,45.546954],[-73.699193,45.547026],[-73.699231,45.54708],[-73.699257,45.547125]]]]}},{"type":"Feature","properties":{"sector_id":"7"},"geometry":{"type":"Polygon","coordinates":[[[-73.634996,45.450661],[-73.633444,45.450063],[-73.633368,45.450034],[-73.632576,45.449729],[-73.632729,45.449684],[-73.632733,45.449683],[-73.632739,45.449681],[-73.632863,45.449644],[-73.632947,45.44962],[-73.632971,45.449613],[-73.633221,45.449543],[-73.633572,45.449444],[-73.633952,45.449305],[-73.634012,45.449283],[-73.634064,45.449265],[-73.634098,45.449252],[-73.634131,45.449241],[-73.63422,45.449212],[-73.634275,45.449195],[-73.634276,45.449194],[-73.634285,45.449192],[-73.634302,45.449187],[-73.634367,45.449168],[-73.634383,45.449164],[-73.634606,45.449099],[-73.634614,45.449097],[-73.634744,45.44906],[-73.634771,45.449051],[-73.634885,45.449018],[-73.635057,45.448966],[-73.635218,45.448918],[-73.635474,45.448842],[-73.635818,45.44874],[-73.635892,45.448717],[-73.63614,45.448643],[-73.636244,45.448612],[-73.636275,45.448601],[-73.636659,45.448467],[-73.636804,45.448415],[-73.636923,45.448374],[-73.636938,45.448368],[-73.637627,45.44799],[-73.639503,45.446962],[-73.63966,45.447012],[-73.639768,45.447045],[-73.639862,45.447076],[-73.639871,45.447079],[-73.639973,45.447111],[-73.639948,45.447344],[-73.641137,45.447823],[-73.643185,45.447848],[-73.643411,45.447817],[-73.643552,45.447823],[-73.643947,45.447837],[-73.648369,45.449077],[-73.652367,45.450541],[-73.652545,45.450606],[-73.65313,45.450802],[-73.654417,45.451321],[-73.654714,45.451428],[-73.655844,45.451836],[-73.655993,45.451911],[-73.656125,45.451976],[-73.656648,45.452157],[-73.658688,45.452871],[-73.66824,45.456607],[-73.66803,45.456833],[-73.667581,45.457313],[-73.66743,45.457596],[-73.659468,45.454553],[-73.659194,45.454843],[-73.658334,45.455758],[-73.658061,45.45604],[-73.658481,45.456198],[-73.659859,45.456724],[-73.661431,45.457297],[-73.661301,45.457376],[-73.6611,45.45752],[-73.660393,45.457955],[-73.660213,45.457974],[-73.659946,45.458057],[-73.659819,45.458117],[-73.659647,45.458305],[-73.659617,45.458387],[-73.659573,45.458485],[-73.658992,45.458841],[-73.658851,45.45895],[-73.658294,45.459319],[-73.658056,45.459486],[-73.657549,45.459626],[-73.657403,45.460152],[-73.657282,45.460586],[-73.657603,45.461453],[-73.657725,45.46166],[-73.657439,45.461827],[-73.656906,45.462133],[-73.655969,45.462672],[-73.655837,45.462775],[-73.655783,45.462849],[-73.65577,45.462866],[-73.655509,45.463206],[-73.65511,45.463724],[-73.65458,45.464412],[-73.65421,45.464803],[-73.654032,45.465019],[-73.653767,45.465377],[-73.653333,45.465966],[-73.653133,45.466246],[-73.652919,45.46656],[-73.652268,45.467414],[-73.652055,45.467605],[-73.651562,45.467909],[-73.651189,45.468126],[-73.650634,45.46846],[-73.650367,45.468642],[-73.650206,45.468792],[-73.649967,45.469158],[-73.649794,45.469589],[-73.649627,45.469952],[-73.64951,45.470127],[-73.649365,45.470317],[-73.649332,45.470355],[-73.649263,45.470435],[-73.649062,45.470602],[-73.648433,45.471105],[-73.648225,45.471278],[-73.6478,45.471617],[-73.647129,45.472137],[-73.646191,45.472877],[-73.645806,45.473166],[-73.644818,45.473618],[-73.644638,45.473755],[-73.644235,45.473928],[-73.64381,45.474114],[-73.643588,45.474218],[-73.643087,45.474462],[-73.642926,45.474549],[-73.642171,45.475027],[-73.642062,45.475088],[-73.641187,45.47565],[-73.640384,45.476172],[-73.639567,45.476661],[-73.639353,45.476702],[-73.638006,45.476735],[-73.636574,45.476788],[-73.635836,45.476824],[-73.635419,45.476872],[-73.634909,45.476974],[-73.633896,45.477293],[-73.632699,45.477708],[-73.632545,45.477746],[-73.63146,45.477963],[-73.630164,45.478199],[-73.629495,45.478311],[-73.628758,45.478426],[-73.627531,45.478683],[-73.626541,45.47889],[-73.626033,45.478964],[-73.625798,45.478963],[-73.625074,45.479076],[-73.624749,45.479158],[-73.6245,45.479242],[-73.624241,45.479343],[-73.623928,45.479489],[-73.623752,45.479588],[-73.623465,45.47982],[-73.622915,45.480427],[-73.622799,45.480555],[-73.622697,45.48067],[-73.622604,45.480775],[-73.622509,45.480884],[-73.622412,45.481016],[-73.622366,45.481144],[-73.622189,45.481313],[-73.621951,45.481541],[-73.620455,45.482608],[-73.619523,45.483213],[-73.618812,45.483455],[-73.618789,45.483457],[-73.618061,45.483519],[-73.617309,45.483448],[-73.616763,45.483397],[-73.616449,45.483432],[-73.616008,45.483481],[-73.615245,45.483795],[-73.615027,45.483885],[-73.612882,45.482932],[-73.612406,45.482702],[-73.613171,45.481536],[-73.613588,45.481039],[-73.613826,45.480756],[-73.614072,45.480463],[-73.613836,45.480356],[-73.613403,45.480158],[-73.613082,45.480012],[-73.612543,45.479766],[-73.610416,45.478812],[-73.609405,45.47839],[-73.608744,45.478081],[-73.608716,45.478068],[-73.607415,45.477472],[-73.605943,45.476819],[-73.605443,45.476721],[-73.604939,45.477092],[-73.604548,45.476913],[-73.603759,45.476554],[-73.603006,45.476217],[-73.602218,45.47587],[-73.602061,45.475759],[-73.60153,45.475517],[-73.601404,45.47547],[-73.601223,45.475432],[-73.600768,45.475123],[-73.600594,45.475056],[-73.597437,45.473844],[-73.597362,45.473792],[-73.595986,45.474702],[-73.595765,45.474849],[-73.595813,45.474739],[-73.595924,45.474483],[-73.596429,45.473322],[-73.596433,45.473312],[-73.596493,45.473177],[-73.596522,45.473175],[-73.596605,45.473199],[-73.596671,45.473164],[-73.598699,45.472074],[-73.598955,45.471946],[-73.599397,45.471724],[-73.599817,45.471421],[-73.601156,45.470199],[-73.601431,45.469977],[-73.601571,45.469864],[-73.601767,45.469704],[-73.602366,45.46922],[-73.602445,45.469156],[-73.602574,45.469051],[-73.602715,45.468938],[-73.603922,45.468168],[-73.607477,45.466249],[-73.609921,45.465053],[-73.612496,45.463898],[-73.613783,45.463362],[-73.613808,45.463352],[-73.61628,45.462389],[-73.618792,45.461458],[-73.62116,45.46031],[-73.628113,45.455481],[-73.628498,45.455144],[-73.628999,45.454696],[-73.630824,45.453016],[-73.631211,45.452706],[-73.631713,45.452418],[-73.633982,45.451238],[-73.634188,45.451213],[-73.634301,45.451207],[-73.634404,45.451229],[-73.634463,45.451241],[-73.634634,45.45131],[-73.635084,45.450695],[-73.634996,45.450661]]]}},{"type":"Feature","properties":{"sector_id":"8"},"geometry":{"type":"Polygon","coordinates":[[[-73.682663,45.453785],[-73.682801,45.45382],[-73.682847,45.453832],[-73.684107,45.454194],[-73.685615,45.454604],[-73.686276,45.454783],[-73.686348,45.454802],[-73.686343,45.454848],[-73.686278,45.455328],[-73.686079,45.456887],[-73.686069,45.456968],[-73.686062,45.457023],[-73.686052,45.457096],[-73.686043,45.457169],[-73.685857,45.458686],[-73.68578,45.45927],[-73.685753,45.459492],[-73.685719,45.4597],[-73.685656,45.460029],[-73.685576,45.460284],[-73.685363,45.460802],[-73.68513,45.461258],[-73.684466,45.462555],[-73.684215,45.46305],[-73.684084,45.463302],[-73.684042,45.463385],[-73.683921,45.46362],[-73.683896,45.463672],[-73.683618,45.464097],[-73.683507,45.464267],[-73.683472,45.464331],[-73.683147,45.464819],[-73.682943,45.465157],[-73.682677,45.465639],[-73.682423,45.466137],[-73.682299,45.466391],[-73.68205,45.466968],[-73.681824,45.467518],[-73.681788,45.467631],[-73.681592,45.468147],[-73.681571,45.468246],[-73.681327,45.469122],[-73.681209,45.46955],[-73.680106,45.473583],[-73.679493,45.475914],[-73.678963,45.477932],[-73.678963,45.477934],[-73.678932,45.478047],[-73.678453,45.479809],[-73.678351,45.480178],[-73.678072,45.481202],[-73.677981,45.481474],[-73.677937,45.481603],[-73.677897,45.481724],[-73.677838,45.481925],[-73.67747,45.483175],[-73.677285,45.483863],[-73.676689,45.486081],[-73.676348,45.487354],[-73.676284,45.487592],[-73.675272,45.491297],[-73.67526,45.491338],[-73.673807,45.490481],[-73.672506,45.489714],[-73.672384,45.489642],[-73.669466,45.48792],[-73.668328,45.486918],[-73.667724,45.486497],[-73.667649,45.486445],[-73.667575,45.486394],[-73.667492,45.486336],[-73.66743,45.486293],[-73.66737,45.486251],[-73.667282,45.48619],[-73.667202,45.486134],[-73.667119,45.486076],[-73.667035,45.486135],[-73.666956,45.486191],[-73.666865,45.486256],[-73.666792,45.486307],[-73.666729,45.486352],[-73.666676,45.486389],[-73.66661,45.486436],[-73.66625,45.486691],[-73.66469,45.487753],[-73.664484,45.487913],[-73.66306,45.489021],[-73.662656,45.489333],[-73.662556,45.489411],[-73.662017,45.489828],[-73.661693,45.490071],[-73.661261,45.490395],[-73.659345,45.491884],[-73.657611,45.493214],[-73.656227,45.494353],[-73.657019,45.494846],[-73.659315,45.496349],[-73.661759,45.497948],[-73.66304,45.49874],[-73.6618,45.499494],[-73.661898,45.499732],[-73.661977,45.499925],[-73.661908,45.500095],[-73.661953,45.500287],[-73.662189,45.500467],[-73.662143,45.501958],[-73.661873,45.502271],[-73.660742,45.502405],[-73.660186,45.503118],[-73.660022,45.504334],[-73.659808,45.50475],[-73.656466,45.503779],[-73.652028,45.504266],[-73.651823,45.504349],[-73.650104,45.503854],[-73.645624,45.501546],[-73.645347,45.501849],[-73.644588,45.502678],[-73.64354,45.503823],[-73.642878,45.504544],[-73.642621,45.504819],[-73.642419,45.505105],[-73.642263,45.505295],[-73.64239,45.505349],[-73.642493,45.505439],[-73.642338,45.505488],[-73.642358,45.505544],[-73.642374,45.505955],[-73.641469,45.506909],[-73.642441,45.507238],[-73.642128,45.507257],[-73.641974,45.507312],[-73.641849,45.507444],[-73.641689,45.507732],[-73.641428,45.508198],[-73.641356,45.508448],[-73.641239,45.508985],[-73.640217,45.509304],[-73.638614,45.510801],[-73.638006,45.511829],[-73.636799,45.513877],[-73.636565,45.514306],[-73.636517,45.514395],[-73.63645,45.514519],[-73.635675,45.514296],[-73.635629,45.514378],[-73.635429,45.514737],[-73.635276,45.514844],[-73.634737,45.515682],[-73.634265,45.515553],[-73.633329,45.515297],[-73.632374,45.515035],[-73.631481,45.514791],[-73.631344,45.514753],[-73.631001,45.514659],[-73.630881,45.514626],[-73.630313,45.51447],[-73.62932,45.514197],[-73.629001,45.514058],[-73.628295,45.514799],[-73.627952,45.515307],[-73.626992,45.516246],[-73.626756,45.516548],[-73.626614,45.516487],[-73.624713,45.515695],[-73.624585,45.515642],[-73.624366,45.515533],[-73.622617,45.514727],[-73.620764,45.513888],[-73.617964,45.512635],[-73.617641,45.512486],[-73.61796,45.512168],[-73.618675,45.511347],[-73.618682,45.511069],[-73.61692,45.510277],[-73.617337,45.509805],[-73.617491,45.509631],[-73.617893,45.509175],[-73.616053,45.508339],[-73.616488,45.507842],[-73.617095,45.507181],[-73.617701,45.506523],[-73.6183,45.50586],[-73.618858,45.505228],[-73.618983,45.505087],[-73.618684,45.504976],[-73.61818,45.504763],[-73.617534,45.505499],[-73.615695,45.507503],[-73.613484,45.510034],[-73.613048,45.510561],[-73.612193,45.510174],[-73.61167,45.509946],[-73.609974,45.509169],[-73.60679,45.507545],[-73.60283,45.505969],[-73.602502,45.506333],[-73.599674,45.505216],[-73.599344,45.505437],[-73.595071,45.503652],[-73.595482,45.503058],[-73.595541,45.502973],[-73.595888,45.502404],[-73.59636,45.502259],[-73.597502,45.501784],[-73.598655,45.501087],[-73.600504,45.499481],[-73.601558,45.498534],[-73.602021,45.498139],[-73.604505,45.495755],[-73.604703,45.495672],[-73.604879,45.495599],[-73.605163,45.495538],[-73.606199,45.495403],[-73.606498,45.495378],[-73.606724,45.495432],[-73.606797,45.495334],[-73.607095,45.494406],[-73.607149,45.494259],[-73.608102,45.493566],[-73.608594,45.493744],[-73.608775,45.493804],[-73.608843,45.493836],[-73.609238,45.494044],[-73.609804,45.493528],[-73.610535,45.492842],[-73.61144,45.491648],[-73.613944,45.492663],[-73.614819,45.493017],[-73.615059,45.492701],[-73.615491,45.492023],[-73.615648,45.491871],[-73.61637,45.491224],[-73.617405,45.490072],[-73.617994,45.489414],[-73.618237,45.48896],[-73.6184,45.488499],[-73.618409,45.488229],[-73.615319,45.486802],[-73.615648,45.486472],[-73.616313,45.485746],[-73.616904,45.485101],[-73.617201,45.484785],[-73.615881,45.484262],[-73.615027,45.483885],[-73.615245,45.483795],[-73.616008,45.483481],[-73.616449,45.483432],[-73.616763,45.483397],[-73.617309,45.483448],[-73.618061,45.483519],[-73.618789,45.483457],[-73.618812,45.483455],[-73.619523,45.483213],[-73.620455,45.482608],[-73.621951,45.481541],[-73.622189,45.481313],[-73.622366,45.481144],[-73.622412,45.481016],[-73.622509,45.480884],[-73.622604,45.480775],[-73.622697,45.48067],[-73.622799,45.480555],[-73.622915,45.480427],[-73.623465,45.47982],[-73.623752,45.479588],[-73.623928,45.479489],[-73.624241,45.479343],[-73.6245,45.479242],[-73.624749,45.479158],[-73.625074,45.479076],[-73.625798,45.478963],[-73.626033,45.478964],[-73.626541,45.47889],[-73.627531,45.478683],[-73.628758,45.478426],[-73.629495,45.478311],[-73.629993,45.478542],[-73.631017,45.478998],[-73.630734,45.479292],[-73.632303,45.480026],[-73.632422,45.48008],[-73.634239,45.480885],[-73.635613,45.481493],[-73.639227,45.483181],[-73.638918,45.48352],[-73.639633,45.483842],[-73.64198,45.484901],[-73.645087,45.486302],[-73.648199,45.487703],[-73.650846,45.488886],[-73.651044,45.488976],[-73.651611,45.488368],[-73.651582,45.488232],[-73.651753,45.488222],[-73.652395,45.487609],[-73.654348,45.4853],[-73.653936,45.485122],[-73.654882,45.484007],[-73.655616,45.484267],[-73.656029,45.48436],[-73.656217,45.484402],[-73.656214,45.484216],[-73.656139,45.482637],[-73.656095,45.481321],[-73.656088,45.480712],[-73.656081,45.480195],[-73.656074,45.479361],[-73.656073,45.479156],[-73.655891,45.479078],[-73.655855,45.479063],[-73.655189,45.478576],[-73.654981,45.478565],[-73.651624,45.47707],[-73.651528,45.477029],[-73.648105,45.475449],[-73.644235,45.473928],[-73.644638,45.473755],[-73.644818,45.473618],[-73.645806,45.473166],[-73.646191,45.472877],[-73.647129,45.472137],[-73.6478,45.471617],[-73.648225,45.471278],[-73.648433,45.471105],[-73.649062,45.470602],[-73.649263,45.470435],[-73.649332,45.470355],[-73.649365,45.470317],[-73.64951,45.470127],[-73.649627,45.469952],[-73.649794,45.469589],[-73.649967,45.469158],[-73.650206,45.468792],[-73.650367,45.468642],[-73.650634,45.46846],[-73.651189,45.468126],[-73.651562,45.467909],[-73.652055,45.467605],[-73.652268,45.467414],[-73.652919,45.46656],[-73.653133,45.466246],[-73.653333,45.465966],[-73.653767,45.465377],[-73.654032,45.465019],[-73.65421,45.464803],[-73.65458,45.464412],[-73.65511,45.463724],[-73.655509,45.463206],[-73.65577,45.462866],[-73.655783,45.462849],[-73.655837,45.462775],[-73.655969,45.462672],[-73.656906,45.462133],[-73.657439,45.461827],[-73.657725,45.46166],[-73.657603,45.461453],[-73.657282,45.460586],[-73.657403,45.460152],[-73.657549,45.459626],[-73.658056,45.459486],[-73.658294,45.459319],[-73.658851,45.45895],[-73.658992,45.458841],[-73.659573,45.458485],[-73.659617,45.458387],[-73.659647,45.458305],[-73.659819,45.458117],[-73.659946,45.458057],[-73.660213,45.457974],[-73.660393,45.457955],[-73.6611,45.45752],[-73.661301,45.457376],[-73.661431,45.457297],[-73.659859,45.456724],[-73.658481,45.456198],[-73.658061,45.45604],[-73.658334,45.455758],[-73.659194,45.454843],[-73.659468,45.454553],[-73.66743,45.457596],[-73.667581,45.457313],[-73.66803,45.456833],[-73.66824,45.456607],[-73.668588,45.456178],[-73.668998,45.455947],[-73.669376,45.455733],[-73.669564,45.455591],[-73.669812,45.455363],[-73.669839,45.455337],[-73.670006,45.455176],[-73.670103,45.455065],[-73.670158,45.454813],[-73.67154,45.453126],[-73.671716,45.452925],[-73.671727,45.4529],[-73.671811,45.452707],[-73.671828,45.452668],[-73.671853,45.45261],[-73.671871,45.452569],[-73.671879,45.452551],[-73.671986,45.452552],[-73.672217,45.452553],[-73.672389,45.452555],[-73.672538,45.452557],[-73.672936,45.452561],[-73.673173,45.452564],[-73.673669,45.452569],[-73.673767,45.452569],[-73.67411,45.452568],[-73.674969,45.452566],[-73.678009,45.45244],[-73.682054,45.453627],[-73.682177,45.453659],[-73.682353,45.453704],[-73.682663,45.453785]]]}},{"type":"Feature","properties":{"sector_id":"9"},"geometry":{"type":"MultiPolygon","coordinates":[[[[-73.650104,45.503854],[-73.651823,45.504349],[-73.652028,45.504266],[-73.656466,45.503779],[-73.659808,45.50475],[-73.660022,45.504334],[-73.660186,45.503118],[-73.660742,45.502405],[-73.661873,45.502271],[-73.662143,45.501958],[-73.662189,45.500467],[-73.661953,45.500287],[-73.661908,45.500095],[-73.661977,45.499925],[-73.661898,45.499732],[-73.6618,45.499494],[-73.66304,45.49874],[-73.661759,45.497948],[-73.659315,45.496349],[-73.657019,45.494846],[-73.656227,45.494353],[-73.657611,45.493214],[-73.659345,45.491884],[-73.661261,45.490395],[-73.661693,45.490071],[-73.662017,45.489828],[-73.662556,45.489411],[-73.662656,45.489333],[-73.66306,45.489021],[-73.664484,45.487913],[-73.66469,45.487753],[-73.66625,45.486691],[-73.66661,45.486436],[-73.666676,45.486389],[-73.666729,45.486352],[-73.666792,45.486307],[-73.666865,45.486256],[-73.666956,45.486191],[-73.667035,45.486135],[-73.667119,45.486076],[-73.667202,45.486134],[-73.667282,45.48619],[-73.66737,45.486251],[-73.66743,45.486293],[-73.667492,45.486336],[-73.667575,45.486394],[-73.667649,45.486445],[-73.667724,45.486497],[-73.668328,45.486918],[-73.669466,45.48792],[-73.672384,45.489642],[-73.672506,45.489714],[-73.673807,45.490481],[-73.67526,45.491338],[-73.675272,45.491297],[-73.676284,45.487592],[-73.676348,45.487354],[-73.676689,45.486081],[-73.677285,45.483863],[-73.67739,45.483947],[-73.677783,45.484259],[-73.678271,45.484536],[-73.678959,45.484997],[-73.683449,45.487997],[-73.686042,45.489445],[-73.686197,45.489507],[-73.686045,45.489565],[-73.685831,45.489644],[-73.685591,45.489727],[-73.685493,45.48976],[-73.685492,45.48976],[-73.685223,45.48985],[-73.684892,45.489961],[-73.68489,45.489961],[-73.684707,45.490023],[-73.684454,45.490108],[-73.68348,45.490436],[-73.683074,45.490574],[-73.682938,45.49062],[-73.682563,45.490753],[-73.682405,45.49082],[-73.682289,45.49087],[-73.682202,45.490907],[-73.681991,45.49101],[-73.681915,45.491048],[-73.681838,45.491089],[-73.681494,45.49126],[-73.680496,45.491993],[-73.680079,45.492325],[-73.679529,45.492798],[-73.679111,45.493107],[-73.678794,45.493356],[-73.678116,45.493871],[-73.677897,45.494039],[-73.677517,45.494325],[-73.677407,45.494404],[-73.676885,45.494831],[-73.67645,45.495174],[-73.675425,45.495963],[-73.674847,45.496337],[-73.674382,45.496647],[-73.674071,45.496865],[-73.673963,45.49694],[-73.67392,45.496972],[-73.673909,45.497016],[-73.673893,45.497078],[-73.673866,45.497181],[-73.673109,45.497772],[-73.673072,45.497801],[-73.672506,45.498248],[-73.672397,45.498334],[-73.670735,45.499642],[-73.670029,45.500219],[-73.669439,45.500692],[-73.669197,45.500881],[-73.668997,45.501072],[-73.668796,45.501229],[-73.668769,45.501249],[-73.668581,45.501392],[-73.668337,45.501594],[-73.66817,45.501723],[-73.667953,45.501898],[-73.667847,45.501974],[-73.667786,45.502019],[-73.667775,45.502027],[-73.667598,45.502148],[-73.667425,45.502245],[-73.667215,45.502341],[-73.667086,45.502393],[-73.66697,45.502432],[-73.666781,45.502487],[-73.666651,45.502516],[-73.666426,45.502549],[-73.666207,45.502566],[-73.665889,45.502577],[-73.665872,45.502589],[-73.665785,45.502657],[-73.665658,45.502758],[-73.665543,45.502866],[-73.66552,45.50289],[-73.665444,45.50297],[-73.665366,45.50306],[-73.665245,45.503236],[-73.665165,45.503374],[-73.665127,45.503453],[-73.665084,45.50356],[-73.665083,45.503562],[-73.66506,45.503621],[-73.665052,45.503644],[-73.665015,45.503751],[-73.664975,45.503896],[-73.664944,45.50401],[-73.664916,45.504123],[-73.664907,45.504157],[-73.664845,45.504321],[-73.664805,45.504406],[-73.664745,45.504493],[-73.664656,45.504692],[-73.664636,45.504733],[-73.664597,45.504807],[-73.664548,45.504895],[-73.664533,45.504919],[-73.664445,45.505062],[-73.664376,45.505173],[-73.664366,45.505189],[-73.663765,45.506147],[-73.663447,45.506688],[-73.663071,45.507338],[-73.662893,45.507631],[-73.662777,45.507821],[-73.662662,45.50801],[-73.662436,45.508376],[-73.662378,45.508466],[-73.662298,45.50859],[-73.662098,45.508902],[-73.662012,45.509035],[-73.661709,45.509509],[-73.661669,45.509572],[-73.661614,45.509658],[-73.661271,45.51019],[-73.660961,45.510672],[-73.660544,45.511332],[-73.660192,45.51188],[-73.659012,45.513751],[-73.658762,45.514144],[-73.658706,45.514233],[-73.65864,45.51436],[-73.658604,45.514423],[-73.658545,45.514519],[-73.658473,45.514641],[-73.658044,45.515294],[-73.657405,45.516246],[-73.657321,45.516372],[-73.657007,45.516824],[-73.656984,45.516859],[-73.656324,45.517842],[-73.656188,45.518046],[-73.655567,45.518981],[-73.655366,45.519283],[-73.655125,45.519659],[-73.654884,45.520036],[-73.653789,45.521746],[-73.653302,45.522525],[-73.652877,45.52324],[-73.652787,45.523391],[-73.652699,45.523539],[-73.652419,45.524023],[-73.652244,45.524323],[-73.652132,45.52451],[-73.652042,45.52466],[-73.651977,45.524771],[-73.651918,45.524871],[-73.651865,45.524963],[-73.651808,45.525068],[-73.651772,45.525137],[-73.65167,45.52533],[-73.651666,45.525339],[-73.651563,45.525575],[-73.650995,45.526992],[-73.650893,45.527243],[-73.650759,45.527572],[-73.650663,45.527805],[-73.650657,45.527823],[-73.650549,45.528082],[-73.650439,45.528333],[-73.650406,45.528405],[-73.650371,45.528479],[-73.650328,45.528558],[-73.650288,45.528625],[-73.650252,45.528683],[-73.650221,45.528733],[-73.65016,45.528822],[-73.650124,45.528875],[-73.650058,45.52896],[-73.650007,45.529025],[-73.649959,45.529082],[-73.649909,45.529136],[-73.649664,45.529395],[-73.649536,45.52953],[-73.649272,45.529839],[-73.649147,45.529983],[-73.649064,45.53008],[-73.649019,45.53014],[-73.648946,45.530126],[-73.648934,45.530124],[-73.648807,45.530101],[-73.648629,45.530093],[-73.648588,45.530091],[-73.648536,45.530101],[-73.648355,45.530134],[-73.648121,45.530192],[-73.647887,45.530262],[-73.647699,45.53031],[-73.647497,45.53033],[-73.647388,45.530495],[-73.647312,45.530582],[-73.647192,45.530476],[-73.64701,45.53039],[-73.646786,45.530304],[-73.644004,45.52951],[-73.641607,45.528814],[-73.640912,45.528612],[-73.640461,45.528481],[-73.638208,45.527826],[-73.637848,45.527721],[-73.63735,45.527577],[-73.63468,45.526802],[-73.631581,45.525902],[-73.627783,45.5248],[-73.626243,45.524359],[-73.625855,45.524246],[-73.625642,45.524178],[-73.625456,45.524125],[-73.624573,45.523874],[-73.624019,45.523715],[-73.623759,45.523654],[-73.623169,45.523483],[-73.622753,45.523376],[-73.622056,45.524098],[-73.620701,45.523608],[-73.620537,45.523549],[-73.620132,45.524001],[-73.618562,45.525753],[-73.61841,45.525923],[-73.61814,45.526226],[-73.617464,45.526986],[-73.617297,45.527223],[-73.61718,45.5274],[-73.617114,45.527519],[-73.617041,45.527688],[-73.617039,45.527692],[-73.616922,45.527659],[-73.616642,45.52758],[-73.614763,45.526754],[-73.613459,45.526182],[-73.612309,45.525666],[-73.612189,45.52562],[-73.612117,45.525592],[-73.610837,45.525015],[-73.608002,45.523769],[-73.606167,45.522932],[-73.60284,45.521476],[-73.598354,45.519489],[-73.597924,45.519304],[-73.597484,45.519114],[-73.597054,45.518915],[-73.596609,45.51871],[-73.596544,45.518586],[-73.596246,45.518453],[-73.595933,45.518314],[-73.595253,45.51801],[-73.593298,45.517137],[-73.59239,45.516776],[-73.591479,45.516161],[-73.591332,45.516153],[-73.591241,45.516138],[-73.591117,45.516114],[-73.590674,45.515948],[-73.590263,45.515779],[-73.590401,45.515549],[-73.590468,45.51546],[-73.590704,45.515189],[-73.590812,45.515088],[-73.590883,45.515044],[-73.591307,45.514793],[-73.591336,45.514773],[-73.591462,45.5147],[-73.591623,45.514647],[-73.591772,45.514604],[-73.591935,45.514591],[-73.592386,45.514599],[-73.595053,45.514696],[-73.596695,45.514674],[-73.596879,45.514665],[-73.597055,45.514642],[-73.597211,45.514605],[-73.59738,45.514554],[-73.597557,45.514476],[-73.597889,45.514262],[-73.598075,45.514124],[-73.598606,45.513603],[-73.599194,45.513002],[-73.597487,45.51325],[-73.596887,45.512862],[-73.597052,45.511781],[-73.596219,45.511072],[-73.595079,45.510919],[-73.593607,45.510619],[-73.594059,45.510234],[-73.594167,45.509759],[-73.591665,45.508222],[-73.595071,45.503652],[-73.599344,45.505437],[-73.599674,45.505216],[-73.602502,45.506333],[-73.60283,45.505969],[-73.60679,45.507545],[-73.609974,45.509169],[-73.61167,45.509946],[-73.612193,45.510174],[-73.613048,45.510561],[-73.613484,45.510034],[-73.615695,45.507503],[-73.617534,45.505499],[-73.61818,45.504763],[-73.618684,45.504976],[-73.618983,45.505087],[-73.618858,45.505228],[-73.6183,45.50586],[-73.617701,45.506523],[-73.617095,45.507181],[-73.616488,45.507842],[-73.616053,45.508339],[-73.617893,45.509175],[-73.617491,45.509631],[-73.617337,45.509805],[-73.61692,45.510277],[-73.618682,45.511069],[-73.618675,45.511347],[-73.61796,45.512168],[-73.617641,45.512486],[-73.617964,45.512635],[-73.620764,45.513888],[-73.622617,45.514727],[-73.624366,45.515533],[-73.624585,45.515642],[-73.624713,45.515695],[-73.626614,45.516487],[-73.626756,45.516548],[-73.626992,45.516246],[-73.627952,45.515307],[-73.628295,45.514799],[-73.629001,45.514058],[-73.62932,45.514197],[-73.630313,45.51447],[-73.630881,45.514626],[-73.631001,45.514659],[-73.631344,45.514753],[-73.631481,45.514791],[-73.632374,45.515035],[-73.633329,45.515297],[-73.634265,45.515553],[-73.634737,45.515682],[-73.635276,45.514844],[-73.635429,45.514737],[-73.635629,45.514378],[-73.635675,45.514296],[-73.63645,45.514519],[-73.636517,45.514395],[-73.636565,45.514306],[-73.636799,45.513877],[-73.638006,45.511829],[-73.638614,45.510801],[-73.640217,45.509304],[-73.641239,45.508985],[-73.641356,45.508448],[-73.641428,45.508198],[-73.641689,45.507732],[-73.641849,45.507444],[-73.641974,45.507312],[-73.642128,45.507257],[-73.642441,45.507238],[-73.641469,45.506909],[-73.642374,45.505955],[-73.642358,45.505544],[-73.642338,45.505488],[-73.642493,45.505439],[-73.64239,45.505349],[-73.642263,45.505295],[-73.642419,45.505105],[-73.642621,45.504819],[-73.642878,45.504544],[-73.64354,45.503823],[-73.644588,45.502678],[-73.645347,45.501849],[-73.645624,45.501546],[-73.650104,45.503854]]],[[[-73.630164,45.478199],[-73.63146,45.477963],[-73.632545,45.477746],[-73.632699,45.477708],[-73.633896,45.477293],[-73.634909,45.476974],[-73.635419,45.476872],[-73.635836,45.476824],[-73.636574,45.476788],[-73.638006,45.476735],[-73.639353,45.476702],[-73.639567,45.476661],[-73.640384,45.476172],[-73.641187,45.47565],[-73.642062,45.475088],[-73.642171,45.475027],[-73.642926,45.474549],[-73.643087,45.474462],[-73.643588,45.474218],[-73.64381,45.474114],[-73.644235,45.473928],[-73.648105,45.475449],[-73.651528,45.477029],[-73.651624,45.47707],[-73.654981,45.478565],[-73.655189,45.478576],[-73.655855,45.479063],[-73.655891,45.479078],[-73.656073,45.479156],[-73.656074,45.479361],[-73.656081,45.480195],[-73.656088,45.480712],[-73.656095,45.481321],[-73.656139,45.482637],[-73.656214,45.484216],[-73.656217,45.484402],[-73.656029,45.48436],[-73.655616,45.484267],[-73.654882,45.484007],[-73.653936,45.485122],[-73.654348,45.4853],[-73.652395,45.487609],[-73.651753,45.488222],[-73.651582,45.488232],[-73.651611,45.488368],[-73.651044,45.488976],[-73.650846,45.488886],[-73.648199,45.487703],[-73.645087,45.486302],[-73.64198,45.484901],[-73.639633,45.483842],[-73.638918,45.48352],[-73.639227,45.483181],[-73.635613,45.481493],[-73.634239,45.480885],[-73.632422,45.48008],[-73.632303,45.480026],[-73.630734,45.479292],[-73.631017,45.478998],[-73.629993,45.478542],[-73.629495,45.478311],[-73.630164,45.478199]]],[[[-73.613082,45.480012],[-73.613403,45.480158],[-73.613836,45.480356],[-73.614072,45.480463],[-73.613826,45.480756],[-73.613588,45.481039],[-73.613171,45.481536],[-73.612406,45.482702],[-73.612882,45.482932],[-73.615027,45.483885],[-73.615881,45.484262],[-73.617201,45.484785],[-73.616904,45.485101],[-73.616313,45.485746],[-73.615648,45.486472],[-73.615319,45.486802],[-73.618409,45.488229],[-73.6184,45.488499],[-73.618237,45.48896],[-73.617994,45.489414],[-73.617405,45.490072],[-73.61637,45.491224],[-73.615648,45.491871],[-73.615491,45.492023],[-73.615059,45.492701],[-73.614819,45.493017],[-73.613944,45.492663],[-73.61144,45.491648],[-73.610535,45.492842],[-73.609804,45.493528],[-73.609238,45.494044],[-73.608843,45.493836],[-73.608775,45.493804],[-73.608594,45.493744],[-73.608102,45.493566],[-73.607149,45.494259],[-73.607095,45.494406],[-73.606797,45.495334],[-73.606724,45.495432],[-73.606498,45.495378],[-73.606256,45.495319],[-73.605967,45.495286],[-73.605194,45.495254],[-73.605123,45.495251],[-73.60385,45.495198],[-73.603481,45.495183],[-73.603171,45.495193],[-73.602937,45.495235],[-73.602883,45.495051],[-73.602277,45.494612],[-73.602263,45.49457],[-73.600893,45.494264],[-73.60104,45.493854],[-73.600707,45.49349],[-73.600395,45.493358],[-73.59995,45.493169],[-73.599439,45.49295],[-73.598484,45.492557],[-73.598377,45.492493],[-73.597176,45.491996],[-73.596501,45.491739],[-73.596081,45.492174],[-73.595681,45.4926],[-73.5949,45.492358],[-73.594102,45.492109],[-73.593397,45.49189],[-73.592497,45.491609],[-73.591271,45.491213],[-73.589766,45.490727],[-73.588871,45.490436],[-73.586338,45.489615],[-73.584824,45.489157],[-73.58474,45.489105],[-73.584075,45.488893],[-73.583722,45.488765],[-73.582392,45.488357],[-73.583088,45.488156],[-73.582999,45.488073],[-73.582259,45.487488],[-73.58186,45.487179],[-73.58166,45.486998],[-73.581528,45.486858],[-73.581477,45.486791],[-73.581331,45.486598],[-73.581221,45.486455],[-73.581134,45.48634],[-73.581111,45.486311],[-73.581025,45.486198],[-73.580972,45.486128],[-73.580593,45.485633],[-73.580644,45.485585],[-73.58072,45.485533],[-73.581467,45.485014],[-73.581699,45.484853],[-73.582393,45.484371],[-73.583089,45.483888],[-73.5833,45.483741],[-73.583985,45.483266],[-73.584273,45.483066],[-73.584581,45.482765],[-73.585124,45.482232],[-73.58528,45.482334],[-73.585572,45.48248],[-73.586118,45.482719],[-73.586439,45.482516],[-73.587725,45.481701],[-73.587765,45.481679],[-73.587755,45.48168],[-73.587855,45.481611],[-73.587938,45.481555],[-73.588285,45.481316],[-73.588406,45.481232],[-73.588512,45.48116],[-73.588631,45.481078],[-73.590795,45.47959],[-73.592382,45.478411],[-73.593829,45.47736],[-73.594754,45.475589],[-73.595544,45.475011],[-73.595765,45.474849],[-73.595986,45.474702],[-73.597362,45.473792],[-73.597437,45.473844],[-73.600594,45.475056],[-73.600768,45.475123],[-73.601223,45.475432],[-73.601404,45.47547],[-73.60153,45.475517],[-73.602061,45.475759],[-73.602218,45.47587],[-73.603006,45.476217],[-73.603759,45.476554],[-73.604548,45.476913],[-73.604939,45.477092],[-73.605443,45.476721],[-73.605943,45.476819],[-73.607415,45.477472],[-73.608716,45.478068],[-73.608744,45.478081],[-73.609405,45.47839],[-73.610416,45.478812],[-73.612543,45.479766],[-73.613082,45.480012]]]]}}]}